waybill_no,waybill_id,n_raw,n_clean,n_stops,n_anchors
Y250411113343,4091,121,121,5,10
Y250411426496,4090,113,113,5,10
Y250412126408,4131,618,586,7,14
Y250412602641,4098,1181,1141,17,35
Y250412608452,4130,1009,1001,7,16
Y250412908027,4107,722,718,10,22
Y250413153063,4143,1876,1819,23,47
Y250413187975,4183,641,639,1,2
Y250413219048,4150,522,520,10,21
Y250413316342,4185,1814,1804,7,15
Y250413663022,4151,272,268,11,22
Y250413721471,4186,609,572,11,22
Y250413736798,4174,207,207,1,2
Y250413786697,4159,320,246,4,9
Y250413807994,4187,789,789,14,29
Y250413850229,4146,386,384,1,2
Y250413900287,4138,594,573,10,22
Y250413903913,4175,1564,1550,19,40
Y250413994011,4145,469,397,11,23
Y250413995766,4182,1126,1087,20,41
Y250414138308,4217,528,524,8,16
Y250414215102,4197,1411,1403,9,20
Y250414279211,4231,517,507,4,10
Y250414290501,4199,618,608,12,25
Y250414291529,4216,682,672,13,28
Y250414508143,4218,276,276,1,2
Y250414569736,4193,377,357,4,8
Y250414812841,4225,632,630,9,20
Y250414875847,4226,659,622,7,16
Y250415018819,4269,356,344,8,16
Y250415022894,4312,1197,1191,10,21
Y250415525574,4275,872,840,12,26
Y250415610199,4253,1013,997,9,20
Y250415706727,4307,261,261,1,2
Y250415779990,4248,410,374,12,26
Y250415873505,4309,2276,2270,18,38
Y250416074135,4467,941,929,9,20
Y250416217660,4470,522,522,6,12
Y250416295428,4378,223,223,1,2
Y250416367956,4327,829,820,17,36
Y250416413529,4433,797,793,5,11
Y250416582481,4442,514,508,9,19
Y250416653087,4443,1830,1794,24,49
Y250416678146,4466,216,216,1,2
Y250416900846,4329,820,820,8,18
Y250417050598,4490,800,711,12,26
Y250417114442,4485,566,548,14,30
Y250417212315,4486,233,233,10,22
Y250417219177,4539,645,635,9,19
Y250417287983,4513,601,584,9,20
Y250417301886,4487,792,752,15,30
Y250417382508,4553,498,498,1,2
Y250417393803,4559,810,794,7,16
Y250417445423,4514,378,374,3,7
Y250417459242,4556,669,643,16,33
Y250417613494,4510,476,472,14,29
Y250417622072,4525,372,366,12,26
Y250417885815,4546,1910,1910,31,64
Y250417891472,4544,307,305,9,20
Y250417938175,4479,441,392,9,20
Y250418048488,4644,323,313,5,11
Y250418237189,4569,859,849,7,16
Y250418276643,4678,813,813,1,2
Y250418295422,4685,760,748,15,32
Y250418406904,4600,417,413,10,20
Y250418420553,4658,818,756,11,23
Y250418532998,4667,840,781,17,35
Y250418654687,4633,323,317,14,30
Y250418997019,4567,528,505,8,18
Y250419166045,4748,697,665,19,39
Y250419236958,4709,626,606,10,22
Y250419272654,4734,327,327,6,13
Y250419409627,4731,550,548,1,2
Y250419728840,4715,962,920,12,25
Y250419818417,4768,918,910,13,27
Y250419864467,4727,532,532,8,17
Y250419908473,4717,1179,1171,10,22
Y250420011252,4785,1109,1109,16,34
Y250420080462,4887,402,402,12,24
Y250420177069,4786,1217,1195,14,30
Y250420279710,4800,424,416,11,22
Y250420448863,4815,640,630,18,36
Y250420467336,4795,406,302,6,12
Y250420588992,4804,1104,1039,20,41
Y250420808279,4875,684,616,14,30
Y250420883301,4829,116,116,1,2
Y250421131288,4970,283,281,1,2
Y250421396847,4910,685,666,12,26
Y250421588795,4895,217,215,2,5
Y250421695666,4899,629,587,7,15
Y250421709507,4978,634,624,7,15
Y250421769605,5030,210,188,6,14
Y250421962522,5012,495,465,10,20
Y250422017761,5149,248,236,12,26
Y250422021353,5187,437,437,2,5
Y250422101324,5112,561,516,7,16
Y250422174039,5049,150,134,2,6
Y250422274760,5057,482,424,10,22
Y250422360733,5166,281,251,2,6
Y250422373136,5194,1229,1120,16,33
Y250422434436,5197,792,602,1,4
Y250422504463,5075,172,165,2,6
Y250422521738,5100,766,702,13,27
Y250422563975,5158,661,642,11,23
Y250422572052,5163,832,826,8,18
Y250422665979,5196,167,167,9,19
Y250422733076,5195,367,338,12,25
Y250422908972,5079,151,151,1,3
Y250423068106,5330,1073,1049,16,34
Y250423074598,5304,831,799,3,6
Y250423190610,5334,433,415,7,15
Y250423202893,5201,568,538,8,18
Y250423330867,5238,1461,1438,15,31
Y250423350659,5325,486,461,11,24
Y250423439858,5315,1874,1801,13,28
Y250423476367,5272,340,334,15,32
Y250423503086,5220,1241,1223,16,34
Y250423532360,5291,728,728,12,24
Y250423580439,5235,615,571,13,27
Y250423629924,5227,767,721,12,26
Y250423658047,5324,858,829,12,24
Y250423813530,5219,546,546,5,12
Y250423862181,5312,862,856,17,34
Y250423999357,5237,714,694,12,25
Y250424067798,5357,880,862,11,24
Y250424080850,5457,746,720,11,24
Y250424149115,5409,1223,1201,14,30
Y250424181994,5495,854,710,10,22
Y250424263653,5343,211,209,3,7
Y250424363165,5450,292,288,10,21
Y250424576689,5445,352,304,3,8
Y250424609241,5487,418,418,1,2
Y250424733086,5358,455,380,1,2
Y250424752815,5407,548,521,13,28
Y250424882111,5469,722,704,10,22
Y250424883586,5431,258,236,2,6
Y250424902670,5475,360,358,6,13
Y250424970088,5497,181,181,6,13
Y250425034005,5547,595,565,8,17
Y250425183638,5516,581,550,10,21
Y250425199478,5575,502,498,10,21
Y250425233660,5517,794,780,9,20
Y250425358609,5588,412,364,5,11
Y250425382242,5571,648,612,9,20
Y250425424316,5556,407,403,10,21
Y250425450147,5592,230,200,2,6
Y250425595393,5593,716,603,7,15
Y250425611563,5581,670,650,6,14
Y250425693976,5511,512,467,10,22
Y250425728184,5562,559,506,6,13
Y250425814260,5500,405,389,6,14
Y250425956565,5514,593,575,13,27
Y250426058199,5674,953,947,11,24
Y250426156822,5620,642,613,10,22
Y250426270948,5615,886,862,13,28
Y250426281202,5675,303,297,6,12
Y250426378786,5640,337,277,7,16
Y250426451532,5607,448,422,5,12
Y250426473025,5603,721,679,9,20
Y250426704131,5679,504,502,7,16
Y250426842210,5672,728,624,16,34
Y250426932361,5619,652,642,9,20
Y250426996025,5645,123,123,1,2
Y250427000901,5753,572,538,9,18
Y250427107770,5755,699,615,7,16
Y250427195543,5778,264,244,4,8
Y250427324825,5697,758,713,7,16
Y250427434722,5690,515,513,9,20
Y250427487544,5741,290,286,8,18
Y250427519179,5735,393,385,6,14
Y250427529911,5770,567,563,11,23
Y250427796294,5703,645,630,13,28
Y250427972173,5724,477,471,8,17
Y250428038638,5782,468,452,7,16
Y250428151037,5820,432,422,9,18
Y250428151621,5895,529,496,10,22
Y250428195259,5857,729,709,12,26
Y250428295217,5802,955,899,14,29
Y250428301201,5910,884,862,11,24
Y250428367515,5784,481,417,8,17
Y250428525625,5903,512,510,5,12
Y250428623881,5801,866,832,14,29
Y250428866959,5931,1581,1581,9,19
Y250428939007,5794,576,570,8,18
Y250429193501,6046,1400,1375,21,43
Y250429221664,6010,765,710,15,32
Y250429274352,5941,405,361,4,10
Y250429465321,6001,155,155,1,2
Y250429644934,6030,975,973,18,37
Y250429709690,5965,1563,1541,19,40
Y250430059933,6197,604,546,14,29
Y250430577930,6169,987,977,15,31
Y250430667073,6209,419,417,12,25
Y250430696954,6161,516,502,8,18
Y250430817013,6165,558,546,7,16
Y250501022516,6315,779,744,14,29
Y250501032565,6292,508,482,12,25
Y250501045548,6303,754,742,12,26
Y250501269987,6233,559,535,9,20
Y250501349379,6284,705,677,12,25
Y250501447301,6223,434,418,6,14
Y250501598107,6348,196,166,1,2
Y250501896402,6295,269,267,3,6
Y250502029248,6486,837,821,12,26
Y250502122366,6504,1514,1400,10,22
Y250502190875,6535,1596,1563,16,34
Y250502472008,6401,703,657,12,26
Y250502475709,6525,1287,1141,21,43
Y250502529296,6526,642,630,11,24
Y250502633421,6502,440,254,3,7
Y250502697660,6386,665,657,7,16
Y250502872476,6393,514,495,8,18
Y250503103303,6623,903,812,7,14
Y250503122119,6628,1175,1145,10,22
Y250503399862,6651,802,794,8,18
Y250503434006,6626,530,495,9,20
Y250503475826,6616,555,537,11,24
Y250503486983,6573,149,145,10,21
Y250504044909,6768,539,522,9,20
Y250504224766,6744,663,639,11,24
Y250504618603,6695,403,374,4,10
Y250504673968,6807,138,108,1,2
Y250504686085,6747,1070,1014,9,20
Y250504745099,6700,357,327,4,10
Y250504837218,6770,617,596,9,20
Y250504879216,6705,787,785,11,24
Y250505049975,6840,371,339,9,19
Y250505061341,6852,544,530,10,22
Y250505270014,6823,734,708,11,24
Y250505285872,6903,365,357,1,2
Y250505368167,6895,772,698,14,30
Y250505423075,6816,370,368,8,18
Y250505480248,6923,638,606,11,24
Y250505715045,6925,599,561,6,13
Y250505765174,6819,459,432,7,16
Y250505773317,6911,652,599,18,37
Y250505904773,6817,435,425,4,10
Y250506044813,7065,107,107,4,9
Y250506204744,7033,309,283,11,23
Y250506362461,6957,739,710,11,23
Y250506376002,6946,508,500,12,25
Y250506668520,7004,688,635,16,34
Y250506691264,6995,797,781,13,28
Y250506713083,7026,712,642,15,32
Y250506767612,6991,728,724,15,32
Y250506781809,6988,100,100,1,2
Y250506844009,7042,115,113,5,11
Y250506889973,6981,330,330,5,11
Y250506895585,6966,1608,1387,13,28
Y250506919290,7044,498,470,16,32
Y250506972310,7059,395,395,1,2
Y250507186924,7087,479,377,4,10
Y250507248528,7161,397,397,5,11
Y250507443007,7102,297,269,5,11
Y250507503775,7157,486,482,8,18
Y250507695207,7109,1249,1196,30,60
Y250507727042,7097,348,337,10,22
Y250507801343,7128,596,577,8,17
Y250507813019,7093,1666,1539,35,71
Y250507828260,7068,653,577,7,16
Y250507919882,7080,710,694,7,16
Y250508033808,7181,7818,7768,40,80
Y250508121884,7312,361,361,11,24
Y250508248553,7212,276,276,8,18
Y250508265334,7252,738,690,29,59
Y250508318161,7282,116,92,0,2
Y250508321094,7184,393,391,11,23
Y250508461002,7210,1007,989,16,34
Y250508484630,7233,261,257,8,18
Y250508673796,7309,199,197,1,2
Y250508686194,7196,920,900,14,29
Y250508789519,7321,343,343,1,2
Y250508841073,7178,235,233,10,22
Y250508861294,7294,609,582,17,35
Y250508921377,7182,492,474,11,24
Y250508952621,7287,159,159,1,2
Y250509054128,7403,2084,2057,24,50
Y250509089365,7346,915,872,12,25
Y250509170805,7402,821,802,16,33
Y250509174796,7413,158,158,1,2
Y250509186823,7349,125,104,1,3
Y250509248180,7401,369,367,17,36
Y250509283956,7327,611,591,13,28
Y250509294951,7407,2271,2253,20,42
Y250509359610,7400,1176,1154,4,10
Y250509416728,7417,328,270,7,15
Y250509567707,7325,466,434,6,13
Y250509572026,7405,194,194,1,2
Y250509692099,7330,617,611,12,25
Y250509724623,7370,211,209,11,23
Y250509900191,7362,862,837,14,30
Y250509923686,7382,328,298,1,2
Y250510038277,7445,911,911,1,2
Y250510161372,7469,329,325,12,26
Y250510186736,7443,1194,1190,6,13
Y250510576574,7464,415,405,12,25
Y250510595978,7438,674,658,12,25
Y250510698927,7465,111,105,2,4
Y250510734272,7473,1167,1055,11,23
Y250510762464,7423,639,609,12,25
Y250510881360,7480,868,768,12,25
Y250512007668,7588,659,659,1,2
Y250512045028,7549,996,976,13,28
Y250512047862,7666,372,364,9,20
Y250512067811,7648,534,528,12,26
Y250512152093,7664,328,318,4,9
Y250512174646,7651,414,406,6,13
Y250512256131,7581,637,635,12,24
Y250512273367,7658,106,104,4,8
Y250512302933,7680,200,170,4,9
Y250512327820,7593,383,383,5,10
Y250512370137,7576,757,723,15,30
Y250512371471,7589,601,579,1,2
Y250512406755,7659,691,669,6,14
Y250512418266,7644,606,565,8,17
Y250512473013,7660,958,952,13,27
Y250512474389,7580,854,854,8,17
Y250512485436,7696,259,259,2,4
Y250512496579,7665,442,416,7,16
Y250512502466,7590,347,347,1,2
Y250512503072,7642,800,792,18,37
Y250512506575,7694,1471,1459,31,62
Y250512510893,7663,258,256,3,8
Y250512525033,7559,647,611,9,20
Y250512565755,7650,684,680,8,18
Y250512574117,7561,608,566,13,28
Y250512592763,7661,113,79,3,6
Y250512614112,7582,764,742,17,35
Y250512626567,7595,366,366,1,2
Y250512667539,7649,717,695,6,13
Y250512673473,7591,452,448,1,2
Y250512720367,7662,931,921,7,15
Y250512737474,7575,561,484,7,15
Y250512738836,7587,351,351,1,2
Y250512757242,7623,1591,1517,35,70
Y250512775597,7573,443,409,6,14
Y250512785779,7594,334,334,1,2
Y250512816315,7592,557,553,1,2
Y250512917965,7560,790,780,6,13
Y250512961679,7682,491,483,4,9
Y250512976339,7550,1234,1166,7,16
Y250512979201,7583,473,471,11,23
Y250513235533,7775,106,102,4,8
Y250513255679,7711,413,398,6,13
Y250513278757,7808,591,561,8,17
Y250513317685,7715,425,369,6,12
Y250513347904,7795,392,370,10,21
Y250513372852,7791,574,568,5,10
Y250513378349,7707,206,206,2,5
Y250513391480,7713,375,365,8,17
Y250513393252,7754,587,567,11,23
Y250513394315,7798,595,570,13,27
Y250513440657,7703,405,382,6,14
Y250513441323,7726,789,779,12,25
Y250513549422,7764,232,215,1,4
Y250513619056,7812,623,558,16,33
Y250513624194,7821,469,455,9,20
Y250513630065,7796,258,256,6,13
Y250513642428,7709,579,557,9,18
Y250513654912,7803,217,187,3,7
Y250513662708,7823,402,402,1,2
Y250513705557,7801,666,658,9,20
Y250513728939,7781,471,453,9,18
Y250513731841,7708,442,396,11,23
Y250513738604,7784,374,346,6,13
Y250513752628,7765,464,462,6,13
Y250513764020,7749,567,479,12,26
Y250513803517,7807,541,533,2,6
Y250513805283,7712,459,454,6,14
Y250513842117,7783,330,309,7,16
Y250513877512,7766,208,208,1,4
Y250513930955,7825,166,162,8,17
Y250513948228,7714,780,776,9,20
Y250513948353,7809,520,508,10,21
Y250513976761,7810,285,277,4,9
Y250513997337,7756,688,686,7,14
Y250514155546,7837,1086,1076,11,24
Y250514201050,7882,563,551,13,27
Y250514361979,7905,1129,1105,11,24
Y250514378100,7884,745,671,13,27
Y250514436957,7843,853,853,7,15
Y250514447967,7841,471,439,6,13
Y250514457799,7916,166,158,9,18
Y250514505208,7887,509,503,8,18
Y250514542621,7934,672,672,10,21
Y250514599897,7840,113,113,7,15
Y250514706316,7935,832,726,16,32
Y250514865372,7908,873,794,7,15
Y250514870636,7860,115,115,1,2
Y250514940215,7932,221,221,1,2
Y250515104100,8025,351,349,1,2
Y250515109317,8026,169,169,9,19
Y250515219533,7980,1126,955,9,20
Y250515224199,8014,616,600,10,22
Y250515289783,8016,553,539,8,18
Y250515408649,8024,282,282,3,7
Y250515464047,8021,763,693,19,39
Y250515475184,7947,369,359,10,22
Y250515534748,7952,660,654,5,12
Y250515580189,7975,162,162,1,2
Y250515637165,8012,781,763,7,16
Y250515638128,7953,801,799,4,10
Y250515649872,8023,1087,1040,17,35
Y250515881256,7974,723,689,12,25
Y250515916321,7955,568,564,9,20
Y250516158350,8051,728,690,11,24
Y250516184081,8072,316,280,6,12
Y250516249215,8086,504,492,7,16
Y250516264377,8133,1035,929,8,17
Y250516613076,8118,201,185,6,14
Y250516679415,8063,866,856,12,25
Y250516844677,8043,990,986,7,16
Y250516982440,8034,1000,928,10,21
Y250517033545,8207,698,696,1,2
Y250517104987,8149,259,259,3,8
Y250517109656,8213,3550,3546,10,21
Y250517196579,8143,259,257,2,4
Y250517296284,8218,286,282,7,16
Y250517320533,8153,342,342,1,2
Y250517438238,8159,863,819,18,37
Y250517657080,8156,512,491,11,24
Y250517665110,8150,859,853,10,22
Y250517708887,8172,712,712,5,10
Y250517772178,8202,1456,1448,11,24
Y250517918338,8167,196,168,8,18
Y250517926867,8177,418,406,14,30
Y250517997918,8160,657,644,13,28
Y250522015851,8557,273,273,11,24
Y250522029302,8522,440,438,16,34
Y250522066980,8446,152,152,3,8
Y250522077661,8614,543,543,10,21
Y250522097821,8629,575,572,16,33
Y250522173919,8439,266,264,3,8
Y250522237312,8492,139,139,0,2
Y250522242246,8529,280,268,15,30
Y250522242387,8590,616,583,12,25
Y250522271973,8554,626,620,13,28
Y250522276818,8611,1810,1808,17,35
Y250522279073,8496,526,524,5,12
Y250522286434,8458,602,568,12,24
Y250522320022,8467,295,293,3,8
Y250522342746,8485,588,574,11,24
Y250522350666,8516,934,934,4,10
Y250522377943,8468,359,347,11,24
Y250522403470,8507,489,485,12,26
Y250522409104,8528,896,882,24,50
Y250522485581,8477,586,556,8,18
Y250522519917,8518,132,126,10,20
Y250522524591,8483,500,498,12,26
Y250522537806,8466,629,611,13,28
Y250522542398,8605,381,377,7,16
Y250522543080,8447,379,373,5,12
Y250522545467,8537,1094,1028,13,28
Y250522563266,8440,318,314,3,8
Y250522564150,8588,657,643,5,11
Y250522568918,8451,529,504,6,13
Y250522585047,8437,359,357,6,14
Y250522604708,8474,549,547,14,30
Y250522626036,8435,809,773,4,10
Y250522629618,8562,1182,1062,12,25
Y250522632410,8505,1250,1228,17,36
Y250522640856,8434,147,145,4,10
Y250522672299,8448,350,348,7,14
Y250522687636,8511,797,787,16,34
Y250522688876,8506,827,666,10,21
Y250522698254,8484,568,543,12,25
Y250522720742,8620,140,136,2,6
Y250522769424,8514,522,514,13,28
Y250522798631,8527,1662,1402,23,48
Y250522803144,8569,410,406,13,28
Y250522831953,8563,2315,2309,25,51
Y250522833449,8441,338,330,4,10
Y250522868924,8473,420,393,11,24
Y250522869426,8465,454,452,9,20
Y250522898235,8558,471,456,12,26
Y250522923015,8478,165,163,5,11
Y250522923520,8542,632,628,21,43
Y250522954555,8597,597,587,14,29
Y250522970027,8504,489,489,8,17
Y250522990219,8461,727,713,15,32
Y250522996210,8464,332,330,8,18
Y250523143045,8642,375,355,8,17
Y250523880223,8665,163,156,2,6
Y250524031482,8701,141,139,2,6
Y250524066835,8815,669,633,10,22
Y250524106413,8806,932,904,6,13
Y250524115942,8812,1166,1149,18,37
Y250524132507,8710,457,453,10,22
Y250524148230,8709,511,503,9,20
Y250524217449,8734,266,266,5,12
Y250524231012,8826,572,548,13,27
Y250524232776,8825,805,797,6,13
Y250524278207,8819,415,411,9,19
Y250524309035,8698,780,708,4,10
Y250524367951,8769,468,464,13,28
Y250524404331,8719,366,358,11,23
Y250524412953,8749,930,926,18,37
Y250524428316,8744,387,379,12,26
Y250524428339,8773,947,941,8,17
Y250524444769,8754,481,421,8,17
Y250524445363,8707,301,289,4,10
Y250524514008,8725,399,399,13,28
Y250524537137,8792,281,273,10,21
Y250524587453,8739,178,178,1,3
Y250524599259,8821,119,119,5,11
Y250524626145,8771,909,907,7,16
Y250524634360,8752,331,331,7,16
Y250524712829,8832,222,216,10,21
Y250524722935,8728,420,404,13,27
Y250524728659,8845,307,301,7,15
Y250524751401,8703,366,355,11,24
Y250524829036,8785,1025,887,7,16
Y250524873504,8818,584,570,7,15
Y250524899976,8717,202,197,0,2
Y250524916980,8775,352,352,1,2
Y250524981576,8747,718,710,14,30
Y250524985503,8722,309,307,5,11
Y250525212289,8922,222,220,4,10
Y250525247147,8910,284,262,5,12
Y250525250056,8874,1017,981,7,15
Y250525300902,8892,260,252,2,6
Y250525334065,8871,309,293,3,8
Y250525347153,8899,387,378,5,12
Y250525491632,8901,334,307,4,10
Y250525521365,8888,679,629,16,34
Y250525570105,8869,570,566,3,8
Y250525726875,8875,729,571,5,12
Y250525776913,8863,445,441,9,20
Y250525871781,8880,1607,1376,14,30
Y250525924301,8882,111,111,1,2
Y250525930672,8856,358,333,5,11
Y250525950216,8885,549,541,7,16
Y250603533100,9290,104,74,2,4
Y250607577718,9422,152,148,2,5
Y250611003469,9744,383,381,8,18
Y250611047928,9721,268,236,2,6
Y250611055963,9867,966,876,9,20
Y250611061729,9763,442,424,6,13
Y250611067899,9768,296,285,4,10
Y250611089217,9806,426,426,5,12
Y250611118918,9748,537,512,10,21
Y250611121774,9765,361,349,1,2
Y250611155492,9785,113,109,1,3
Y250611167417,9833,464,450,12,26
Y250611241625,9790,468,468,4,9
Y250611321426,9860,454,444,9,20
Y250611366203,9850,490,480,13,27
Y250611368265,9781,351,328,6,13
Y250611377290,9750,412,412,12,26
Y250611442511,9841,476,451,7,16
Y250611516923,9725,370,347,5,12
Y250611517884,9766,534,528,13,27
Y250611539620,9828,402,393,11,24
Y250611580439,9805,319,307,3,8
Y250611583586,9800,308,308,4,10
Y250611655653,9839,448,440,11,24
Y250611678487,9851,641,635,7,16
Y250611755878,9734,172,160,6,14
Y250611775405,9780,241,241,8,18
Y250611808805,9753,149,133,1,4
Y250611889802,9793,498,443,6,13
Y250611919516,9724,521,517,5,12
Y250611926801,9830,416,406,9,19
Y250611957082,9759,708,706,10,22
Y250612030037,10014,277,213,3,8
Y250617986323,10678,329,327,5,12
Y250619230965,11245,437,348,1,4
Y250619441844,11189,291,291,3,6
Y250619715644,11071,797,791,11,24
Y250620088851,11298,2419,2399,41,84
Y250620096695,11266,729,723,13,28
Y250620117176,11269,231,229,2,6
Y250620188059,11283,666,664,10,21
Y250620362918,11259,670,668,14,29
Y250620475782,11274,1385,1213,14,30
Y250620685456,11271,789,779,8,18
Y250620798903,11288,115,113,6,13
Y250703700385,11697,135,135,3,7
Y250710017129,12021,965,947,6,14
Y250710092611,12088,530,522,11,23
Y250710097115,11989,942,870,9,20
Y250710114115,12164,163,155,1,2
Y250710141562,12034,649,641,12,26
Y250710216493,12063,257,251,4,8
Y250710384301,11980,471,444,6,14
Y250710391821,12020,165,165,3,7
Y250710464259,12028,438,412,12,25
Y250710464510,11984,360,352,7,15
Y250710603877,12041,481,475,12,26
Y250710618681,12147,843,809,1,2
Y250710658733,12080,175,160,1,3
Y250710784328,12054,329,313,1,2
Y250710799333,12138,1777,1764,15,31
Y250710853679,12165,696,694,18,37
Y250710889083,12090,1962,1960,23,46
Y250710899028,12032,639,635,16,33
Y250710920204,12093,644,636,11,24
Y250710940338,12133,904,882,15,32
Y250710988301,11982,387,375,6,14
Y250712008865,12210,112,92,2,5
Y250712051153,12235,480,474,8,18
Y250712150224,12269,562,562,1,2
Y250712171259,12244,105,105,1,2
Y250712178743,12237,491,483,14,29
Y250712179918,12240,706,698,14,30
Y250712227997,12372,121,121,6,13
Y250712234624,12242,453,412,13,28
Y250712236836,12315,396,388,12,26
Y250712311084,12290,727,727,12,26
Y250712326238,12268,489,463,11,24
Y250712419403,12322,3105,2922,12,26
Y250712512428,12214,742,740,2,6
Y250712516055,12328,679,669,7,16
Y250712524119,12246,538,536,7,16
Y250712540307,12262,332,322,1,2
Y250712592545,12211,353,353,5,12
Y250712666710,12346,775,749,6,14
Y250712723372,12234,703,701,13,27
Y250712773384,12373,137,137,1,2
Y250712801891,12312,810,806,8,18
Y250712814266,12303,510,502,11,23
Y250712820159,12248,374,360,4,10
Y250712851531,12266,766,762,19,40
Y250712862909,12286,351,343,8,17
Y250712950764,12215,468,462,7,14
Y250713037734,12390,258,256,4,9
Y250713093274,12442,361,347,5,12
Y250713099979,12452,158,144,1,2
Y250713109652,12496,322,318,6,14
Y250713260969,12462,377,371,6,13
Y250713262294,12389,209,207,1,4
Y250713281453,12520,395,395,3,7
Y250713312356,12518,485,479,6,14
Y250713315715,12402,330,328,6,14
Y250713393467,12407,165,165,1,2
Y250713405535,12497,279,269,1,2
Y250713493536,12490,439,409,7,15
Y250713501668,12493,844,822,7,16
Y250713507994,12506,397,395,4,10
Y250713541201,12411,615,607,6,14
Y250713565660,12387,209,203,1,2
Y250713627642,12382,449,439,8,17
Y250713737958,12431,1700,1668,21,43
Y250713742870,12484,320,318,5,11
Y250713753481,12526,390,388,5,12
Y250713815657,12445,329,321,7,14
Y250713818894,12406,512,495,6,14
Y250713837148,12439,217,217,4,9
Y250713929807,12459,369,342,4,10
Y250713940125,12394,448,448,1,2
Y250713944490,12467,407,399,10,22
Y250713996225,12405,277,269,5,11
Y250716218356,12599,385,381,5,12
Y250716285071,12604,467,423,4,10
Y250716414018,12598,858,844,6,14
Y250716478956,12622,322,320,6,14
Y250716534832,12640,692,686,12,26
Y250716659044,12629,673,634,9,20
Y250716878896,12602,365,357,7,15
Y250716906147,12610,392,370,4,10
Y250716951268,12655,397,391,7,16
Y250717043154,12811,132,106,2,4
Y250717065138,12820,581,571,14,29
Y250717085785,12753,897,881,18,38
Y250717093145,12709,394,386,6,14
Y250717131551,12751,749,731,8,18
Y250717139864,12689,693,678,12,26
Y250717197399,12757,861,845,16,34
Y250717226087,12769,535,499,9,20
Y250717233563,12738,426,424,4,10
Y250717292147,12743,1041,1041,10,22
Y250717379964,12853,713,689,18,36
Y250717415929,12794,626,583,7,15
Y250717425637,12823,707,681,15,31
Y250717449403,12733,828,796,14,30
Y250717600411,12730,718,682,8,17
Y250717634133,12721,241,237,7,16
Y250717668584,12694,692,686,7,16
Y250717835703,12699,1466,1321,11,23
Y250717887523,12708,644,621,11,24
Y250717897838,12735,526,520,10,21
Y250717986168,12775,1119,1103,6,14
Y250718012821,12909,608,604,11,24
Y250718205780,12904,649,645,12,26
Y250718234138,12864,694,662,12,26
Y250718284180,12933,411,411,13,27
Y250718286646,12973,317,313,5,12
Y250718318633,12884,375,361,4,10
Y250718332529,12902,879,867,12,26
Y250718351980,12880,635,635,13,27
Y250718388754,12918,653,633,13,27
Y250718412943,12858,1120,1090,8,17
Y250718569603,12935,589,559,6,14
Y250718607870,12985,187,187,1,4
Y250718608528,13005,534,528,8,17
Y250718628540,12944,622,612,7,16
Y250718640371,12894,598,598,8,17
Y250718659766,12862,1783,1359,14,30
Y250718675201,12982,878,870,7,16
Y250718714250,12992,178,175,1,2
Y250718735038,12903,581,573,11,24
Y250718744934,12936,515,509,12,26
Y250718776700,13003,435,431,7,16
Y250718781079,12885,725,722,20,42
Y250718819274,12934,643,641,7,16
Y250718927700,12913,772,766,6,14
Y250718931618,12938,723,699,5,12
Y250718963397,12997,521,496,9,20
Y250725024530,13236,143,114,2,5
Y250726359443,13258,188,188,1,4
Y250726397488,13291,124,114,5,10
Y250726466081,13245,109,103,2,4
Y250727394305,13300,175,171,3,7
Y250729074241,13476,100,94,3,7
Y250730146031,13678,107,101,4,9
Y250730632533,13653,130,107,3,8
Y250730790361,13654,154,154,3,8
Y250730847463,13693,108,98,4,9
Y250730865653,13657,122,120,2,6
Y250730919728,13676,122,122,3,7
Y250731480569,13723,225,225,5,10
Y250731958433,13709,155,144,5,10
Y250820046415,14750,169,167,1,4
Y250902002275,15534,512,504,14,29
Y250902005100,15518,546,546,13,28
Y250902124629,15459,457,443,8,17
Y250902136645,15507,537,533,10,22
Y250902202891,15508,295,295,2,5
Y250902258810,15457,122,105,3,7
Y250902310191,15472,381,377,7,15
Y250902355306,15478,547,547,10,21
Y250902362636,15529,732,704,11,23
Y250902370243,15452,489,489,8,18
Y250902410515,15524,498,484,15,31
Y250902443570,15454,365,365,5,12
Y250902532639,15483,1041,997,7,16
Y250902572857,15465,476,447,9,20
Y250902578472,15471,610,602,11,24
Y250902580005,15453,953,939,5,12
Y250902684012,15467,130,120,5,10
Y250902710425,15470,152,140,2,4
Y250902738760,15516,705,701,13,28
Y250902754791,15493,506,506,11,24
Y250902826781,15509,235,233,12,26
Y250902833028,15473,451,447,10,22
Y250902868687,15463,275,269,3,8
Y250902950790,15462,409,379,1,2
Y250902977040,15475,583,583,6,14
Y250903114540,15686,421,419,8,16
Y250903165946,15655,722,706,11,23
Y250903243616,15609,482,478,8,18
Y250903244785,15635,1339,1333,9,20
Y250903324393,15597,519,519,8,18
Y250903400513,15690,222,192,2,5
Y250903470089,15584,496,484,4,10
Y250903528377,15627,805,724,4,10
Y250903625507,15647,580,576,11,24
Y250903666912,15585,264,260,2,6
Y250903704232,15699,367,363,10,21
Y250903793988,15637,276,274,3,8
Y250903872669,15591,442,442,10,21
Y250903906299,15622,421,405,10,22
Y250903950853,15634,881,871,9,20
Y250903984288,15691,434,434,1,2
Y250904021315,15775,572,556,17,36
Y250904023924,15778,522,520,17,36
Y250904037149,15742,679,671,8,18
Y250904130689,15787,2587,2581,23,47
Y250904218185,15852,108,100,6,12
Y250904246089,15835,860,842,4,8
Y250904281362,15824,625,593,8,18
Y250904283345,15773,1165,1163,7,16
Y250904308284,15785,862,854,13,28
Y250904462334,15796,102,102,2,6
Y250904477576,15748,435,402,11,24
Y250904478787,15770,480,478,8,18
Y250904499294,15745,591,589,5,11
Y250904528722,15760,540,538,6,14
Y250904559370,15784,1694,1652,9,20
Y250904719234,15810,171,168,2,4
Y250904747163,15779,416,398,1,2
Y250904773244,15750,579,529,9,20
Y250904774754,15819,427,419,13,28
Y250904816095,15741,470,462,9,20
Y250904819146,15811,373,373,8,18
Y250904861859,15753,576,516,9,20
Y250904905578,15743,449,391,1,2
Y250904986067,15763,450,446,12,26
Y250905033426,15955,438,404,9,19
Y250905034329,15952,1554,1550,17,36
Y250905185685,15938,777,771,10,22
Y250905193467,15935,600,594,1,3
Y250905257314,15920,401,381,8,18
Y250905288634,15970,890,886,8,18
Y250905366696,15987,122,99,0,2
Y250905396266,15891,538,534,8,18
Y250905408180,15948,471,469,10,22
Y250905459769,15927,968,919,8,17
Y250905468381,15915,465,445,9,20
Y250905474595,15978,466,464,13,28
Y250905484375,15966,612,590,16,34
Y250905561047,15961,416,414,12,25
Y250905603455,15921,369,360,13,27
Y250905632314,15973,1115,1111,2,6
Y250905657260,15980,678,606,21,44
Y250905668173,15968,102,102,2,6
Y250905727076,15902,334,332,1,2
Y250905727725,15910,314,302,6,14
Y250905796598,15909,530,522,15,32
Y250905809336,15899,444,411,5,12
Y250905879108,15907,509,505,5,12
Y250905982070,15917,499,499,9,20
Y250905989366,15897,513,509,5,12
Y250906074786,16089,441,411,7,16
Y250906096767,16047,520,499,8,18
Y250906206164,16045,456,454,7,16
Y250906210448,16071,222,222,4,10
Y250906328596,16122,377,375,4,10
Y250906353866,16126,1329,1325,6,14
Y250906369298,16046,422,422,9,20
Y250906382246,16107,388,386,8,18
Y250906405169,16075,246,244,2,6
Y250906423815,16050,305,305,4,10
Y250906454620,16104,927,919,5,12
Y250906455297,16091,471,463,6,14
Y250906467891,16119,636,628,9,20
Y250906489481,16092,377,373,8,18
Y250906497746,16058,309,297,1,2
Y250906504396,16070,781,777,4,10
Y250906594696,16101,195,195,2,4
Y250906611947,16083,332,332,4,10
Y250906641655,16048,473,463,4,10
Y250906695446,16114,546,494,2,6
Y250906706475,16124,540,537,8,17
Y250906741971,16102,569,557,7,15
Y250906808621,16057,340,338,1,2
Y250906830928,16061,368,366,2,6
Y250906876162,16093,851,831,4,10
Y250906910248,16076,1174,1116,8,16
Y250907027328,16192,786,780,5,10
Y250907047874,16200,637,633,9,20
Y250907057188,16152,775,767,15,32
Y250907068156,16184,648,630,11,23
Y250907263293,16212,735,731,13,26
Y250907269476,16163,346,346,1,2
Y250907294860,16194,1260,1254,6,14
Y250907348540,16170,217,193,1,4
Y250907460290,16169,922,914,8,18
Y250907469915,16148,420,406,7,16
Y250907471774,16188,435,389,9,20
Y250907540981,16146,1108,782,7,16
Y250907569523,16160,441,441,2,6
Y250907588254,16198,722,706,6,14
Y250907640650,16204,572,568,1,2
Y250907730667,16159,386,382,10,22
Y250907740111,16187,1019,1013,7,16
Y250907754421,16202,1072,1047,12,26
Y250907879575,16167,487,477,11,23
Y250907896654,16158,103,103,7,16
Y250907961622,16149,454,454,8,17
Y250907963433,16153,669,655,9,20
Y250907971257,16189,524,522,6,14
Y250907992233,16217,778,646,5,11
Y250908004371,16245,589,587,6,14
Y250908007235,16313,541,483,1,2
Y250908020227,16261,544,538,6,14
Y250908098478,16288,1842,1836,16,33
Y250908105019,16269,862,858,8,18
Y250908190287,16328,565,559,2,5
Y250908221112,16285,538,463,18,38
Y250908245480,16318,855,834,5,12
Y250908293415,16254,518,518,14,30
Y250908311410,16251,527,512,11,24
Y250908337109,16278,1456,1456,11,23
Y250908362133,16265,257,255,5,11
Y250908454320,16273,553,553,14,30
Y250908462408,16290,417,409,12,25
Y250908523686,16284,521,515,15,32
Y250908533425,16325,599,589,14,30
Y250908574733,16308,289,284,4,10
Y250908610854,16296,452,452,8,18
Y250908627412,16246,460,452,5,12
Y250908689028,16330,536,532,16,34
Y250908802316,16307,1223,1215,8,18
Y250908849785,16319,357,349,6,13
Y250908869924,16260,621,619,8,18
Y250908961781,16293,654,632,6,13
Y250909762616,16408,103,101,1,3
Y250912002693,16535,1001,977,9,20
Y250912041301,16537,406,406,1,2
Y250912217296,16543,484,450,10,22
Y250912273309,16555,1096,1072,15,30
Y250912274520,16502,856,852,3,8
Y250912326685,16518,521,485,11,24
Y250912346412,16552,509,509,9,20
Y250912363260,16500,574,492,9,20
Y250912405906,16567,742,705,1,2
Y250912411780,16568,954,944,10,21
Y250912475063,16570,1891,1877,19,39
Y250912490218,16506,270,270,2,5
Y250912495398,16557,542,512,12,25
Y250912495587,16526,780,776,6,14
Y250912544537,16539,514,510,6,14
Y250912586023,16563,944,944,21,44
Y250912632945,16562,1315,1303,17,36
Y250912769920,16520,377,377,5,12
Y250912770309,16533,869,843,6,13
Y250912900915,16530,427,391,5,12
Y250912963597,16519,482,474,5,12
Y250912965115,16553,2013,1991,15,31
Y250912970888,16505,482,470,3,8
Y250913054877,16580,815,813,6,14
Y250913069976,16616,2183,2143,20,42
Y250913129986,16640,858,854,9,20
Y250913140496,16607,292,258,3,6
Y250913143355,16610,500,496,12,24
Y250913157914,16632,801,785,8,18
Y250913159241,16599,1537,1537,16,34
Y250913182458,16595,1036,1030,12,26
Y250913184829,16581,166,149,1,2
Y250913225900,16601,1037,1003,29,60
Y250913237123,16597,601,601,15,32
Y250913261344,16650,540,528,7,14
Y250913265106,16591,545,545,6,14
Y250913290564,16644,1930,1856,18,38
Y250913313028,16639,2813,2800,5,10
Y250913334921,16649,1391,1389,19,39
Y250913338950,16611,2278,2236,14,29
Y250913390552,16624,470,465,7,14
Y250913403718,16636,885,879,5,11
Y250913438622,16586,493,493,1,2
Y250913514201,16605,1572,1548,12,26
Y250913543795,16588,358,356,4,9
Y250913578080,16618,665,665,19,40
Y250913643566,16590,987,979,8,18
Y250913652966,16614,1625,1595,15,32
Y250913684769,16587,621,615,4,10
Y250913745669,16641,645,613,15,32
Y250913829120,16602,1620,1434,8,18
Y250913836293,16625,144,140,1,2
Y250913875652,16615,1846,1846,18,37
Y250913967673,16630,595,561,14,29
Y250913979025,16635,1237,1231,15,32
Y250917076127,16843,1130,1108,10,22
Y250917088516,16816,342,342,1,2
Y250917110120,16885,610,608,8,16
Y250917149959,16880,638,634,1,2
Y250917199287,16874,704,684,1,2
Y250917245362,16814,1074,1060,5,11
Y250917261341,16913,1084,1076,11,24
Y250917274974,16812,116,109,2,4
Y250917286450,16886,1984,1980,16,33
Y250917296058,16842,580,508,15,32
Y250917303053,16876,191,189,8,17
Y250917334005,16835,1528,1496,23,48
Y250917336081,16821,1234,1062,9,20
Y250917345502,16823,321,321,1,2
Y250917383033,16924,1084,1068,20,42
Y250917431482,16878,1280,1272,21,43
Y250917443660,16864,1050,1048,16,34
Y250917481503,16850,849,835,4,10
Y250917485710,16911,555,549,1,2
Y250917495187,16899,910,897,17,36
Y250917558365,16870,539,488,13,27
Y250917569914,16838,411,365,7,16
Y250917599316,16834,238,238,2,5
Y250917636335,16896,2088,2084,15,32
Y250917653016,16890,1602,1505,16,34
Y250917665967,16887,853,841,9,20
Y250917721472,16914,766,732,1,2
Y250917733314,16824,417,415,6,14
Y250917760520,16857,1135,1057,7,16
Y250917887708,16854,827,789,14,30
Y250917895413,16902,711,711,22,46
Y250917919815,16846,1343,1325,10,22
Y250918084637,16959,495,477,6,14
Y250918117957,16932,1321,1313,14,30
Y250918197931,16939,400,394,8,18
Y250918207901,16957,375,363,9,20
Y250918230601,16978,421,417,11,24
Y250918318166,16965,307,301,1,2
Y250918384211,16935,271,271,1,4
Y250918384492,16947,748,738,4,10
Y250918530531,16956,1181,1114,5,12
Y250918551164,16953,805,797,6,14
Y250918573755,16940,762,742,9,20
Y250918608566,16946,958,948,5,12
Y250918621223,16981,565,565,5,12
Y250918626420,16941,1072,1052,14,30
Y250918627000,16974,590,578,11,24
Y250918733621,16955,443,415,6,14
Y250918756658,16933,264,264,1,2
Y250918836211,16926,979,926,2,6
Y250918837969,16930,420,418,12,26
Y250918904354,16934,1214,1024,11,24
Y250919027495,17060,846,842,11,24
Y250919153255,17094,470,420,1,4
Y250919165886,17068,1040,948,9,19
Y250919237104,17067,1180,1172,11,24
Y250919290976,17036,500,433,7,15
Y250919330922,17040,446,426,10,22
Y250919337466,17042,113,113,1,4
Y250919362120,17039,252,252,1,2
Y250919388445,17023,572,523,6,14
Y250919412719,17014,317,317,1,2
Y250919440141,17046,1559,1235,10,22
Y250919449194,17018,602,602,6,13
Y250919468301,17088,608,608,1,2
Y250919473376,17038,192,192,0,2
Y250919476183,17055,2320,2296,3,8
Y250919536411,17054,1136,1102,12,26
Y250919612760,17093,568,550,8,17
Y250919655602,17073,714,714,14,30
Y250919711907,17041,839,825,4,10
Y250919737239,17084,810,774,1,2
Y250919754986,17082,591,579,13,28
Y250919776302,17090,531,529,1,2
Y250919790645,17064,986,963,9,19
Y250919794432,17076,682,682,1,2
Y250919844219,17048,677,645,18,37
Y250919857406,17059,953,935,10,22
Y250919873058,17015,433,421,0,2
Y250920017502,17115,393,393,0,2
Y250920051839,17140,1003,986,12,26
Y250920065279,17102,582,576,15,31
Y250920076237,17131,441,437,4,9
Y250920147424,17128,439,411,12,25
Y250920213927,17151,1250,1246,8,18
Y250920252221,17107,2772,2766,14,30
Y250920300086,17161,542,530,11,24
Y250920302244,17118,582,578,1,2
Y250920337342,17163,391,391,1,2
Y250920389073,17103,908,908,18,37
Y250920462043,17110,480,480,6,14
Y250920538082,17119,1312,954,10,22
Y250920566414,17104,980,970,15,31
Y250920607652,17099,1245,1167,9,19
Y250920671482,17126,1184,1150,9,20
Y250920777557,17123,989,987,9,20
Y250920822332,17142,225,225,1,4
Y250920827373,17108,521,457,9,20
Y250920828475,17137,1025,1000,6,13
Y250920881755,17133,456,454,8,17
Y250920900408,17153,760,760,15,31
Y250920946774,17138,957,945,8,18
Y250920951670,17101,479,479,12,26
Y250923402337,17313,995,952,22,44
Y250925367074,17425,185,185,5,11
Y251005646214,17815,297,295,9,20
Y251010094715,17978,256,246,5,12
Y251010179530,17984,706,704,8,17
Y251010368095,17943,406,404,4,10
Y251010404675,17966,108,86,1,3
Y251010519763,17973,386,384,6,14
Y251010593350,17955,792,782,2,6
Y251010751267,17995,1098,1058,5,12
Y251010798424,17981,422,420,8,17
Y251010825039,17971,897,893,8,18
Y251010830377,17989,1067,969,5,11
Y251010889329,17994,1016,969,4,10
Y251010938827,17999,101,101,2,6
Y251011066791,18046,442,442,7,16
Y251011181190,18025,904,896,4,10
Y251011228849,18071,459,445,9,19
Y251011280051,18051,531,463,7,15
Y251011298295,18022,314,314,1,2
Y251011378896,18039,616,551,7,16
Y251011623136,18065,1284,1226,8,17
Y251011624161,18048,516,516,6,14
Y251011648947,18006,509,509,6,14
Y251011698574,18050,890,884,6,14
Y251011707270,18005,215,215,1,2
Y251011711954,18010,962,956,4,10
Y251011741979,18078,878,870,7,16
Y251011752017,18038,782,776,6,14
Y251011821533,18058,165,147,24,50
Y251011835427,18014,597,533,2,6
Y251011886762,18011,349,347,3,8
Y251011958522,18055,637,595,6,14
Y251011993618,18054,600,596,11,24
Y251012014316,18118,846,764,8,18
Y251012064864,18154,661,621,13,27
Y251012118518,18115,443,415,4,10
Y251012150561,18117,995,995,6,14
Y251012177949,18157,383,383,5,12
Y251012221192,18086,1005,942,3,8
Y251012271296,18144,540,500,5,12
Y251012286182,18100,428,418,4,10
Y251012310887,18095,356,356,3,8
Y251012311779,18139,596,590,8,18
Y251012333574,18102,918,886,5,12
Y251012380000,18147,137,120,25,51
Y251012384053,18093,1038,1032,5,12
Y251012390064,18160,132,130,5,12
Y251012426406,18156,406,400,10,21
Y251012458988,18092,166,162,4,10
Y251012477376,18140,415,415,7,16
Y251012571086,18153,773,765,8,18
Y251012675145,18103,392,386,4,9
Y251012752519,18088,912,896,4,10
Y251012821069,18122,579,575,10,22
Y251012904243,18137,794,786,5,12
Y251012985860,18142,454,454,5,12
Y251012991412,18091,932,853,3,8
Y251013016157,18259,331,323,4,10
Y251013022657,18202,867,867,3,8
Y251013179153,18249,173,165,29,58
Y251013206818,18207,558,526,1,4
Y251013237040,18262,901,845,2,6
Y251013304947,18172,1030,972,2,6
Y251013426134,18185,915,913,4,10
Y251013439639,18241,640,638,7,16
Y251013469834,18227,477,469,5,12
Y251013469904,18273,223,223,6,13
Y251013491033,18225,493,493,9,20
Y251013516222,18264,1093,1068,9,20
Y251013619012,18164,1680,1615,5,11
Y251013802075,18166,956,880,3,8
Y251013964852,18224,398,398,6,14
Y251013973710,18237,934,934,8,18
Y251013995342,18233,325,325,1,4
Y251013995760,18220,710,708,8,18
Y251014022826,18286,838,828,4,10
Y251014088137,18339,848,844,7,16
Y251014321626,18385,1008,960,3,8
Y251014435097,18277,481,465,7,15
Y251014461824,18370,481,428,10,22
Y251014489658,18278,294,286,1,2
Y251014549817,18336,688,688,8,18
Y251014572349,18337,603,597,7,16
Y251014606732,18322,147,147,1,3
Y251014698237,18296,646,638,6,14
Y251014736104,18363,845,843,12,26
Y251014757340,18345,355,353,5,12
Y251014857080,18312,586,510,4,10
Y251014931108,18381,1693,1685,12,26
Y251015123452,18442,329,317,3,7
Y251015192369,18394,1014,976,6,14
Y251015214967,18443,456,412,5,12
Y251015222051,18396,285,279,1,2
Y251015226848,18454,1027,966,3,8
Y251015248739,18500,1046,1018,6,14
Y251015264149,18419,851,817,7,16
Y251015579472,18486,926,916,8,18
Y251015790029,18481,1063,1041,8,18
Y251015826396,18483,394,384,1,2
Y251015840273,18395,746,734,4,10
Y251015902461,18487,443,441,5,11
Y251015925260,18468,1011,1009,6,14
Y251016010965,18607,570,564,9,20
Y251016084811,18554,224,210,28,57
Y251016142252,18662,1564,1542,27,55
Y251016457583,18527,815,813,4,10
Y251016605835,18544,1033,1029,7,16
Y251016639645,18523,429,429,3,8
Y251016641645,18581,754,738,5,12
Y251016698728,18577,396,392,1,2
Y251016702629,18534,346,342,4,10
Y251016810843,18613,696,670,2,6
Y251016848098,18608,637,627,9,20
Y251017129950,18672,752,752,4,10
Y251017183023,18753,644,575,2,6
Y251017214026,18706,218,120,1,4
Y251017214183,18710,579,569,5,12
Y251017257744,18743,398,398,5,12
Y251017297369,18719,449,447,8,17
Y251017551012,18763,785,783,4,10
Y251017580099,18676,939,894,2,6
Y251017613488,18673,406,406,4,10
Y251017627236,18720,299,299,1,4
Y251017684166,18722,232,228,1,2
Y251017692672,18705,851,847,3,8
Y251017765893,18766,250,224,2,6
Y251017872647,18666,162,150,20,42
Y251017879771,18759,1143,1107,8,18
Y251018013117,18823,961,898,1,4
Y251018100372,18881,534,523,4,10
Y251018134430,18932,1010,1000,18,38
Y251018187616,18877,1016,990,7,16
Y251018276181,18896,456,442,1,2
Y251018391533,18892,990,986,5,12
Y251018411486,18872,511,492,5,12
Y251018480305,18816,644,640,3,8
Y251018519149,18839,843,841,4,10
Y251018581504,18814,371,371,6,14
Y251018697380,18893,632,614,6,14
Y251018733491,18917,300,298,3,7
Y251019013784,18997,624,624,14,29
Y251019041432,18979,712,684,1,2
Y251019046970,19020,641,639,7,15
Y251019150492,19038,1826,1786,22,46
Y251019169628,18955,684,674,12,26
Y251019243393,18948,1059,976,2,6
Y251019261128,18943,944,907,5,12
Y251019458814,18939,113,97,20,42
Y251019477819,19031,1149,1067,9,20
Y251019490256,18951,975,929,3,8
Y251019502340,19024,731,719,34,70
Y251019537181,19049,1002,1000,12,25
Y251019551701,19011,655,638,25,52
Y251019600174,18974,1082,1058,8,18
Y251019621730,18983,347,345,3,7
Y251019703567,19043,1074,1054,12,26
Y251019729371,18956,1964,1950,6,14
Y251019768147,18973,2259,2241,15,31
Y251019845291,18987,343,340,10,22
Y251019845987,19032,766,762,13,28
Y251019915622,18991,871,817,11,24
Y251019931502,18989,526,492,11,24
Y251019966576,19050,1136,1130,19,40
Y251020035901,19053,644,642,14,30
Y251020143349,19084,1084,1084,9,20
Y251020190245,19075,336,336,2,5
Y251020202330,19125,162,160,5,11
Y251020262651,19068,616,614,13,28
Y251020292494,19054,937,935,4,10
Y251020365849,19080,205,193,38,77
Y251020545199,19073,264,264,4,9
Y251020618188,19085,509,503,8,18
Y251020698183,19099,1550,1456,8,18
Y251020701052,19072,1056,1046,12,26
Y251020707118,19062,1045,1023,15,32
Y251020830840,19066,865,804,7,16
Y251021015934,19134,491,491,6,14
Y251021040375,19184,1013,1003,6,14
Y251021058846,19201,614,602,7,16
Y251021136037,19221,496,486,6,14
Y251021215791,19174,251,220,1,2
Y251021255535,19133,417,417,7,16
Y251021277984,19219,919,889,3,8
Y251021283653,19199,603,569,14,30
Y251021284825,19138,909,899,11,24
Y251021449807,19163,498,492,3,8
Y251021490911,19161,747,699,1,4
Y251021509085,19136,1102,1084,11,23
Y251021581125,19143,461,461,5,12
Y251021813346,19203,525,449,5,12
Y251021892387,19206,131,119,29,60
Y251021908082,19211,403,399,6,14
Y251022083989,19312,415,395,3,8
Y251022097536,19281,752,742,8,18
Y251022214846,19234,1153,1129,6,14
Y251022226589,19228,350,350,2,6
Y251022228056,19235,437,437,7,16
Y251022228520,19244,374,368,1,2
Y251022258450,19249,646,587,3,8
Y251022327662,19265,136,126,26,54
Y251022393366,19247,627,627,9,20
Y251022474735,19306,526,461,7,15
Y251022486654,19280,450,448,9,20
Y251022506894,19256,912,908,3,8
Y251022551064,19284,1042,1015,7,16
Y251022603888,19274,1671,1667,11,23
Y251022687645,19309,559,553,16,34
Y251022693455,19255,980,954,5,12
Y251022803418,19273,713,683,1,4
Y251022841576,19279,593,571,12,25
Y251022896202,19293,453,453,11,24
Y251022914519,19232,949,943,3,8
Y251022927645,19238,551,535,4,10
Y251022980042,19311,732,718,11,24
Y251023062329,19358,832,824,6,13
Y251023137231,19341,968,958,6,14
Y251023191080,19328,387,385,9,20
Y251023211425,19354,1661,1629,7,16
Y251023307041,19350,737,681,1,2
Y251023346276,19371,481,481,6,13
Y251023347414,19388,414,410,10,20
Y251023371748,19370,992,984,10,22
Y251023387369,19413,122,114,5,11
Y251023446139,19320,213,201,1,2
Y251023448135,19394,1756,1722,17,36
Y251023462019,19410,234,220,0,2
Y251023533103,19404,989,953,5,11
Y251023534892,19360,542,542,11,24
Y251023552549,19347,314,314,11,23
Y251023597739,19400,1021,1011,11,24
Y251023634871,19412,4013,4005,15,32
Y251023719785,19377,855,814,29,59
Y251023830687,19321,884,840,6,14
Y251023855241,19383,248,232,14,28
Y251023887867,19340,751,749,10,21
Y251023915446,19382,968,958,21,44
Y251023916419,19397,826,739,7,14
Y251023924144,19392,1040,980,9,20
Y251023936816,19395,491,481,1,2
Y251023994485,19323,951,899,1,4
Y251024200967,19421,1160,1158,11,23
Y251024423734,19472,644,644,15,31
Y251024428564,19444,750,750,20,42
Y251024468968,19441,1941,1911,22,46
Y251024548676,19422,651,649,1,4
Y251024582971,19453,1499,1464,17,36
Y251024585364,19436,621,603,5,11
Y251024637951,19451,1063,1059,10,22
Y251024643458,19467,1597,1587,25,51
Y251024760536,19428,2034,2024,9,20
Y251024770421,19457,1409,1409,25,52
Y251024960933,19423,855,824,13,28
Y251024966998,19478,1441,1419,22,46
Y251025117892,19515,1000,994,21,44
Y251025386270,19487,381,379,1,2
Y251025487360,19518,1079,997,7,16
Y251025603828,19516,658,638,13,28
Y251025621708,19501,1202,1178,11,24
Y251025642097,19502,145,137,2,5
Y251025656485,19483,603,589,25,51
Y251025780808,19519,1257,1243,9,20
Y251025796838,19490,2891,2883,18,37
Y251025920902,19488,767,707,29,60
Y251025932747,19482,1182,1099,12,26
Y251025955430,19540,3222,3210,14,30
Y251025977031,19489,505,503,4,9
Y251026279389,19574,976,968,9,19
Y251026291232,19566,1176,1154,17,36
Y251026471456,19561,424,424,0,2
Y251026609279,19576,1062,975,8,18
Y251026691473,19616,1649,1607,13,27
Y251026737247,19595,1541,1511,11,24
Y251026945087,19567,730,722,13,28
Y251026973125,19590,698,664,18,36
Y251026999249,19551,1901,1879,16,33
Y251027026059,19700,375,373,7,16
Y251027042870,19711,487,487,9,19
Y251027046377,19665,1339,1299,11,24
Y251027164294,19656,1011,1011,7,16
Y251027205174,19752,400,390,7,16
Y251027380962,19718,404,396,8,18
Y251027446269,19670,1039,1031,14,30
Y251027477952,19699,799,789,8,18
Y251027522342,19731,1110,1084,7,16
Y251027546502,19683,294,292,4,9
Y251027655555,19653,705,693,3,7
Y251027818772,19696,506,484,5,12
Y251027943736,19660,643,643,13,28
Y251027963308,19662,445,439,7,16
Y251027974566,19693,243,222,19,40
Y251028022206,19769,770,760,7,15
Y251028130290,19756,118,100,24,48
Y251028227547,19830,198,193,0,2
Y251028283180,19835,748,746,8,18
Y251028337645,19765,467,467,11,24
Y251028339831,19804,607,575,12,26
Y251028401346,19775,697,693,10,21
Y251028422586,19774,505,503,9,20
Y251028432679,19823,123,111,28,58
Y251028487059,19764,602,602,10,22
Y251028605075,19802,147,127,1,3
Y251028642890,19821,489,489,9,20
Y251028654448,19800,878,854,5,12
Y251028743005,19790,371,359,7,16
Y251028823208,19763,138,124,31,63
Y251028825026,19820,499,495,5,12
Y251028856278,19776,956,926,6,14
Y251029002355,19913,658,650,1,4
Y251029098924,19904,1614,1574,18,38
Y251029115627,19868,452,412,7,16
Y251029117765,19924,1049,989,17,36
Y251029124946,19895,621,613,13,27
Y251029154529,19850,408,408,9,20
Y251029162027,19862,1975,1971,8,18
Y251029250919,19914,1035,981,7,14
Y251029269146,19931,1267,1259,15,30
Y251029283894,19860,1074,1049,7,16
Y251029338837,19867,199,197,1,4
Y251029356162,19916,837,835,20,42
Y251029373047,19861,1185,1099,6,14
Y251029414656,19866,239,235,10,22
Y251029520993,19908,773,767,17,36
Y251029523826,19864,918,916,10,22
Y251029536732,19903,925,925,11,23
Y251029543015,19875,1430,1363,6,14
Y251029565495,19873,1131,1114,4,10
Y251029649789,19915,2637,2613,15,32
Y251029683732,19859,1125,1103,10,22
Y251029694938,19925,1585,1579,15,32
Y251029695191,19889,544,502,6,14
Y251029726396,19897,925,879,1,2
Y251029758686,19941,662,650,8,17
Y251029806617,19880,1267,1241,12,26
Y251029839459,19921,1240,1234,12,26
Y251029846301,19902,642,620,22,46
Y251029861507,19890,270,248,4,8
Y251029938423,19881,582,580,11,24
Y251029948841,19854,806,788,8,18
Y251029983155,19879,713,682,16,34
Y251029989508,19841,362,347,5,12
Y251030004540,20039,898,878,12,25
Y251030066666,19991,356,354,3,8
Y251030076515,19966,1023,1015,8,18
Y251030180425,19951,505,493,11,24
Y251030185302,20025,977,977,4,9
Y251030365534,19948,1742,1699,13,28
Y251030474510,20020,1149,1127,18,38
Y251030531789,19986,105,103,7,15
Y251030574710,19949,350,346,13,28
Y251030580177,20016,1234,1234,22,46
Y251030589440,19956,413,403,35,71
Y251030642456,20033,603,599,7,15
Y251030678696,20027,674,672,13,28
Y251030741494,19950,1228,1194,12,26
Y251030745238,20014,726,680,25,52
Y251030761188,20046,913,911,17,36
Y251030805878,20011,157,155,8,18
Y251030861065,20012,1516,1476,8,18
Y251030932063,19962,136,136,1,2
Y251030946042,19979,102,100,6,12
Y251031043837,20109,1102,1096,10,22
Y251031051286,20057,974,894,2,6
Y251031148976,20066,1200,1182,8,17
Y251031311304,20120,786,758,10,22
Y251031413845,20124,438,428,7,16
Y251031428697,20096,682,670,9,20
Y251031485585,20094,1052,1050,9,20
Y251031515784,20132,128,118,6,14
Y251031594820,20078,784,740,7,16
Y251031624882,20067,301,283,37,76
Y251031675430,20071,628,618,1,2
Y251031752024,20056,268,252,27,56
Y251031802940,20051,957,947,10,22
Y251031840753,20060,425,423,1,2
Y251031913894,20097,628,601,8,18
Y251101010158,20214,1829,1756,13,27
Y251101014758,20175,936,936,15,32
Y251101026027,20152,916,898,9,20
Y251101035941,20143,201,185,22,45
Y251101062657,20199,755,749,16,34
Y251101067243,20257,1136,1067,7,16
Y251101083197,20184,1537,1445,7,16
Y251101122771,20174,1181,1179,9,19
Y251101237604,20149,992,982,5,12
Y251101250730,20242,1317,1285,11,24
Y251101255878,20250,1178,1166,11,24
Y251101276776,20150,287,247,5,12
Y251101489449,20185,1162,1094,16,34
Y251101519301,20155,1035,979,6,14
Y251101562230,20196,1202,1202,11,23
Y251101705615,20237,901,886,11,24
Y251101767969,20244,281,279,6,13
Y251101771075,20178,1117,1058,9,20
Y251101771951,20148,918,916,8,18
Y251101785352,20161,372,370,1,2
Y251101842757,20251,1420,1316,8,17
Y251101863796,20234,300,286,46,92
Y251101884015,20165,300,292,42,85
Y251101939240,20188,563,545,11,24
Y251101939644,20198,485,462,14,30
Y251105515494,20365,138,138,1,3
Y251107022473,20394,158,144,24,50
Y251107040634,20468,240,240,9,18
Y251107075476,20445,1129,1082,17,36
Y251107107456,20396,801,783,8,17
Y251107149539,20422,974,970,11,24
Y251107184010,20491,149,147,4,9
Y251107190840,20483,583,503,8,17
Y251107197710,20441,129,115,6,13
Y251107203260,20433,305,303,11,24
Y251107227740,20408,1084,1039,9,20
Y251107232465,20419,348,348,1,2
Y251107291457,20454,489,473,9,19
Y251107329056,20443,435,431,1,2
Y251107345821,20409,555,543,1,4
Y251107391937,20484,1029,1019,19,40
Y251107403025,20472,1498,1448,10,22
Y251107435436,20406,1364,1306,7,16
Y251107460257,20476,664,662,9,19
Y251107466617,20453,1494,1494,13,28
Y251107471908,20429,952,926,11,24
Y251107545250,20447,1604,1604,12,26
Y251107564123,20465,648,645,15,32
Y251107588073,20469,649,649,14,30
Y251107638105,20460,504,484,32,66
Y251107662185,20420,1007,983,9,20
Y251107673320,20437,1170,1170,13,28
Y251107720618,20428,922,912,13,28
Y251107721155,20398,240,207,2,6
Y251107737429,20438,504,502,12,25
Y251107810876,20486,3355,3280,11,24
Y251107818741,20392,362,362,3,8
Y251107826892,20459,914,896,22,46
Y251107850644,20448,606,586,13,28
Y251107917358,20395,386,353,5,12
Y251107969665,20456,621,611,13,28
Y251107981762,20444,1023,1009,9,19
Y251107985421,20432,290,278,45,91
Y251107991501,20415,289,289,9,20
Y251108074660,20502,189,187,5,12
Y251108194680,20507,765,723,6,14
Y251108447946,20503,1025,1008,6,14
Y251108614695,20498,974,966,4,10
Y251108657213,20497,1057,994,7,16
Y251108815083,20504,758,752,7,16
Y251108967710,20493,1081,1050,13,28
Y251112041323,20657,2085,2075,20,41
Y251112056272,20690,219,217,4,10
Y251112090186,20632,1305,1303,10,22
Y251112104407,20687,881,771,11,24
Y251112149399,20683,973,862,16,34
Y251112154262,20650,654,598,18,37
Y251112194211,20669,653,649,16,33
Y251112262204,20602,689,689,9,20
Y251112293583,20637,998,962,11,24
Y251112296385,20674,414,412,6,14
Y251112304392,20663,500,494,10,21
Y251112341195,20599,565,542,6,14
Y251112356231,20647,418,370,12,26
Y251112370406,20684,671,669,10,20
Y251112427002,20603,468,468,6,14
Y251112463814,20615,574,574,1,4
Y251112486353,20634,1625,1541,9,20
Y251112520962,20639,977,958,4,10
Y251112521009,20675,539,535,9,20
Y251112610084,20668,322,320,1,2
Y251112705915,20624,195,183,33,68
Y251112741063,20636,1325,1299,10,22
Y251112748820,20604,264,252,24,49
Y251112769959,20678,783,773,16,34
Y251112781034,20626,735,729,9,20
Y251112793196,20643,1091,1079,13,28
Y251112839458,20608,855,851,10,22
Y251112887111,20605,896,896,6,14
Y251112922323,20612,1098,1072,8,18
Y251113040392,20740,530,528,11,24
Y251113065026,20787,981,979,6,13
Y251113109171,20693,1633,1596,4,10
Y251113143148,20736,527,519,14,30
Y251113160615,20719,2155,2153,16,33
Y251113174968,20761,1110,1096,11,24
Y251113185948,20722,434,422,10,22
Y251113196921,20702,765,763,12,26
Y251113218460,20712,849,839,8,18
Y251113235228,20733,1111,1090,14,30
Y251113250933,20775,341,310,2,4
Y251113303259,20701,717,715,7,16
Y251113324220,20716,1502,1445,4,10
Y251113343160,20755,1033,1023,18,38
Y251113463961,20764,894,884,11,24
Y251113517860,20778,358,356,6,14
Y251113526630,20790,2554,2548,22,46
Y251113562040,20705,1974,1919,16,33
Y251113564606,20724,1138,1102,7,16
Y251113597881,20746,1273,1271,18,38
Y251113613033,20695,306,304,2,6
Y251113628838,20717,938,899,3,8
Y251113691144,20697,446,446,6,14
Y251113699845,20710,1005,969,6,14
Y251113705989,20708,1103,1099,8,18
Y251113749314,20744,377,295,9,19
Y251113761647,20699,231,215,38,77
Y251113764390,20780,483,481,9,18
Y251113781872,20700,994,990,7,16
Y251113794599,20788,1399,1355,6,14
Y251113835630,20715,1325,1295,10,22
Y251113910406,20739,596,578,17,35
Y251113958124,20791,1422,1422,16,33
Y251113976177,20757,360,356,3,7
Y251114036574,20860,794,758,12,26
Y251114075845,20857,500,500,8,18
Y251114124382,20850,1588,1584,14,30
Y251114139756,20803,599,593,3,8
Y251114144275,20799,189,177,16,34
Y251114149478,20868,621,619,10,22
Y251114167071,20895,972,937,8,18
Y251114184206,20885,229,217,35,71
Y251114201238,20915,730,724,2,6
Y251114210330,20821,317,317,1,2
Y251114336101,20867,1055,1053,8,18
Y251114392807,20802,1017,965,9,20
Y251114470344,20883,358,358,1,4
Y251114498757,20801,1019,995,8,18
Y251114576752,20862,1341,1302,21,43
Y251114632196,20910,247,239,6,13
Y251114657820,20820,1397,1395,9,20
Y251114698575,20890,652,648,10,20
Y251114763363,20876,490,490,13,28
Y251114763873,20822,767,744,9,20
Y251114774332,20807,1037,995,3,8
Y251114787497,20836,729,729,9,20
Y251114799976,20898,689,611,7,15
Y251114818288,20849,870,858,11,24
Y251114860743,20878,374,372,8,18
Y251114874900,20806,1072,1025,3,8
Y251114891799,20856,659,657,10,22
Y251114902905,20853,474,413,13,28
Y251114909133,20816,1015,1007,6,14
Y251114912580,20870,928,914,23,46
Y251114915679,20847,477,463,7,16
Y251114960267,20861,293,291,1,4
Y251114963455,20873,980,980,12,26
Y251114997053,20888,2314,2238,10,20
Y251115027426,21023,207,199,4,10
Y251115052604,20956,394,394,4,9
Y251115061070,20940,404,404,7,16
Y251115061289,20991,547,543,10,22
Y251115063830,20969,727,723,11,24
Y251115065861,20936,519,519,7,16
Y251115139550,20933,813,799,12,26
Y251115211704,21006,576,572,12,25
Y251115229128,20926,1735,1672,8,17
Y251115245301,21028,168,150,1,4
Y251115273859,20982,106,106,0,2
Y251115306840,20955,884,882,15,31
Y251115317098,21037,440,438,4,10
Y251115325748,20992,1061,1037,8,18
Y251115340669,20968,555,480,13,28
Y251115344231,21020,1108,1068,6,14
Y251115355497,20935,807,786,4,10
Y251115375563,21033,352,352,4,10
Y251115418442,21011,706,675,5,12
Y251115432649,21004,1096,1082,10,22
Y251115448724,21030,916,892,3,8
Y251115475352,20929,1313,1288,15,31
Y251115491665,21022,1209,1145,7,16
Y251115523891,21025,112,104,28,57
Y251115566335,21018,2035,2021,10,20
Y251115638820,21027,176,176,1,2
Y251115653889,20965,1010,1004,7,16
Y251115675956,20931,809,638,5,10
Y251115695462,21014,1729,1723,10,22
Y251115756060,20947,896,861,2,6
Y251115759832,20949,1466,1423,9,20
Y251115785437,20990,576,572,10,21
Y251115803982,21031,541,511,1,4
Y251115837369,21024,465,465,7,16
Y251115847813,20958,744,744,12,25
Y251115889936,20924,1125,1111,6,14
Y251115940424,21035,908,880,4,10
Y251115943482,20957,1090,1039,8,18
Y251115945579,20959,564,538,4,10
Y251115976080,21016,297,289,6,14
Y251115978731,20938,402,386,8,17
Y251116049906,21114,641,631,5,11
Y251116065334,21125,447,417,12,26
Y251116088235,21096,762,722,17,35
Y251116115359,21086,569,569,1,2
Y251116126017,21050,795,791,10,22
Y251116134467,21127,1081,1055,8,18
Y251116140886,21106,594,582,6,13
Y251116147904,21047,363,357,8,18
Y251116253032,21064,122,122,1,4
Y251116263166,21112,2261,2249,9,18
Y251116287376,21133,449,443,0,2
Y251116296623,21109,768,708,6,13
Y251116301910,21104,372,368,10,22
Y251116333403,21100,1635,1635,12,26
Y251116356360,21081,884,874,13,28
Y251116380023,21076,708,702,2,6
Y251116453662,21039,947,893,4,10
Y251116463963,21132,961,932,5,12
Y251116473051,21135,879,828,13,28
Y251116476170,21093,1584,1576,15,30
Y251116502185,21130,737,727,14,30
Y251116507999,21077,1429,1404,11,24
Y251116668233,21072,543,543,15,32
Y251116682866,21102,561,561,10,22
Y251116724613,21067,1095,1038,12,26
Y251116729133,21048,1224,1210,6,14
Y251116748185,21063,527,525,10,22
Y251116774194,21051,835,816,13,27
Y251116792844,21053,122,106,5,11
Y251116814321,21065,1040,1012,5,12
Y251116880787,21080,1484,1457,7,16
Y251116881587,21073,545,538,14,30
Y251116987392,21119,534,530,3,8
Y251117035313,21168,276,266,1,2
Y251117037351,21209,854,854,12,26
Y251117052421,21220,1526,1520,1,2
Y251117061593,21170,411,403,10,21
Y251117063600,21169,1113,1077,13,28
Y251117079131,21197,820,802,18,38
Y251117144545,21147,557,555,6,14
Y251117155703,21222,1128,1126,7,16
Y251117168934,21200,1249,1229,14,30
Y251117207414,21179,1444,1436,5,12
Y251117221346,21257,699,671,4,10
Y251117224124,21143,410,394,23,48
Y251117273352,21262,466,432,9,20
Y251117280330,21229,337,329,33,68
Y251117282680,21208,503,499,7,15
Y251117312921,21226,631,631,4,9
Y251117330282,21175,977,955,5,12
Y251117338772,21244,2204,2145,7,15
Y251117389329,21215,1514,1455,11,24
Y251117391955,21187,511,354,5,11
Y251117413310,21213,501,501,8,18
Y251117414702,21260,437,435,8,18
Y251117419578,21184,444,442,4,10
Y251117430252,21264,308,308,2,5
Y251117457772,21238,1002,988,4,9
Y251117462388,21218,1272,1268,13,28
Y251117502257,21228,756,687,6,14
Y251117556352,21268,1323,1295,16,34
Y251117578436,21265,396,396,1,2
Y251117589757,21216,1146,1109,8,18
Y251117622623,21234,413,411,8,18
Y251117670233,21223,103,103,4,10
Y251117691269,21181,539,516,10,22
Y251117693317,21192,2172,2166,14,30
Y251117731527,21199,737,737,5,12
Y251117748713,21253,877,754,13,26
Y251117780032,21156,1100,1049,7,16
Y251117780928,21161,1499,1453,11,23
Y251117793276,21140,422,422,10,22
Y251117807095,21180,1904,1854,10,22
Y251117842425,21207,783,755,19,39
Y251117848245,21162,424,388,10,22
Y251117855844,21153,234,230,8,18
Y251117927490,21242,317,311,12,26
Y251117934141,21266,582,568,5,12
Y251117953156,21198,593,579,1,2
Y251117962729,21185,316,306,37,75
Y251117997582,21139,1202,1166,9,20
Y251118007435,21367,563,563,12,26
Y251118020013,21340,219,217,1,2
Y251118071343,21308,779,771,8,18
Y251118091741,21394,934,922,5,12
Y251118169402,21310,344,340,5,12
Y251118195018,21313,945,921,5,12
Y251118202123,21303,415,411,4,9
Y251118203283,21389,275,253,1,2
Y251118270093,21378,200,188,38,78
Y251118304281,21282,1025,1019,5,12
Y251118343920,21342,605,541,11,23
Y251118410951,21341,432,432,6,14
Y251118440920,21289,328,328,3,8
Y251118497617,21371,774,680,4,8
Y251118524822,21370,355,355,6,14
Y251118529210,21344,204,204,1,4
Y251118545224,21353,708,685,5,12
Y251118575640,21302,994,972,6,14
Y251118589915,21349,840,840,10,22
Y251118613884,21360,326,324,2,6
Y251118621403,21317,372,366,6,14
Y251118621659,21287,415,415,5,12
Y251118625728,21396,700,688,7,16
Y251118667057,21385,577,558,26,54
Y251118669390,21355,239,221,30,61
Y251118687371,21382,403,401,5,12
Y251118715699,21300,112,96,22,46
Y251118726371,21348,608,591,6,14
Y251118729042,21352,8262,8156,15,30
Y251118737369,21387,1216,1187,6,14
Y251118814865,21306,267,261,1,2
Y251118816404,21297,959,939,5,12
Y251118873492,21374,977,938,7,15
Y251118891926,21323,953,935,19,40
Y251118917343,21366,1133,1127,5,11
Y251118939806,21392,425,425,9,20
Y251118980780,21379,501,497,10,21
Y251119025857,21425,786,659,5,10
Y251119038277,21423,1687,1663,11,24
Y251119067232,21490,840,826,15,32
Y251119091568,21434,597,593,13,27
Y251119092294,21416,1241,1219,19,40
Y251119143486,21402,982,917,11,24
Y251119165046,21424,307,293,34,69
Y251119169301,21401,1551,1529,19,40
Y251119193441,21458,376,362,15,31
Y251119239931,21403,800,794,9,20
Y251119252029,21451,761,715,17,36
Y251119318294,21492,761,761,13,27
Y251119319093,21413,1569,1567,15,32
Y251119322880,21455,530,484,15,31
Y251119381544,21480,878,874,14,30
Y251119404353,21489,867,853,14,30
Y251119492839,21453,522,522,7,15
Y251119534060,21448,1476,1470,14,29
Y251119555683,21405,639,639,6,14
Y251119655341,21420,419,417,6,12
Y251119672015,21465,2176,2117,18,37
Y251119735593,21433,535,531,11,24
Y251119769107,21426,1875,1871,15,32
Y251119775239,21478,231,229,1,3
Y251119775823,21415,155,155,1,4
Y251119849951,21404,406,386,40,82
Y251119909440,21460,1045,981,16,34
Y251119929441,21436,1483,1359,10,22
Y251119964372,21474,538,520,45,91
Y251119966589,21442,288,288,7,15
Y251119987017,21461,361,357,13,27
Y251119988398,21428,686,686,17,36
Y251119993795,21485,1285,1281,14,29
Y251120062944,21552,3232,3220,22,46
Y251120091333,21576,934,890,14,30
Y251120157942,21545,1259,1237,15,32
Y251120171218,21546,339,305,13,27
Y251120197813,21516,1000,1000,12,26
Y251120213004,21562,1345,1305,12,26
Y251120218632,21610,1764,1762,8,18
Y251120256023,21512,187,173,29,58
Y251120271908,21513,158,158,0,2
Y251120288732,21548,1357,1331,17,36
Y251120314673,21605,1727,1695,27,56
Y251120328638,21589,689,689,18,38
Y251120333481,21549,531,494,8,18
Y251120333626,21506,1290,1255,6,14
Y251120360726,21581,505,503,5,12
Y251120391183,21577,942,936,6,13
Y251120411769,21566,1953,1945,17,36
Y251120414571,21502,561,555,5,12
Y251120418362,21534,759,757,16,34
Y251120422880,21572,1201,1169,15,32
Y251120425901,21596,1353,1185,13,27
Y251120433928,21573,834,792,45,92
Y251120524679,21539,674,616,9,20
Y251120533235,21593,294,286,45,90
Y251120543004,21514,390,390,4,9
Y251120548831,21510,1120,1060,12,26
Y251120572804,21547,1047,1035,1,2
Y251120604410,21597,2241,2152,19,40
Y251120607539,21541,424,414,12,26
Y251120625504,21551,779,769,13,28
Y251120641515,21504,769,723,9,20
Y251120652863,21537,779,741,8,18
Y251120661194,21530,914,894,15,32
Y251120770278,21523,478,472,9,20
Y251120780011,21531,501,501,11,24
Y251120823700,21600,752,750,7,16
Y251120838163,21602,2254,2254,14,29
Y251120869812,21599,302,302,1,2
Y251120898905,21570,752,685,13,28
Y251120902575,21582,1826,1824,17,36
Y251121023042,21633,1169,1133,12,26
Y251121033914,21635,1496,1492,15,32
Y251121075869,21613,537,523,26,53
Y251121112628,21625,1096,1062,18,37
Y251121113249,21671,474,474,1,2
Y251121150925,21693,949,872,9,20
Y251121184092,21649,1360,1296,12,26
Y251121203515,21650,1404,1137,12,26
Y251121222971,21646,2519,2461,20,40
Y251121229610,21663,2366,2321,19,39
Y251121289055,21634,1192,1192,14,30
Y251121333578,21652,1107,1047,15,32
Y251121375626,21648,1561,1561,17,36
Y251121410608,21708,357,349,28,58
Y251121458476,21713,751,747,15,32
Y251121473203,21645,1399,1378,18,38
Y251121487406,21628,1510,1482,20,42
Y251121530969,21655,602,592,81,162
Y251121548783,21688,838,838,18,38
Y251121550848,21641,794,776,16,34
Y251121592659,21639,539,533,10,22
Y251121593448,21666,1789,1759,25,51
Y251121598084,21660,1429,1373,23,48
Y251121615563,21658,851,849,1,2
Y251121703784,21690,919,857,11,24
Y251121749186,21661,315,313,9,20
Y251121755682,21714,297,295,2,6
Y251121760150,21670,740,740,19,40
Y251121773240,21630,1305,1269,18,38
Y251121795191,21709,2055,2049,11,23
Y251121807584,21680,598,592,5,11
Y251121817661,21657,213,213,12,26
Y251121867253,21622,587,573,13,28
Y251121934040,21624,825,775,20,41
Y251121995298,21614,912,904,7,15
Y251122006147,21736,1356,1344,15,32
Y251122011084,21781,2189,2121,44,89
Y251122029973,21723,137,116,6,12
Y251122032879,21717,575,575,10,22
Y251122041308,21828,290,288,2,6
Y251122093067,21815,434,432,6,14
Y251122142963,21824,142,142,4,10
Y251122145059,21756,283,266,1,2
Y251122154127,21794,1112,1112,27,55
Y251122163630,21728,1658,1600,24,49
Y251122164378,21810,958,823,18,36
Y251122193163,21807,991,967,6,14
Y251122194457,21744,1622,1586,12,26
Y251122201668,21818,3063,3037,10,22
Y251122235784,21834,1577,1549,14,30
Y251122254194,21805,427,423,37,74
Y251122319364,21772,872,862,19,40
Y251122358943,21830,1436,1434,9,20
Y251122370659,21719,755,734,33,68
Y251122383321,21793,897,897,18,37
Y251122407866,21806,467,445,58,118
Y251122420522,21758,696,686,15,31
Y251122425134,21777,547,527,65,131
Y251122433485,21771,2235,2235,24,48
Y251122462961,21773,787,781,10,21
Y251122521824,21829,1586,1553,13,27
Y251122537340,21809,572,562,7,15
Y251122539810,21753,1295,1275,11,24
Y251122556246,21780,1300,1298,26,52
Y251122584252,21821,742,721,9,20
Y251122637304,21720,1667,1637,13,28
Y251122672114,21789,178,178,6,13
Y251122707242,21804,1033,1023,14,30
Y251122709929,21778,1122,1122,21,43
Y251122744439,21742,461,457,5,10
Y251122770714,21724,1192,1167,14,30
Y251122864711,21769,1353,1277,19,40
Y251122872611,21768,647,647,10,21
Y251122872832,21721,578,576,9,20
Y251122950768,21727,1527,1491,14,30
Y251122970632,21783,1304,1300,30,62
Y251123003588,21871,275,263,28,57
Y251123064538,21860,778,762,20,41
Y251123083485,21884,1070,1050,20,42
Y251123226219,21838,1240,1191,11,24
Y251123286401,21882,567,515,24,49
Y251123305812,21903,330,322,8,16
Y251123315762,21842,1770,1768,17,36
Y251123351963,21928,853,831,2,6
Y251123356053,21933,1229,1229,13,28
Y251123356198,21852,148,148,2,5
Y251123357231,21906,1144,1062,10,22
Y251123388474,21916,1163,1132,15,31
Y251123459855,21879,296,280,40,81
Y251123490645,21930,1431,1406,16,34
Y251123533245,21890,378,370,6,14
Y251123566574,21939,1333,1317,9,20
Y251123572637,21863,1210,1208,25,52
Y251123653695,21892,665,655,25,51
Y251123657865,21887,697,697,15,31
Y251123704932,21909,894,888,9,19
Y251123794212,21865,1181,1181,24,49
Y251123813811,21864,371,367,1,4
Y251123823614,21873,626,626,16,34
Y251123827171,21835,612,612,1,2
Y251123909498,21900,1016,1016,10,21
Y251123926986,21931,1427,1427,12,26
Y251123974931,21867,657,653,1,2
Y251124057138,21989,1853,1851,13,28
Y251124073009,22010,1134,1058,9,20
Y251124150356,22039,309,309,1,4
Y251124163868,22013,1422,1414,12,25
Y251124190773,21980,660,658,17,36
Y251124194835,22046,2069,2041,12,26
Y251124198285,21966,403,380,43,88
Y251124212975,22014,1230,1228,13,28
Y251124230645,22019,616,544,3,8
Y251124234049,21954,1284,1282,21,44
Y251124400365,22044,1225,1225,12,26
Y251124427930,21991,176,164,28,58
Y251124433042,21986,1245,1229,10,20
Y251124481813,22028,228,216,25,51
Y251124490566,22029,372,366,8,18
Y251124583657,21959,1353,1323,16,33
Y251124642652,22038,251,251,1,2
Y251124648791,22037,648,638,11,23
Y251124723096,21940,218,218,1,2
Y251124727537,22041,442,433,8,18
Y251124782461,21942,2420,2377,11,23
Y251124806174,22022,644,638,10,21
Y251124808816,22040,1345,1302,11,24
Y251124858366,22009,1654,1624,26,53
Y251124907898,22003,452,444,11,22
Y251124931884,21983,1335,1284,9,19
Y251124938028,21967,1495,1458,19,40
Y251125027644,22138,1294,1288,18,37
Y251125036849,22090,911,864,10,22
Y251125065831,22056,602,600,11,23
Y251125087245,22144,1078,1074,16,34
Y251125095741,22093,1208,1176,13,28
Y251125097965,22142,1718,1698,10,22
Y251125116251,22051,1257,1247,12,26
Y251125137923,22109,314,314,9,19
Y251125142499,22112,217,215,4,8
Y251125161543,22059,1114,1070,10,22
Y251125224840,22107,392,390,1,2
Y251125284765,22149,1291,1207,16,34
Y251125285936,22130,1618,1578,13,28
Y251125295381,22065,325,305,38,78
Y251125300614,22077,614,614,13,28
Y251125342860,22072,568,560,10,21
Y251125360987,22110,1101,1095,13,28
Y251125390694,22141,2001,1949,21,43
Y251125492920,22140,921,915,12,25
Y251125507312,22098,156,156,4,9
Y251125508152,22060,886,880,14,30
Y251125529432,22156,1114,1108,12,26
Y251125547542,22113,1417,1389,20,42
Y251125549052,22147,1388,1386,14,30
Y251125553546,22105,1047,1015,13,27
Y251125610822,22089,768,766,6,14
Y251125618251,22073,1232,1228,15,32
Y251125619855,22083,632,596,50,102
Y251125621482,22071,1724,1722,21,44
Y251125727653,22106,205,205,3,8
Y251125762415,22120,1883,1801,13,28
Y251125825498,22132,409,403,6,13
Y251125826573,22157,997,985,10,22
Y251125841212,22152,404,404,3,8
Y251125872323,22069,1216,1197,18,37
Y251125896241,22054,2518,2490,17,35
Y251125935816,22158,625,625,11,24
Y251125969182,22151,254,234,37,74
Y251126038641,22240,2868,2844,13,27
Y251126067424,22176,1701,1611,15,31
Y251126080760,22175,1139,1137,9,20
Y251126097752,22242,1976,1974,14,29
Y251126122378,22172,808,800,8,17
Y251126153073,22213,1005,973,19,40
Y251126191042,22188,1264,1242,17,36
Y251126237841,22243,2871,2783,21,44
Y251126268604,22177,673,667,2,6
Y251126298227,22166,442,440,6,14
Y251126312051,22238,734,734,14,30
Y251126349287,22167,982,921,16,33
Y251126397691,22241,1959,1957,21,43
Y251126421683,22222,2420,2420,18,37
Y251126515985,22194,2224,2189,27,54
Y251126530584,22202,415,415,8,17
Y251126603840,22225,865,863,1,2
Y251126651541,22191,1652,1630,22,46
Y251126691109,22268,1388,1380,15,32
Y251126693223,22261,1048,1028,16,33
Y251126699195,22247,1911,1881,41,84
Y251126724540,22197,999,955,14,29
Y251126754860,22170,673,661,10,22
Y251126780611,22183,437,427,12,25
Y251126850081,22182,208,206,0,2
Y251126889289,22174,1461,1449,8,18
Y251126900240,22195,1342,1336,24,49
Y251127008668,22271,1287,1273,15,32
Y251127087057,22279,1343,1329,11,23
Y251127116822,22309,1139,1106,13,28
Y251127203652,22327,575,565,12,25
Y251127326699,22310,304,288,39,80
Y251127527456,22293,470,455,18,37
Y251127575912,22339,257,255,42,84
Y251127681910,22276,1188,1184,24,50
Y251127796968,22365,230,224,3,7
Y251127821459,22294,315,313,1,2
Y251127842170,22334,978,962,18,37
Y251127852057,22317,636,634,11,24
Y251127858414,22315,496,488,12,26
Y251127883831,22356,2754,2697,15,32
Y251127916806,22335,1333,1249,8,17
Y251127928754,22325,942,932,8,17
Y251127964654,22357,1054,747,16,32
Y251127988416,22289,1075,1073,12,25
Y251128091138,22423,583,577,9,20
Y251128093000,22481,470,448,3,8
Y251128175780,22393,1160,1130,11,24
Y251128178979,22398,587,581,15,31
Y251128199879,22382,230,230,8,17
Y251128268506,22447,840,838,14,30
Y251128279996,22427,640,602,10,21
Y251128307966,22488,107,97,21,43
Y251128312140,22375,368,368,1,2
Y251128315686,22476,684,680,8,17
Y251128345575,22473,680,668,6,14
Y251128348953,22439,372,368,1,2
Y251128391653,22387,642,636,10,22
Y251128395791,22467,189,187,1,2
Y251128515213,22477,1820,1785,12,24
Y251128594188,22489,1113,1076,15,32
Y251128652564,22385,153,147,24,50
Y251128697421,22368,400,386,7,14
Y251128712605,22367,1070,1070,6,14
Y251128724495,22381,209,195,37,76
Y251128749022,22492,510,452,6,13
Y251128750070,22378,745,732,10,22
Y251128774978,22380,1221,1173,12,26
Y251128820496,22384,482,429,11,24
Y251128832912,22386,474,472,10,22
Y251128908463,22440,1242,1240,13,28
Y251128915719,22370,580,580,10,21
Y251128946123,22443,588,533,11,23
Y251129053353,22642,578,572,5,12
Y251129060738,22622,1052,1020,5,12
Y251129072984,22529,621,621,13,28
Y251129169142,22516,433,433,1,2
Y251129172103,22636,245,243,3,8
Y251129198406,22499,684,662,9,19
Y251129206519,22532,253,233,31,63
Y251129222936,22570,1005,990,3,7
Y251129230586,22508,1098,1062,7,16
Y251129288033,22587,2290,2252,5,11
Y251129310206,22519,419,413,10,22
Y251129346178,22604,460,454,7,15
Y251129357583,22618,433,433,5,12
Y251129429514,22631,1245,1223,5,12
Y251129451912,22525,736,689,10,20
Y251129509525,22542,547,537,10,22
Y251129553381,22507,1055,1033,9,20
Y251129628727,22637,539,517,0,2
Y251129686071,22592,668,668,18,38
Y251129695292,22578,693,683,6,14
Y251129766600,22524,1183,1181,4,9
Y251129795998,22561,769,738,14,29
Y251129800938,22512,426,418,6,14
Y251129817106,22579,187,187,1,3
Y251129840583,22641,295,289,31,64
Y251129887855,22619,454,452,4,9
Y251129918779,22497,1161,1127,12,26
Y251129955361,22628,369,369,1,2
Y251129974331,22534,862,856,6,14
Y251129988845,22624,357,355,4,10
Y251130008117,22782,798,796,16,33
Y251130028035,22657,1065,1037,9,20
Y251130029465,22672,417,415,1,2
Y251130049185,22649,621,619,10,22
Y251130051900,22647,541,533,3,8
Y251130062642,22770,344,338,3,8
Y251130082962,22781,437,437,5,11
Y251130097135,22669,853,722,10,20
Y251130105198,22790,641,629,9,19
Y251130113710,22776,1239,1209,7,16
Y251130137081,22788,664,658,9,20
Y251130137094,22724,327,319,42,85
Y251130163981,22654,628,610,6,14
Y251130169511,22766,787,773,11,24
Y251130251223,22768,1970,1907,7,15
Y251130263901,22690,1561,1559,15,32
Y251130281791,22760,935,910,6,14
Y251130293380,22771,776,772,13,28
Y251130339983,22756,960,930,13,27
Y251130351881,22757,205,195,34,70
Y251130377491,22789,1613,1473,4,10
Y251130450099,22667,472,472,8,18
Y251130578323,22677,1365,1317,8,17
Y251130581312,22722,1388,1360,12,26
Y251130635452,22747,800,786,8,18
Y251130673213,22764,1737,1719,17,35
Y251130706402,22653,646,590,8,18
Y251130727407,22720,963,959,10,22
Y251130734491,22725,767,765,15,32
Y251130769948,22779,480,480,16,34
Y251130842138,22693,578,566,12,26
Y251130924190,22780,722,718,1,2
Y251130945173,22755,674,674,8,17
Y251130987368,22686,1204,1189,17,36
Y251201031890,22800,983,945,9,20
Y251201043673,22884,760,758,1,2
Y251201071490,22898,1916,1910,15,30
Y251201122498,22832,121,121,0,2
Y251201124567,22804,113,101,24,49
Y251201129463,22871,934,894,17,36
Y251201140896,22854,932,910,16,34
Y251201141263,22890,1031,1023,7,16
Y251201155138,22843,1061,1057,9,20
Y251201174360,22817,474,464,3,7
Y251201220695,22878,478,466,57,116
Y251201252987,22893,556,552,17,35
Y251201281678,22880,473,455,12,25
Y251201299444,22796,656,650,8,18
Y251201330461,22870,485,475,12,26
Y251201343306,22803,140,125,27,55
Y251201437422,22849,709,703,9,20
Y251201438424,22867,517,515,11,24
Y251201440840,22798,1078,1039,6,14
Y251201495468,22866,759,747,13,28
Y251201535435,22863,913,851,17,36
Y251201578080,22819,640,570,10,22
Y251201635829,22801,474,458,9,20
Y251201638339,22877,685,683,5,11
Y251201674511,22859,1401,1353,12,26
Y251201692199,22886,1989,1955,4,8
Y251201712113,22816,372,370,6,14
Y251201764488,22813,429,427,9,20
Y251201817646,22868,1057,1015,6,14
Y251201818724,22792,1481,1467,7,15
Y251201852418,22802,460,458,9,20
Y251201874513,22850,1117,1089,10,22
Y251201876361,22842,859,839,11,23
Y251201967530,22883,1503,1336,8,17
Y251201979088,22864,217,209,32,65
Y251202058913,22935,1324,1324,15,32
Y251202162768,23007,716,628,3,8
Y251202172241,22961,650,610,14,30
Y251202226214,22906,858,830,1,4
Y251202280782,22959,838,820,14,30
Y251202309450,22930,1254,1232,6,14
Y251202318000,22958,1033,1031,15,32
Y251202391892,22993,447,447,7,16
Y251202398276,22908,525,525,15,32
Y251202421242,22929,422,418,1,2
Y251202456685,22936,560,560,12,26
Y251202458943,22985,428,426,5,12
Y251202492723,22901,1223,1223,11,24
Y251202529738,23004,554,550,8,18
Y251202583015,22921,411,373,15,32
Y251202612761,22984,1062,1034,8,17
Y251202630078,22941,346,338,26,52
Y251202664852,22998,1030,1008,10,21
Y251202666745,22912,856,842,12,26
Y251202682476,22913,733,683,14,29
Y251202702648,22905,1006,988,15,32
Y251202730427,23000,1262,1230,8,18
Y251202746909,22915,880,709,15,30
Y251202755786,22981,424,424,6,14
Y251202800557,23001,954,936,13,28
Y251202802966,22965,550,550,10,22
Y251202805861,22939,1029,979,8,17
Y251202887697,22909,383,375,10,22
Y251202900794,23010,402,398,2,4
Y251202901264,22924,1140,1102,13,28
Y251202924537,22910,1126,1072,13,28
Y251202925472,23008,447,445,5,12
Y251203007528,23121,1980,1952,14,29
Y251203041628,23124,152,140,4,9
Y251203148202,23134,1241,1235,17,34
Y251203207442,23083,1098,1090,12,26
Y251203213938,23105,575,529,13,27
Y251203220096,23015,809,799,11,24
Y251203235209,23066,1646,1608,13,28
Y251203247135,23106,1199,1171,8,18
Y251203271805,23104,943,921,10,22
Y251203275998,23072,246,238,34,70
Y251203298789,23087,376,374,1,2
Y251203348631,23044,397,391,12,25
Y251203377665,23094,1054,1054,11,24
Y251203378866,23118,629,629,11,24
Y251203384361,23011,1072,1038,6,13
Y251203421011,23092,1185,1145,12,26
Y251203467147,23019,478,475,10,22
Y251203507579,23075,859,855,12,26
Y251203550664,23131,212,212,6,13
Y251203604062,23017,847,632,6,14
Y251203617273,23040,107,99,2,6
Y251203688901,23018,551,551,10,21
Y251203697856,23102,737,729,8,18
Y251203716504,23036,550,550,12,25
Y251203740856,23081,728,688,5,12
Y251203754523,23130,444,444,7,16
Y251203762480,23023,561,543,5,12
Y251203763613,23022,587,587,4,10
Y251203827650,23067,241,221,6,13
Y251203841140,23041,445,445,11,24
Y251203852499,23128,341,263,2,5
Y251203858239,23116,1701,1652,11,23
Y251203910933,23060,457,425,8,17
Y251203940607,23135,645,638,6,14
Y251203957300,23043,153,147,33,66
Y251204043172,23143,423,421,1,3
Y251204074117,23205,759,751,6,14
Y251204116369,23200,141,127,31,63
Y251204216033,23214,506,496,5,12
Y251204271222,23213,335,329,4,10
Y251204289974,23148,137,127,27,55
Y251204314540,23149,411,409,8,18
Y251204388439,23197,138,138,3,7
Y251204390737,23152,552,544,2,6
Y251204442861,23228,387,379,5,12
Y251204491323,23156,988,954,8,18
Y251204513321,23153,783,704,5,12
Y251204515059,23211,869,853,7,15
Y251204524827,23204,146,138,31,64
Y251204561931,23150,895,875,11,23
Y251204593702,23223,323,323,7,15
Y251204613016,23191,2437,2350,9,19
Y251204617328,23215,252,248,7,15
Y251204620487,23163,458,456,9,20
Y251204637731,23207,175,145,2,6
Y251204777401,23155,935,917,4,10
Y251204871257,23184,453,436,12,25
Y251204871280,23154,1254,1232,7,15
Y251204901433,23160,1100,1078,7,16
Y251204917146,23161,469,467,6,14
Y251204938028,23151,1193,1193,14,29
Y251204950384,23217,199,189,5,12
Y251204984845,23229,2055,2003,11,23
Y251204985208,23166,344,306,8,16
Y251205048844,23297,615,615,15,32
Y251205061998,23361,226,214,39,79
Y251205072090,23365,240,232,43,88
Y251205074818,23364,262,254,12,26
Y251205140999,23233,471,471,8,18
Y251205204112,23245,1235,1235,13,27
Y251205209529,23246,988,956,5,12
Y251205225365,23290,1114,1090,15,32
Y251205236879,23234,687,687,10,21
Y251205262270,23370,590,584,8,18
Y251205267057,23366,1247,1241,12,26
Y251205267754,23275,837,748,9,20
Y251205335916,23347,735,723,7,15
Y251205349484,23343,704,702,15,31
Y251205384275,23349,1471,1436,9,19
Y251205417208,23283,771,771,15,32
Y251205446455,23350,258,258,0,2
Y251205519768,23319,937,925,18,37
Y251205531743,23320,827,827,10,22
Y251205543067,23242,540,517,5,11
Y251205549635,23257,257,255,7,16
Y251205559223,23278,351,326,1,2
Y251205575147,23322,1635,1581,12,26
Y251205602032,23348,1136,1117,15,31
Y251205609313,23249,513,513,7,16
Y251205611006,23335,315,301,49,100
Y251205622276,23250,547,545,12,24
Y251205681232,23291,435,435,1,2
Y251205738887,23341,1304,1276,14,30
Y251205753884,23256,1761,1685,16,34
Y251205773857,23324,755,743,17,35
Y251205802998,23314,351,351,1,2
Y251205806109,23240,947,929,7,16
Y251205948555,23318,756,756,17,36
Y251205950133,23231,1199,991,6,14
Y251205971278,23311,584,540,15,31
Y251205994297,23253,147,131,29,58
Y251206006606,23533,1149,1147,5,12
Y251206024632,23492,537,537,11,24
Y251206029889,23392,434,434,1,2
Y251206039367,23375,401,401,1,2
Y251206043083,23532,730,730,10,22
Y251206060980,23388,1203,1171,7,16
Y251206104272,23490,2474,2379,13,27
Y251206106909,23501,1158,1142,17,36
Y251206114689,23423,992,992,12,26
Y251206167866,23470,809,807,17,36
Y251206179828,23471,689,669,8,17
Y251206216639,23406,436,436,11,24
Y251206239394,23374,739,729,8,18
Y251206261230,23497,528,528,12,24
Y251206301239,23500,1227,1207,17,36
Y251206354687,23380,528,528,6,14
Y251206449151,23499,1034,1007,14,30
Y251206491047,23478,904,793,12,24
Y251206492596,23379,976,956,8,18
Y251206505097,23422,238,224,36,74
Y251206582818,23403,129,118,32,66
Y251206583957,23444,1091,1073,15,32
Y251206594710,23402,549,499,13,27
Y251206623162,23483,638,638,15,32
Y251206629292,23393,544,544,9,20
Y251206653118,23439,1227,1223,10,20
Y251206696573,23496,434,430,7,16
Y251206700763,23488,391,389,11,23
Y251206707736,23482,854,836,9,20
Y251206722746,23378,532,532,3,8
Y251206728558,23463,453,447,4,8
Y251206734656,23399,1308,1248,34,69
Y251206890132,23419,1508,1504,11,24
Y251206890663,23502,172,172,6,13
Y251206895464,23484,890,890,11,23
Y251206922615,23525,197,197,10,22
Y251206924266,23412,920,846,5,12
Y251206946976,23523,723,675,3,6
Y251206953229,23467,703,689,18,37
Y251207028018,23675,161,151,1,2
Y251207075270,23682,625,603,11,24
Y251207100549,23687,206,204,1,4
Y251207188461,23694,710,708,5,12
Y251207251355,23644,549,549,8,18
Y251207273542,23543,652,634,11,24
Y251207357776,23541,498,498,6,14
Y251207366899,23574,1572,1568,15,32
Y251207379113,23685,2252,2214,9,19
Y251207379208,23658,201,201,7,15
Y251207403793,23555,498,498,5,12
Y251207440109,23683,408,406,6,12
Y251207473650,23551,1105,1055,11,23
Y251207487297,23648,541,539,6,14
Y251207504173,23567,593,591,16,34
Y251207522797,23640,158,156,34,69
Y251207565009,23619,277,269,8,18
Y251207567682,23663,561,554,5,11
Y251207622117,23662,1163,1119,8,17
Y251207629393,23535,541,541,4,10
Y251207636877,23540,459,459,1,2
Y251207647431,23660,835,820,3,7
Y251207695833,23697,311,308,5,12
Y251207729939,23605,611,564,12,25
Y251207734089,23609,518,514,11,24
Y251207739348,23623,474,460,9,19
Y251207748088,23579,917,909,8,18
Y251207817963,23659,586,586,10,22
Y251207818114,23571,714,714,13,28
Y251207851223,23630,1475,1471,8,17
Y251207881414,23577,1122,1122,10,21
Y251207947734,23556,180,172,42,85
Y251207986016,23552,623,623,11,24
Y251208025643,23727,160,145,30,61
Y251208045738,23732,423,423,7,15
Y251208168154,23704,1209,1205,6,14
Y251208178749,23801,105,105,1,4
Y251208240433,23838,780,764,3,7
Y251208242540,23844,196,190,3,8
Y251208304381,23739,482,470,11,24
Y251208335895,23701,401,330,6,13
Y251208389251,23804,339,335,5,11
Y251208419072,23766,459,455,4,10
Y251208449161,23807,607,601,9,19
Y251208522133,23824,455,455,7,16
Y251208548103,23763,1147,1145,8,18
Y251208589537,23781,399,349,7,16
Y251208613118,23833,154,150,26,54
Y251208633539,23843,367,361,7,15
Y251208648517,23847,681,617,2,5
Y251208666582,23839,329,329,1,2
Y251208928638,23710,254,250,6,14
Y251208948647,23746,769,729,7,15
Y251208963340,23724,143,139,10,22
Y251209132281,23851,536,536,10,22
Y251209268326,23888,430,376,10,20
Y251209335602,23862,1054,1036,10,22
Y251209418397,23974,920,832,3,8
Y251209430700,23973,367,358,6,13
Y251209496673,23860,257,249,47,96
Y251209559808,23858,615,605,8,18
Y251209588763,23965,1695,1661,8,17
Y251209693790,23923,712,678,16,33
Y251209788805,23970,1041,1029,5,11
Y251209875065,23880,941,852,12,26
Y251209875984,23940,296,294,1,4
Y251209890429,23925,356,356,1,2
Y251209891781,23884,771,763,13,28
Y251209893559,23960,628,604,11,23
Y251209954604,23947,1194,1190,7,16
Y251210105843,24059,551,551,5,12
Y251210207931,24098,322,320,3,8
Y251210257390,24061,434,432,4,10
Y251210281208,24005,1161,1121,11,23
Y251210312473,24099,786,706,4,10
Y251210355213,24001,1064,1056,8,18
Y251210380001,24049,416,416,1,2
Y251210561995,24046,459,459,7,16
Y251210578102,24069,250,220,39,79
Y251210618634,24052,977,967,7,16
Y251210673119,24086,559,559,5,12
Y251210715175,24095,445,443,6,14
Y251210725168,24076,523,508,8,17
Y251210818279,24055,509,499,5,12
Y251210821285,24114,1179,1163,9,19
Y251210878697,24109,1106,1106,5,12
Y251211021481,24166,514,510,8,18
Y251211046276,24172,458,458,8,18
Y251211172704,24124,363,361,1,2
Y251211230049,24256,1150,1128,7,16
Y251211275834,24264,516,508,6,14
Y251211294825,24271,456,456,11,24
Y251211301004,24153,1159,1132,11,24
Y251211311167,24130,412,412,6,14
Y251211311495,24223,455,451,7,16
Y251211356480,24265,365,365,3,7
Y251211360726,24159,1222,1218,12,25
Y251211363851,24250,539,521,8,17
Y251211397514,24278,108,108,1,2
Y251211459207,24150,467,451,11,24
Y251211478692,24230,590,558,9,19
Y251211511427,24131,557,535,10,22
Y251211655554,24120,762,746,11,24
Y251211676581,24283,406,402,5,11
Y251211693612,24272,415,397,9,20
Y251211707583,24203,169,155,39,79
Y251211809739,24280,1023,1019,8,17
Y251211883169,24134,501,501,9,20
Y251211930198,24233,1072,1060,14,30
Y251211942273,24151,512,512,9,20
Y251211952822,24243,215,215,6,14
Y251211964986,24259,771,628,4,9
Y251211969276,24211,1015,981,8,18
Y251211987561,24210,607,607,7,16
Y251212026850,24284,477,473,8,18
Y251212032172,24367,962,928,17,36
Y251212052143,24349,594,594,9,20
Y251212058151,24356,328,323,8,16
Y251212116536,24388,476,476,5,12
Y251212141314,24338,766,736,6,13
Y251212144732,24319,404,402,4,10
Y251212163267,24337,1171,1171,10,22
Y251212201826,24408,350,334,7,16
Y251212213059,24402,843,809,7,15
Y251212300911,24339,708,708,1,3
Y251212309376,24404,1302,1272,8,18
Y251212350283,24418,405,389,7,16
Y251212372285,24293,788,780,5,12
Y251212416473,24292,1147,1135,11,24
Y251212423431,24314,503,482,10,21
Y251212466827,24407,292,292,1,3
Y251212495080,24305,519,519,10,22
Y251212715966,24421,153,137,24,50
Y251212752552,24424,379,373,3,7
Y251212764180,24320,1164,1158,14,30
Y251212826959,24331,516,516,1,2
Y251212831040,24411,782,617,11,22
Y251212836709,24301,1056,1022,3,8
Y251212853153,24285,713,629,2,6
Y251212894142,24310,718,716,4,10
Y251212960881,24384,389,389,9,20
Y251212973592,24328,956,956,13,27
Y251212982817,24323,673,669,2,6
Y251213091801,24460,350,337,42,85
Y251213099544,24451,1369,1341,20,42
Y251213212750,24466,1364,1310,23,48
Y251213216988,24436,781,781,16,34
Y251213299169,24442,1215,1205,16,34
Y251213305164,24461,530,528,1,2
Y251213496188,24456,1505,1503,20,41
Y251213579253,24440,1574,1541,25,51
Y251213613590,24433,1045,1037,9,20
Y251213750536,24446,667,667,17,36
Y251213787153,24478,602,600,13,28
Y251213791307,24455,1458,1388,19,40
Y251213854260,24426,1223,1213,7,16
Y251213863755,24462,1702,1611,17,36
Y251213878327,24449,690,606,18,37
Y251213892116,24464,1647,1639,23,48
Y251220751196,25186,204,201,2,6
Y251225009084,25626,594,590,15,31
Y251225020001,25568,508,502,5,11
Y251225059995,25579,669,643,20,41
Y251225212775,25605,633,633,14,29
Y251225215578,25572,1092,1066,9,20
Y251225235804,25608,686,684,21,44
Y251225353031,25577,505,505,11,24
Y251225470892,25639,115,115,8,18
Y251225556650,25551,368,366,5,12
Y251225567725,25549,815,807,5,12
Y251225571098,25614,1076,1074,11,23
Y251225603757,25604,226,163,0,2
Y251225631449,25591,612,580,11,23
Y251225681401,25599,338,336,4,9
Y251225692061,25567,124,124,1,4
Y251225749459,25566,1585,1585,14,30
Y251225820055,25618,175,171,5,10
Y251225823265,25607,507,505,14,30
Y251225898203,25615,533,455,2,4
Y251225965961,25561,449,439,5,10
Y251225978996,25627,355,323,7,15
Y251226017175,25676,517,515,10,21
Y251226031353,25711,782,770,11,24
Y251226087181,25741,401,401,3,7
Y251226087747,25713,1441,1411,8,18
Y251226105697,25723,1246,1236,17,35
Y251226119377,25742,492,492,5,12
Y251226203157,25688,473,473,12,26
Y251226204214,25746,396,388,5,12
Y251226216280,25695,126,124,1,3
Y251226217354,25660,436,436,9,20
Y251226222490,25743,437,437,5,12
Y251226224145,25704,121,119,5,11
Y251226240966,25647,204,202,3,8
Y251226260732,25748,420,418,2,6
Y251226264560,25736,390,384,5,12
Y251226292723,25700,464,464,8,18
Y251226338738,25690,982,869,1,4
Y251226354148,25752,272,258,1,4
Y251226377107,25750,154,154,4,8
Y251226419183,25652,1064,1038,8,18
Y251226474204,25687,365,365,1,2
Y251226490902,25662,1538,1532,31,64
Y251226532444,25710,137,137,4,8
Y251226538925,25744,301,181,2,4
Y251226587533,25702,1127,1123,10,22
Y251226606954,25640,829,771,8,18
Y251226618381,25726,693,693,13,28
Y251226653141,25754,255,255,6,14
Y251226678410,25738,492,454,9,20
Y251226684367,25703,467,461,12,25
Y251226718955,25658,553,546,10,22
Y251226723997,25716,734,730,11,23
Y251226767219,25673,458,458,4,10
Y251226798677,25758,456,456,7,16
Y251226808527,25694,941,930,10,21
Y251226814111,25706,191,189,5,11
Y251226844117,25670,366,352,7,16
Y251226903332,25679,507,499,4,10
Y251226912823,25667,341,335,5,12
Y251226934616,25731,644,634,15,32
Y251226947665,25756,422,422,9,20
Y251226961372,25653,624,604,5,12
Y251226981125,25753,138,138,1,3
Y251227014378,25796,859,857,10,22
Y251227016250,25820,520,520,11,24
Y251227034725,25774,1190,1184,12,26
Y251227073803,25878,485,485,10,22
Y251227082965,25845,869,859,16,33
Y251227098921,25858,333,325,3,8
Y251227105874,25873,313,313,8,17
Y251227108176,25832,442,442,1,2
Y251227118290,25889,355,355,7,16
Y251227159808,25759,367,365,1,2
Y251227191148,25875,613,359,5,11
Y251227208587,25829,1190,1180,17,36
Y251227262768,25807,201,183,5,12
Y251227272648,25767,669,663,5,12
Y251227356624,25815,411,403,10,21
Y251227394007,25862,273,271,3,6
Y251227437212,25853,647,611,16,33
Y251227448440,25859,474,470,15,32
Y251227456496,25785,476,476,8,18
Y251227496362,25822,1222,1186,14,30
Y251227561694,25790,672,670,16,34
Y251227596388,25802,1153,1153,12,26
Y251227633633,25888,1169,1143,7,16
Y251227633974,25779,956,704,7,16
Y251227674590,25883,215,209,2,5
Y251227686104,25794,474,440,10,22
Y251227702077,25861,510,510,11,22
Y251227729985,25828,531,531,12,26
Y251227732243,25817,835,752,10,22
Y251227747524,25885,134,134,4,9
Y251227762493,25789,883,867,8,17
Y251227771889,25809,470,464,8,18
Y251227849311,25769,540,540,12,26
Y251227888144,25867,1161,1129,15,32
Y251227892458,25856,478,476,8,18
Y251227912858,25880,140,132,30,62
Y251227926743,25872,853,853,6,12
Y251227963345,25770,2591,2507,19,39
Y251227988469,25787,769,753,15,32
Y251228005338,26036,389,389,10,22
Y251228042346,25899,361,357,3,8
Y251228086053,26038,506,506,12,26
Y251228090759,25984,1429,1427,23,47
Y251228091012,25967,1304,1298,18,38
Y251228095834,25973,1525,1483,16,34
Y251228115600,25977,585,581,16,34
Y251228129205,25992,405,395,17,36
Y251228151267,26034,1299,1295,11,24
Y251228152114,26016,699,699,13,28
Y251228157555,25926,1118,1074,10,21
Y251228184910,25893,420,416,5,12
Y251228207269,25970,540,540,13,28
Y251228291737,25956,350,328,41,84
Y251228294828,26011,574,540,2,5
Y251228306407,25949,358,356,11,23
Y251228318010,26045,508,476,7,16
Y251228320074,25940,501,493,7,15
Y251228341134,25971,1280,1241,13,28
Y251228378064,26017,1089,886,13,28
Y251228388006,26047,540,536,2,5
Y251228447118,25921,437,437,9,20
Y251228462458,25927,426,426,8,18
Y251228473595,26010,221,219,1,3
Y251228490473,25928,999,951,9,20
Y251228518886,26035,105,105,1,2
Y251228545910,25908,326,274,5,12
Y251228558445,25913,1005,1001,9,20
Y251228624668,25966,634,630,16,34
Y251228626748,25895,275,246,2,5
Y251228647787,25976,469,455,13,28
Y251228655032,25990,290,278,2,5
Y251228662146,25911,783,783,9,20
Y251228674422,25975,894,892,9,19
Y251228689878,25979,1281,1241,21,44
Y251228707554,26012,1365,1341,17,36
Y251228707762,26005,654,652,17,36
Y251228736907,26006,201,201,2,5
Y251228761111,26028,478,315,1,4
Y251228769010,25989,821,821,7,15
Y251228769727,25988,684,678,19,38
Y251228786037,25954,530,526,10,22
Y251228790626,25951,694,691,9,20
Y251228878677,26046,165,96,4,8
Y251228924777,26039,757,757,12,26
Y251228954684,25891,458,296,0,2
Y251229010966,26115,667,376,4,9
Y251229015156,26235,145,145,1,4
Y251229033040,26257,203,203,1,2
Y251229138113,26102,444,444,9,20
Y251229145717,26124,678,664,12,25
Y251229222633,26127,795,755,5,10
Y251229266494,26080,577,573,13,28
Y251229268722,26075,571,571,10,22
Y251229287311,26122,373,373,1,2
Y251229302796,26120,1122,1120,9,20
Y251229384587,26099,187,183,9,20
Y251229398674,26238,520,520,8,18
Y251229401529,26249,348,345,4,10
Y251229420413,26251,271,269,3,8
Y251229427950,26198,486,484,12,26
Y251229429935,26136,144,144,3,6
Y251229496581,26091,529,529,12,26
Y251229516047,26100,292,288,10,21
Y251229585423,26095,548,546,13,28
Y251229749458,26192,462,444,9,20
Y251229750135,26250,325,325,3,8
Y251229772996,26152,964,964,12,25
Y251229775561,26160,345,341,2,6
Y251229806280,26055,659,649,13,28
Y251229836604,26081,499,499,1,2
Y251229840604,26259,344,344,4,10
Y251229853822,26254,297,297,5,12
Y251229872056,26255,250,250,4,10
Y251229875245,26056,485,481,12,26
Y251229880099,26054,626,624,13,28
Y251229915087,26137,634,628,10,22
Y251230007086,26297,424,422,4,10
Y251230009124,26453,545,545,10,21
Y251230027995,26307,531,444,12,25
Y251230029005,26474,260,260,11,24
Y251230112324,26407,892,886,22,46
Y251230118988,26361,769,769,22,46
Y251230150185,26381,205,205,3,8
Y251230173619,26333,441,439,9,20
Y251230190327,26466,815,786,15,32
Y251230224674,26288,672,666,11,23
Y251230264071,26388,626,618,14,29
Y251230277471,26270,436,434,1,2
Y251230321829,26287,616,372,3,8
Y251230364895,26375,1038,1006,5,11
Y251230477862,26268,1074,1072,7,15
Y251230513583,26382,249,235,36,74
Y251230517863,26284,629,622,6,14
Y251230520343,26454,402,402,4,9
Y251230522174,26477,1161,1153,11,24
Y251230524497,26404,1080,1068,13,28
Y251230550456,26379,902,900,16,34
Y251230551289,26464,212,204,40,81
Y251230556187,26363,758,642,16,32
Y251230577211,26305,435,435,7,16
Y251230585975,26373,386,358,13,28
Y251230588367,26461,856,824,5,11
Y251230596602,26296,413,411,9,20
Y251230602643,26267,129,125,1,4
Y251230603450,26295,597,591,14,29
Y251230699667,26277,623,621,15,32
Y251230745999,26334,479,479,8,18
Y251230753522,26369,746,744,18,38
Y251230774510,26264,321,321,1,2
Y251230775472,26338,1123,1115,10,22
Y251230787013,26330,405,403,1,2
Y251230793824,26468,1425,1397,15,32
Y251230811903,26476,791,789,10,22
Y251230928309,26372,405,393,5,12
Y251230935418,26473,144,144,3,8
Y251230952593,26336,1253,1251,12,26
Y251230963540,26402,728,726,12,26
Y251230966004,26276,589,589,15,32
Y251230972914,26385,1217,1149,15,32
Y251231576435,26482,579,526,5,10
Y251231582336,26483,563,563,14,30
Y260106198829,26772,266,266,4,8
Y260107817102,26787,307,303,30,60
Y260108012521,26959,521,521,15,32
Y260108028656,26951,963,963,19,39
Y260108040498,26856,641,623,7,16
Y260108055326,26925,1507,1441,29,60
Y260108066594,26948,597,559,19,39
Y260108075727,26927,1530,1526,17,36
Y260108086357,26940,452,444,15,32
Y260108089013,26861,566,558,10,22
Y260108109363,26851,438,436,9,19
Y260108126590,26967,409,409,6,14
Y260108132801,26932,653,649,14,29
Y260108176363,26894,528,528,1,2
Y260108179791,26944,716,712,15,32
Y260108244455,26929,552,548,14,30
Y260108245357,26868,820,820,12,26
Y260108267691,26933,806,804,20,42
Y260108283348,26871,733,729,16,33
Y260108285315,26972,170,170,6,14
Y260108288560,26934,1313,1307,16,33
Y260108294338,26910,593,472,2,6
Y260108321542,26939,404,404,7,16
Y260108326345,26911,531,511,14,30
Y260108351765,26974,435,431,5,12
Y260108356842,26928,950,946,16,32
Y260108363955,26957,404,404,9,20
Y260108396377,26968,206,196,34,69
Y260108401326,26850,234,234,0,2
Y260108410146,26905,481,341,9,18
Y260108457830,26886,817,801,11,24
Y260108465881,26866,1596,1548,20,42
Y260108479110,26922,983,977,16,33
Y260108524109,26955,1106,1070,24,49
Y260108527583,26924,893,889,4,8
Y260108542133,26907,839,781,18,38
Y260108548584,26847,1152,1120,9,20
Y260108552680,26949,600,600,12,26
Y260108556914,26954,1274,1247,14,30
Y260108609576,26960,911,891,14,30
Y260108638614,26947,509,507,13,28
Y260108689245,26891,774,772,12,26
Y260108699943,26844,430,430,7,16
Y260108770022,26864,181,167,36,74
Y260108782297,26917,947,943,4,8
Y260108787273,26958,262,240,40,81
Y260108790014,26862,209,187,7,16
Y260108791452,26898,786,786,15,30
Y260108793934,26902,648,613,19,38
Y260108832521,26962,415,413,1,2
Y260108836783,26919,967,959,17,36
Y260108851592,26976,944,932,11,24
Y260108881399,26846,398,398,5,12
Y260108889398,26906,724,716,15,32
Y260108894902,26895,588,585,14,30
Y260108900136,26901,1242,1192,15,32
Y260108978417,26915,975,971,16,34
Y260108984662,26858,362,362,1,2
Y260109035350,27008,2723,2699,34,69
Y260109071899,27030,594,582,15,32
Y260109074715,27065,451,451,1,2
Y260109080416,27046,630,610,14,30
Y260109083206,27014,725,721,12,25
Y260109088496,27111,928,846,17,36
Y260109096597,27076,844,824,14,30
Y260109203582,27003,591,559,54,109
Y260109237300,27072,2087,2051,42,85
Y260109247251,27004,1114,1080,13,28
Y260109283333,27104,1259,1249,2,4
Y260109293216,26992,707,703,17,36
Y260109335353,27085,1312,1256,4,9
Y260109340387,27038,496,372,8,18
Y260109349041,27075,373,363,37,75
Y260109365408,27024,1551,1515,1,2
Y260109365550,27113,541,529,6,14
Y260109377396,26979,1255,1225,10,22
Y260109381176,27103,689,689,17,36
Y260109435495,27047,1230,1185,14,28
Y260109437055,27048,1696,1671,13,28
Y260109492162,27040,206,192,8,18
Y260109499749,27108,423,387,8,18
Y260109504253,27110,514,508,11,24
Y260109582487,27093,2246,2246,14,30
Y260109615090,27116,766,766,15,32
Y260109621438,27063,654,516,7,16
Y260109641576,27079,1432,1408,31,64
Y260109652523,27126,603,579,78,158
Y260109660665,27011,1194,1174,14,30
Y260109672068,27016,583,583,16,34
Y260109693344,27002,564,562,13,27
Y260109695886,27020,1456,1279,18,38
Y260109709155,27015,407,361,5,10
Y260109798785,27120,1297,1295,21,44
Y260109835919,27078,719,648,20,41
Y260109840895,27099,593,593,13,28
Y260109856598,27129,1465,1465,12,26
Y260109873934,26997,842,834,15,32
Y260109875584,27121,797,795,13,28
Y260109881859,26987,484,482,6,14
Y260109884305,27073,1696,1692,11,23
Y260109885132,27031,1342,1336,17,36
Y260109887077,27109,594,592,17,36
Y260109892327,27124,595,591,11,23
Y260109919160,27059,1047,1043,18,37
Y260109929304,27052,549,549,14,30
Y260109952309,27112,688,685,13,28
Y260109955352,26999,546,532,8,18
Y260109957114,27119,848,581,9,19
Y260109990670,27001,1499,1458,26,53
Y260109998666,27107,834,830,22,45
Y260110038127,27248,410,384,44,89
Y260110053902,27251,448,448,17,36
Y260110060798,27227,391,389,10,22
Y260110082844,27255,170,164,7,16
Y260110092075,27186,1072,1070,14,29
Y260110105332,27242,1136,1106,14,29
Y260110112671,27234,505,346,7,15
Y260110138463,27154,406,406,1,2
Y260110139536,27150,1043,1043,16,34
Y260110144871,27147,575,561,17,35
Y260110162477,27254,1152,1144,10,22
Y260110166355,27233,484,480,10,20
Y260110184532,27232,746,744,15,32
Y260110201230,27164,647,447,5,12
Y260110234499,27219,747,737,21,44
Y260110243155,27229,1050,994,5,12
Y260110266286,27265,570,568,1,2
Y260110270375,27170,1323,1317,21,44
Y260110359182,27176,592,588,2,6
Y260110366751,27207,577,577,15,32
Y260110394384,27158,546,516,13,28
Y260110449728,27177,532,532,15,32
Y260110459973,27204,742,742,14,30
Y260110462812,27258,539,539,15,32
Y260110467593,27223,1341,1341,15,32
Y260110504959,27137,491,442,17,36
Y260110508047,27202,1340,1330,25,52
Y260110545635,27216,833,795,21,44
Y260110631441,27131,620,620,19,40
Y260110695060,27182,982,982,18,38
Y260110749053,27201,832,804,17,35
Y260110779554,27133,1436,1420,22,46
Y260110782710,27174,1044,977,2,4
Y260110801591,27135,800,796,16,34
Y260110808438,27148,209,209,7,16
Y260110820784,27139,2702,2694,27,56
Y260110836871,27224,317,309,11,23
Y260110837757,27180,380,364,2,6
Y260110949673,27163,268,258,34,69
Y260110995238,27175,958,952,17,35
Y260111014464,27317,775,775,15,32
Y260111020473,27339,712,646,17,35
Y260111104772,27314,702,604,5,12
Y260111124529,27294,476,476,11,24
Y260111140554,27311,419,413,10,22
Y260111177905,27285,399,399,1,2
Y260111195054,27302,431,429,8,18
Y260111225203,27338,1227,1199,6,14
Y260111245085,27276,275,267,33,67
Y260111376196,27268,575,573,2,4
Y260111384850,27341,1359,1343,17,36
Y260111406318,27288,702,700,11,23
Y260111436599,27300,1602,1594,18,38
Y260111514437,27346,159,129,2,4
Y260111577227,27337,604,529,14,30
Y260111585652,27315,1196,1196,13,27
Y260111599791,27318,568,568,17,36
Y260111661672,27303,317,303,42,86
Y260111732643,27332,786,786,19,40
Y260111746868,27299,402,398,5,12
Y260111811058,27310,324,324,2,6
Y260111851496,27322,269,267,11,24
Y260111972370,27295,668,666,15,31
Y260309011945,29450,2001,1957,32,65
Y260309070239,29373,437,275,4,10
Y260309123760,29444,670,666,9,20
Y260309130694,29356,621,617,7,16
Y260309135983,29362,655,651,9,19
Y260309161092,29400,900,898,22,45
Y260309169053,29440,598,586,34,69
Y260309217292,29398,937,915,11,22
Y260309242458,29436,819,819,19,40
Y260309249805,29404,592,586,48,97
Y260309273890,29365,2459,2397,36,74
Y260309287487,29350,1016,992,7,16
Y260309315531,29340,164,152,28,58
Y260309324783,29448,2243,2166,30,61
Y260309331735,29353,1045,1017,11,23
Y260309528442,29413,1428,1411,18,38
Y260309528662,29410,429,429,9,20
Y260309596426,29445,656,656,16,34
Y260309656650,29412,971,965,23,46
Y260309672367,29422,1216,1202,14,30
Y260309680767,29421,967,967,14,30
Y260309691681,29372,1080,1068,11,24
Y260309711535,29443,1409,1409,16,34
Y260309723363,29399,255,253,3,8
Y260309728343,29435,1503,1471,8,17
Y260309754422,29447,1512,1476,21,44
Y260309792853,29383,799,748,21,43
Y260309823735,29364,477,463,2,6
Y260309833576,29395,741,731,24,49
Y260309837239,29347,531,531,7,16
Y260309837927,29333,494,494,6,14
Y260309860477,29357,1015,960,10,20
Y260309864587,29442,417,417,3,7
Y260309872389,29370,1071,1050,7,16
Y260309883839,29375,1002,1002,22,46
Y260309903541,29329,405,397,11,24
Y260309906603,29386,505,503,5,12
Y260309939137,29363,722,708,1,4
Y260309979788,29367,476,424,2,6
Y260309982397,29338,659,543,6,13
Y260309984253,29376,521,519,2,5
Y260309992831,29368,1096,1086,15,31
Y260310015604,29499,943,614,9,20
Y260310031123,29559,651,577,17,34
Y260310051934,29489,530,430,25,52
Y260310071466,29510,127,123,1,4
Y260310115350,29457,402,396,4,10
Y260310140522,29522,567,561,17,35
Y260310146851,29475,1528,1512,21,44
Y260310147602,29585,1513,1511,21,44
Y260310150569,29560,610,610,15,32
Y260310169556,29480,1296,1264,16,34
Y260310182408,29589,1393,1337,17,36
Y260310193896,29509,575,575,17,36
Y260310217726,29588,621,621,8,16
Y260310233037,29477,953,935,21,43
Y260310316145,29458,903,894,7,14
Y260310330221,29566,696,696,19,40
Y260310332498,29591,587,456,5,11
Y260310385073,29455,1411,1365,18,38
Y260310472885,29587,213,199,40,80
Y260310484105,29541,255,243,38,76
Y260310526994,29539,1149,1094,15,32
Y260310537998,29561,957,947,9,20
Y260310553152,29527,1089,1085,12,25
Y260310558581,29532,135,135,5,11
Y260310563443,29557,1005,995,11,23
Y260310720741,29473,1336,1296,17,36
Y260310735172,29530,596,504,13,28
Y260310777274,29540,830,812,15,32
Y260310817174,29548,1591,1559,14,30
Y260310841065,29586,1023,1023,21,43
Y260310905780,29537,1205,1199,21,43
Y260310950332,29494,1315,1269,22,46
Y260310966875,29476,435,303,4,10
Y260311016424,29679,707,697,9,20
Y260311103752,29745,770,770,13,28
Y260311116556,29682,973,956,11,24
Y260311139139,29643,1003,981,8,18
Y260311151675,29685,603,585,8,18
Y260311161673,29608,793,779,9,20
Y260311175414,29778,197,197,1,2
Y260311191594,29610,413,413,8,18
Y260311206944,29768,727,725,7,16
Y260311251459,29606,1492,1484,18,37
Y260311256213,29776,949,947,17,35
Y260311274798,29653,306,306,3,8
Y260311312529,29709,1087,1051,8,18
Y260311314849,29654,1806,1760,11,24
Y260311366677,29624,312,312,1,2
Y260311368629,29730,458,458,10,22
Y260311392665,29763,335,175,2,6
Y260311421277,29636,828,818,13,27
Y260311434475,29667,714,700,6,14
Y260311488002,29695,1277,1239,26,53
Y260311514310,29639,313,137,2,6
Y260311517088,29762,192,188,34,68
Y260311524560,29677,442,442,8,18
Y260311526770,29772,937,933,11,24
Y260311565272,29765,2114,2078,11,23
Y260311578259,29681,485,485,1,2
Y260311595364,29613,653,653,9,20
Y260311600800,29692,261,251,5,10
Y260311620902,29749,583,583,14,30
Y260311625244,29623,434,379,6,13
Y260311659220,29663,1224,1220,17,36
Y260311669146,29771,1081,1041,9,20
Y260311671310,29723,554,550,4,8
Y260311678949,29672,131,119,27,55
Y260311691407,29775,1387,1328,14,30
Y260311705517,29738,970,958,10,21
Y260311779513,29648,939,901,8,18
Y260311788620,29699,497,489,7,16
Y260311798306,29726,398,366,14,29
Y260311951945,29670,455,439,9,19
Y260311954661,29671,1013,1011,12,25
Y260311954984,29651,123,115,27,55
Y260311958189,29716,517,515,12,24
Y260311965281,29630,996,977,6,14
Y260312006370,29898,1267,1255,14,30
Y260312042494,29868,931,909,16,34
Y260312073797,29894,425,423,9,20
Y260312083820,29791,1335,1317,17,36
Y260312112763,29890,273,267,32,65
Y260312135060,29897,592,535,25,52
Y260312163585,29856,1047,945,8,18
Y260312170539,29812,988,978,15,32
Y260312176469,29837,2151,2105,10,22
Y260312222295,29859,434,434,11,24
Y260312223540,29816,956,942,11,24
Y260312314028,29808,341,331,31,64
Y260312318417,29889,1019,991,26,54
Y260312345964,29861,545,545,2,5
Y260312395925,29815,481,481,14,29
Y260312419054,29853,1363,1336,16,34
Y260312467164,29798,1508,1506,13,28
Y260312559927,29881,694,688,19,40
Y260312562507,29882,610,606,5,11
Y260312569423,29891,223,221,3,7
Y260312576976,29819,899,884,14,30
Y260312620489,29893,1098,1054,13,28
Y260312641956,29887,721,648,20,40
Y260312645364,29873,803,803,1,2
Y260312660930,29855,306,166,1,4
Y260312684592,29811,532,532,11,24
Y260312738180,29782,1892,1834,11,24
Y260312749589,29910,432,400,5,11
Y260312818349,29810,1619,1613,20,41
Y260312864738,29854,859,859,16,34
Y260312891922,29789,614,509,6,12
Y260312897143,29858,155,155,1,2
Y260312898636,29880,1294,1256,18,37
Y260312900714,29863,619,617,21,43
Y260312949472,29885,1729,1683,19,40
Y260312953663,29875,842,840,3,6
Y260312955003,29846,1100,1094,18,37
Y260312959181,29788,300,298,5,12
Y260312963755,29900,1497,1476,24,50
Y260312994162,29909,1468,1448,8,18
Y260313086232,29994,758,756,1,2
Y260313136110,29959,1613,1575,8,18
Y260313147475,29952,508,508,10,22
Y260313170029,29949,612,609,12,26
Y260313192979,29969,1259,1257,16,34
Y260313194120,29968,854,832,12,26
Y260313209950,29976,756,756,6,14
Y260313213649,29972,1077,1071,13,28
Y260313244050,30014,380,380,5,12
Y260313265268,30074,431,431,6,14
Y260313280037,30058,1376,1342,15,32
Y260313320258,29927,329,317,33,67
Y260313326932,29954,125,125,1,2
Y260313340207,29929,1635,1635,11,24
Y260313348061,29987,513,509,5,12
Y260313355602,30023,1073,1067,9,20
Y260313385339,30011,887,870,9,19
Y260313426628,29960,1549,1525,34,70
Y260313430251,29998,1211,1177,19,40
Y260313468048,30073,260,254,38,77
Y260313481241,29990,1229,1193,29,60
Y260313565821,29935,813,807,13,27
Y260313567876,29992,1349,1313,13,28
Y260313611405,29995,784,784,1,2
Y260313660525,29914,703,675,48,98
Y260313672648,29970,1327,1272,8,18
Y260313684356,29997,488,486,13,28
Y260313695624,29932,1062,1056,10,22
Y260313706471,30067,1270,1250,12,26
Y260313726601,29984,555,527,9,20
Y260313736690,29924,1012,992,19,40
Y260313763785,29979,574,522,14,30
Y260313783438,30070,1088,1078,11,24
Y260313795512,30065,164,164,1,3
Y260313802161,30032,847,763,7,15
Y260313834675,30024,1161,1155,13,28
Y260313890051,29975,670,670,12,26
Y260313938569,29962,836,826,9,20
Y260313971432,30007,1232,1204,21,44
Y260313973037,29977,484,484,15,32
Y260313983376,30049,1610,1571,48,98
Y260313984315,30053,508,508,5,12
Y260314014155,30114,423,420,6,14
Y260314026316,30194,1109,1101,17,36
Y260314045327,30139,777,777,1,2
Y260314053324,30103,154,154,1,2
Y260314086691,30144,775,751,18,38
Y260314115563,30133,519,515,9,20
Y260314206492,30117,699,506,8,17
Y260314245568,30185,344,344,7,15
Y260314260910,30180,1088,1080,9,20
Y260314284826,30145,1516,1452,17,36
Y260314308461,30130,1422,1380,32,66
Y260314339444,30165,647,635,19,40
Y260314360094,30141,1422,1392,7,16
Y260314402283,30190,107,103,2,6
Y260314420128,30193,298,294,39,79
Y260314430789,30128,1203,1185,11,24
Y260314468176,30129,841,787,8,18
Y260314493395,30138,528,528,14,30
Y260314541376,30187,812,797,7,16
Y260314549223,30202,503,503,7,16
Y260314569306,30137,296,272,35,71
Y260314589719,30105,1303,1262,9,20
Y260314595476,30164,540,490,9,20
Y260314609559,30082,348,348,6,14
Y260314653969,30198,582,570,5,12
Y260314659796,30136,790,772,1,4
Y260314676098,30189,940,936,17,36
Y260314680046,30143,789,789,1,2
Y260314693266,30120,1430,1386,7,16
Y260314698473,30094,724,724,8,18
Y260314706971,30127,678,675,16,33
Y260314739828,30199,527,511,6,13
Y260314745479,30176,1412,1367,8,18
Y260314785865,30203,1520,1495,11,24
Y260314799082,30115,917,911,8,18
Y260314823655,30087,440,425,39,78
Y260314830044,30107,497,497,13,27
Y260314857722,30183,373,371,15,32
Y260314890145,30090,130,106,21,44
Y260314895586,30131,987,974,7,16
Y260314930723,30197,508,502,7,16
Y260314959744,30150,1147,1135,9,19
Y260314960990,30122,155,155,1,2
Y260314998116,30147,608,600,7,15
Y260314998991,30166,1323,1321,14,30
Y260315005795,30296,1552,1528,18,38
Y260315048991,30284,768,766,2,4
Y260315074003,30240,790,780,5,12
Y260315110423,30300,384,384,9,20
Y260315142108,30272,380,380,5,12
Y260315150324,30340,2382,2313,10,22
Y260315194306,30332,569,540,19,39
Y260315196976,30277,1003,993,17,36
Y260315215730,30291,687,683,17,36
Y260315227708,30392,828,828,10,21
Y260315229013,30226,1165,1139,13,28
Y260315236135,30324,998,984,11,24
Y260315297878,30292,521,498,6,14
Y260315303695,30254,805,795,14,30
Y260315359433,30303,369,367,3,7
Y260315380892,30281,1159,1137,17,35
Y260315404725,30321,619,603,9,20
Y260315404861,30275,1399,1395,17,35
Y260315412980,30311,365,359,11,23
Y260315420026,30373,577,569,32,66
Y260315478262,30256,723,687,40,81
Y260315497267,30280,1347,1319,6,13
Y260315509454,30243,1522,1467,51,104
Y260315524571,30308,811,799,6,14
Y260315556592,30276,2073,2063,22,46
Y260315560644,30369,755,753,18,38
Y260315568781,30252,145,143,1,4
Y260315579636,30246,1564,1508,9,20
Y260315592568,30217,617,615,2,6
Y260315602046,30316,818,818,16,34
Y260315633537,30295,924,922,6,13
Y260315697948,30264,1706,1634,20,41
Y260315716352,30245,151,151,1,2
Y260315730423,30289,939,937,3,7
Y260315741164,30370,506,350,2,6
Y260315798735,30247,571,571,16,34
Y260315842824,30244,366,352,31,63
Y260315872529,30406,743,475,10,20
Y260315916401,30298,647,643,7,16
Y260315933170,30306,1164,1158,6,14
Y260315946601,30347,484,482,12,26
Y260315949063,30251,1373,1349,26,54
Y260315993330,30274,769,767,1,2
Y260316049951,30541,1272,1268,6,13
Y260316080800,30454,912,880,12,26
Y260316182985,30428,1534,1491,14,30
Y260316196512,30509,1613,1575,18,38
Y260316225462,30539,453,449,4,10
Y260316244817,30573,752,744,14,29
Y260316257827,30469,795,795,1,2
Y260316281570,30493,278,274,2,5
Y260316303377,30498,1247,1239,9,20
Y260316347424,30517,191,191,1,3
Y260316357241,30425,666,658,8,18
Y260316373816,30547,872,639,12,25
Y260316379852,30438,569,565,7,16
Y260316431408,30574,417,417,7,15
Y260316438128,30490,971,965,6,13
Y260316445827,30453,782,778,14,29
Y260316448785,30489,914,906,9,19
Y260316453274,30483,579,545,8,18
Y260316467323,30558,754,746,6,14
Y260316496547,30513,677,673,10,22
Y260316498249,30430,741,735,6,14
Y260316513954,30523,246,246,9,18
Y260316596516,30512,431,431,5,12
Y260316626792,30540,220,192,30,62
Y260316629780,30424,470,470,10,22
Y260316638455,30478,1371,1327,7,16
Y260316642043,30475,441,441,8,18
Y260316767211,30555,338,154,2,6
Y260316781323,30508,783,721,6,12
Y260316855124,30567,175,175,6,14
Y260316858952,30452,329,329,4,10
Y260316872410,30572,142,132,29,58
Y260316899900,30563,1018,1000,10,22
Y260316904664,30537,1509,1463,13,28
Y260316908991,30464,531,525,10,22
Y260316977011,30506,781,781,17,36
Y260317041753,30671,744,742,2,4
Y260317056800,30731,1036,890,7,15
Y260317060111,30587,2142,2058,11,23
Y260317083253,30632,1031,1028,7,16
Y260317115010,30664,319,291,5,11
Y260317122475,30670,1529,1497,12,25
Y260317153347,30721,169,169,6,14
Y260317203217,30592,345,333,5,12
Y260317221751,30683,886,866,2,6
Y260317231760,30675,884,878,15,31
Y260317260345,30726,464,334,5,12
Y260317328307,30702,383,379,7,16
Y260317336610,30642,804,798,12,26
Y260317341808,30626,1431,1429,15,32
Y260317343253,30616,539,539,12,26
Y260317366570,30652,577,571,5,11
Y260317416099,30657,1220,1216,6,14
Y260317424811,30633,1443,1423,7,15
Y260317433737,30635,416,416,9,20
Y260317447890,30654,1439,1402,20,42
Y260317452053,30682,334,330,38,78
Y260317454199,30659,781,779,1,2
Y260317468556,30611,316,304,27,56
Y260317470057,30678,495,495,14,29
Y260317505842,30624,269,264,11,23
Y260317513853,30599,523,520,11,24
Y260317557059,30679,587,585,6,13
Y260317618320,30619,937,923,11,24
Y260317622022,30719,125,125,3,7
Y260317634465,30727,1119,1085,13,27
Y260317644448,30697,161,63,0,2
Y260317660455,30629,184,184,1,4
Y260317680084,30602,435,435,6,14
Y260317802740,30622,2047,2047,9,20
Y260317845196,30606,573,573,6,14
Y260317872868,30662,478,474,8,18
Y260317894506,30620,602,602,14,30
Y260317896204,30612,1411,1369,12,26
Y260317956948,30716,507,505,3,8
Y260318018510,30801,449,443,2,5
Y260318052393,30839,389,385,5,12
Y260318114629,30803,1588,1556,12,25
Y260318119821,30844,1458,1444,13,28
Y260318138537,30825,586,584,13,27
Y260318147518,30834,261,261,1,3
Y260318182589,30818,927,924,7,16
Y260318184227,30779,1218,1218,1,4
Y260318187306,30760,2165,2163,5,12
Y260318225535,30755,543,541,18,36
Y260318233753,30795,100,98,0,2
Y260318245331,30748,407,393,35,71
Y260318251084,30790,1081,1077,15,32
Y260318260785,30787,1149,1145,21,44
Y260318302481,30829,672,665,12,26
Y260318323230,30746,513,503,8,18
Y260318373226,30763,496,494,10,22
Y260318377785,30749,399,377,51,103
Y260318378328,30759,890,888,3,8
Y260318419680,30743,145,145,1,2
Y260318426978,30775,1888,1834,22,46
Y260318520068,30814,798,794,4,9
Y260318536850,30810,569,565,8,18
Y260318556995,30840,695,695,11,24
Y260318567804,30817,1049,1017,20,42
Y260318647369,30793,794,792,1,2
Y260318675878,30792,1353,1349,15,31
Y260318683489,30826,819,720,12,26
Y260318722901,30806,578,549,15,32
Y260318747852,30750,176,176,1,2
Y260318757070,30842,1328,1324,11,24
Y260318780267,30820,386,382,4,8
Y260318791225,30784,814,812,21,44
Y260318811189,30761,445,445,8,18
Y260318812822,30845,148,134,26,52
Y260318835208,30824,857,665,5,12
Y260318866120,30765,1104,1086,12,26
Y260318873590,30782,1091,1073,20,42
Y260318907684,30778,333,333,1,3
Y260318910776,30791,868,828,9,18
Y260318931460,30785,1740,1669,22,46
Y260318991510,30808,372,370,2,4
Y260318992751,30807,1089,1054,11,22
Y260319035834,30915,596,570,10,22
Y260319061140,30995,460,460,5,12
Y260319081238,30970,1110,1108,14,29
Y260319099719,30911,1400,1382,7,15
Y260319100910,30932,409,409,7,14
Y260319105311,30993,1163,1125,11,24
Y260319127889,30879,2162,2162,10,22
Y260319144595,30974,174,162,30,62
Y260319200461,30877,1051,1047,12,26
Y260319268937,30948,458,456,7,16
Y260319300372,30985,537,527,6,13
Y260319347028,30885,1570,1568,5,12
Y260319349272,30889,515,513,3,7
Y260319360252,30920,219,219,3,8
Y260319412734,30950,334,326,14,29
Y260319414877,30992,1076,1070,11,24
Y260319423634,30961,782,780,14,30
Y260319429424,30936,855,843,11,22
Y260319433484,30981,1153,1117,9,19
Y260319465843,30859,380,354,33,67
Y260319474073,30868,639,639,14,30
Y260319488336,30924,555,543,10,22
Y260319533678,30933,675,667,10,22
Y260319575808,30960,952,940,11,23
Y260319575995,30928,245,237,50,101
Y260319609017,30996,421,421,6,14
Y260319613873,30894,1023,1011,9,20
Y260319657089,30909,564,558,5,12
Y260319674319,30892,373,373,1,2
Y260319830119,30884,1356,1352,9,20
Y260319885328,30930,363,278,2,5
Y260319890317,30888,1403,1372,25,52
Y260319907227,30910,473,473,1,2
Y260319919513,30893,493,493,2,4
Y260319992260,30922,254,252,9,20
Y260319992382,30978,168,168,1,3
Y260319996028,30872,171,171,1,2
Y260320011876,31079,986,957,8,18
Y260320122301,31081,653,649,8,18
Y260320128906,31077,615,609,8,18
Y260320132839,31018,602,598,8,18
Y260320139319,31093,1101,1077,15,32
Y260320176424,31046,287,287,2,5
Y260320202969,31048,1400,1400,14,30
Y260320219192,31045,1116,1114,15,31
Y260320229613,31035,822,812,6,14
Y260320281106,31009,852,850,14,30
Y260320285020,31047,117,117,4,10
Y260320288635,31140,751,747,5,11
Y260320292669,31043,886,878,14,30
Y260320362932,31049,515,512,7,14
Y260320400333,31033,523,521,11,23
Y260320407222,31107,151,129,34,68
Y260320488701,31143,976,974,7,16
Y260320492047,31133,110,98,23,48
Y260320515534,31055,214,128,0,2
Y260320574538,31027,849,845,2,6
Y260320577336,31004,265,265,2,6
Y260320612035,31054,4123,4123,9,19
Y260320645768,31014,992,984,12,26
Y260320675321,31117,921,883,3,8
Y260320684279,31056,600,540,9,20
Y260320697124,31110,392,392,6,14
Y260320706128,31142,1131,1115,8,17
Y260320739097,31032,2072,2070,8,17
Y260320805554,31076,276,248,9,19
Y260320863256,31092,201,199,5,12
Y260320887544,31124,1237,1217,12,26
Y260320940011,31058,786,784,1,2
Y260320952113,31041,1061,1049,9,20
Y260320953607,31112,1137,1087,10,21
Y260320953720,31098,547,547,10,22
Y260320960453,31061,772,772,1,2
Y260320961530,31050,234,226,42,84
Y260321021892,31274,427,425,8,18
Y260321091736,31197,852,852,1,2
Y260321105542,31249,1353,1339,22,45
Y260321120455,31186,379,353,37,76
Y260321125706,31270,2379,2379,8,17
Y260321143027,31255,480,468,27,56
Y260321196771,31184,525,525,12,26
Y260321215812,31204,1208,1208,5,12
Y260321219292,31207,682,674,5,11
Y260321220396,31302,481,473,7,16
Y260321224382,31294,1090,1038,11,24
Y260321234670,31178,1172,1158,11,24
Y260321248279,31180,497,495,8,18
Y260321249777,31218,680,676,10,22
Y260321252125,31208,833,831,1,2
Y260321285935,31206,239,239,4,9
Y260321288158,31169,1484,1432,19,40
Y260321313413,31251,296,141,0,2
Y260321336688,31215,1447,1413,6,14
Y260321467250,31190,1541,1541,19,40
Y260321495935,31239,673,620,18,38
Y260321499785,31188,339,331,34,69
Y260321532174,31200,149,149,1,2
Y260321553261,31193,998,988,12,26
Y260321567593,31293,1100,1072,12,26
Y260321575589,31285,552,544,7,16
Y260321579512,31216,372,334,5,11
Y260321579757,31183,828,824,8,18
Y260321614416,31194,539,539,14,30
Y260321755390,31203,1952,1948,16,33
Y260321799680,31176,958,954,9,20
Y260321800844,31252,289,281,41,84
Y260321802668,31209,1213,1197,21,44
Y260321890320,31259,735,735,17,36
Y260321897447,31289,1159,1106,16,34
Y260321923787,31237,844,827,14,30
Y260321944569,31219,1734,1734,8,18
Y260321979418,31271,760,758,10,20
Y260322080403,31369,1061,1051,21,43
Y260322082573,31359,1350,1348,13,28
Y260322088684,31371,169,169,8,17
Y260322104504,31372,401,326,8,17
Y260322108706,31373,694,692,22,46
Y260322109959,31402,616,614,6,14
Y260322120826,31344,1615,1581,20,42
Y260322160927,31356,195,168,11,24
Y260322189512,31362,1394,1379,26,53
Y260322196254,31405,1449,1447,4,9
Y260322219269,31366,568,566,14,30
Y260322278488,31323,2037,2037,6,14
Y260322278733,31407,1267,1217,17,36
Y260322322119,31381,551,545,7,16
Y260322332357,31325,985,971,11,24
Y260322340981,31386,748,745,2,6
Y260322353907,31387,830,830,7,16
Y260322383608,31338,1032,1014,8,18
Y260322393745,31317,711,699,5,12
Y260322406662,31335,1296,1278,9,20
Y260322446066,31321,629,629,13,28
Y260322447065,31341,1358,1261,22,46
Y260322476142,31324,353,327,38,77
Y260322494366,31377,1171,1171,2,4
Y260322530140,31352,1938,1904,16,34
Y260322556217,31394,224,214,38,77
Y260322587801,31378,585,583,18,38
Y260322595464,31363,836,820,15,32
Y260322637704,31398,465,463,10,22
Y260322638152,31330,1634,1632,7,16
Y260322650183,31382,694,690,15,32
Y260322711637,31333,1011,1005,20,41
Y260322803266,31400,987,979,16,33
Y260322834725,31392,1041,1037,9,20
Y260322851263,31397,484,482,14,30
Y260322880008,31375,992,978,15,31
Y260322881469,31403,1300,1272,10,22
Y260322918342,31365,1341,1341,18,38
Y260323004897,31497,689,672,6,13
Y260323007386,31415,1471,1429,17,36
Y260323042803,31473,412,412,8,17
Y260323049825,31442,567,565,20,42
Y260323080638,31414,644,644,12,26
Y260323094071,31468,858,858,18,37
Y260323104933,31437,1525,1495,40,82
Y260323124181,31424,2456,2456,12,26
Y260323140700,31469,174,164,5,11
Y260323147639,31447,838,838,17,36
Y260323154711,31484,1156,1132,24,49
Y260323196541,31475,1031,1008,11,23
Y260323297888,31452,695,685,6,14
Y260323316043,31476,282,280,2,4
Y260323363380,31422,1160,1160,15,32
Y260323368370,31478,370,364,6,13
Y260323379316,31456,998,990,14,30
Y260323459178,31433,2248,2246,16,34
Y260323506153,31462,368,306,3,7
Y260323554252,31495,1794,1794,8,17
Y260323612729,31448,704,696,14,30
Y260323623935,31428,571,569,8,18
Y260323715309,31449,134,134,1,2
Y260323743841,31440,823,815,15,32
Y260323763855,31482,1034,1019,11,23
Y260323770272,31464,1214,1214,15,31
Y260323770905,31430,594,494,21,44
Y260323914956,31417,908,889,17,36
Y260323931018,31411,466,444,40,81
Y260324005836,31620,377,375,6,13
Y260324086079,31544,698,683,15,31
Y260324104331,31574,246,220,39,79
Y260324128933,31606,435,433,12,26
Y260324171490,31588,1208,1208,2,4
Y260324210594,31537,1545,1545,8,18
Y260324223163,31630,1348,1348,2,6
Y260324233996,31572,462,452,4,10
Y260324260479,31619,1079,1041,9,20
Y260324275787,31534,595,591,2,5
Y260324284100,31628,1644,1630,15,31
Y260324311329,31616,2021,2019,12,26
Y260324322640,31516,352,352,4,10
Y260324359917,31595,645,642,13,26
Y260324363867,31622,792,770,12,26
Y260324409612,31579,1138,1134,10,21
Y260324439358,31625,1293,1287,9,20
Y260324456907,31546,677,673,12,26
Y260324490578,31567,476,476,11,24
Y260324496422,31570,615,613,4,10
Y260324499174,31543,800,787,1,4
Y260324512846,31556,447,447,4,10
Y260324521632,31575,529,527,9,19
Y260324524561,31545,671,669,12,25
Y260324551612,31629,523,514,9,20
Y260324718261,31626,625,621,11,24
Y260324840789,31612,535,533,7,16
Y260324850032,31634,1211,1199,9,20
Y260324873120,31529,2027,2027,5,12
Y260324927570,31578,523,523,11,24
Y260324930977,31569,1270,1218,15,31
Y260324973347,31624,710,706,7,15
Y260325001569,31672,156,156,1,2
Y260325004765,31654,1631,1619,11,24
Y260325056673,31702,401,373,14,30
Y260325069074,31701,469,465,3,7
Y260325149400,31651,1550,1521,71,144
Y260325180018,31668,1094,1082,5,12
Y260325204431,31683,331,195,2,5
Y260325263244,31686,775,769,9,20
Y260325275275,31663,529,529,9,20
Y260325379740,31656,528,522,11,24
Y260325428905,31698,1248,1246,13,28
Y260325447011,31658,444,430,26,53
Y260325542641,31685,616,590,10,22
Y260325548176,31647,486,486,18,38
Y260325643702,31705,514,512,6,14
Y260325782058,31709,496,496,12,26
Y260325820351,31712,1284,1262,21,44
Y260325839313,31678,1319,1224,5,11
Y260325877721,31699,1044,1036,16,34
Y260325938964,31666,855,849,10,20
Y260325942066,31684,1279,1242,12,26
Y260326037784,31761,1204,1174,5,11
Y260326038711,31773,743,739,2,5
Y260326098588,31769,219,113,1,3
Y260326282738,31748,414,400,26,53
Y260326287416,31735,538,538,16,34
Y260326399993,31734,1284,1269,4,9
Y260326563381,31752,1471,1471,4,10
Y260326620715,31749,602,598,4,9
Y260326640077,31740,266,264,7,15
Y260326640849,31763,1187,1183,16,33
Y260326681690,31755,819,813,5,11
Y260326709083,31759,1262,1234,12,25
Y260326763262,31721,296,296,5,11
Y260326763772,31762,526,374,8,18
Y260326807254,31744,1212,1206,4,9
Y260326813199,31779,590,578,10,22
Y260326881689,31757,455,455,5,12
Y260326953024,31785,618,578,8,16
Y260326962072,31736,1901,1851,5,12
Y260327018072,31801,565,541,50,101
Y260327034235,31816,1902,1898,12,26
Y260327059433,31847,711,705,11,24
Y260327152048,31829,1488,1470,36,74
Y260327234453,31825,519,519,3,6
Y260327283956,31827,2080,2033,16,34
Y260327389616,31867,644,349,5,12
Y260327391433,31805,1544,1504,14,30
Y260327500599,31831,975,971,7,16
Y260327564451,31822,912,912,16,34
Y260327633915,31817,1398,1398,2,6
Y260327646097,31844,388,223,2,6
Y260327689214,31813,718,712,7,16
Y260327741328,31838,889,853,17,36
Y260327790238,31871,584,584,16,34
Y260327825650,31824,1049,1037,8,18
Y260327937316,31869,1282,1270,10,21
Y260327993635,31849,440,436,8,18
Y260328003057,31932,579,575,4,10
Y260328198298,31919,476,472,9,20
Y260328204831,31954,482,480,7,15
Y260328270839,31899,476,476,11,24
Y260328286497,31917,408,408,7,16
Y260328292054,31943,165,165,1,3
Y260328359462,31931,501,501,10,22
Y260328370490,31914,945,925,13,28
Y260328433189,31920,859,839,20,42
Y260328696374,31898,937,933,7,16
Y260328746133,31905,1514,1484,7,16
Y260328802308,31916,514,510,12,26
Y260328840681,31913,466,466,8,18
Y260328843078,31926,917,909,8,18
Y260328869235,31902,1566,1564,5,12
Y260328875039,31884,375,353,32,65
Y260328885993,31904,530,508,8,17
Y260328958152,31935,1026,1014,14,30
Y260328984484,31897,1218,1216,6,14
Y260329090299,31971,591,589,3,8
Y260329521273,31969,598,598,24,50
Y260329878748,31972,2272,2162,1,2
Y260329900008,31975,1400,1378,12,26
Y260329988711,31973,1650,1606,11,24
Y260330018266,32046,949,931,17,36
Y260330117644,32011,935,925,10,22
Y260330154840,32024,1338,1308,14,29
Y260330186706,32080,712,682,16,34
Y260330191314,32089,548,526,59,119
Y260330241706,32058,952,928,12,26
Y260330259991,32017,1567,1536,34,70
Y260330271608,32006,356,332,30,60
Y260330297123,32026,1451,1435,9,20
Y260330343902,32053,595,545,14,30
Y260330395356,32029,1434,1412,21,44
Y260330405707,32032,689,677,14,30
Y260330567127,32023,1216,1200,17,36
Y260330608602,32020,619,619,10,22
Y260330619215,32060,971,945,20,42
Y260330623163,32077,696,696,10,22
Y260330635561,32082,428,428,6,14
Y260330683666,32056,1250,1244,14,30
Y260330687499,32061,1524,1524,4,10
Y260330856655,32064,2366,2366,21,42
Y260330862595,32048,1940,1936,9,20
Y260330866219,32028,748,746,8,18
Y260330891599,32043,1311,1309,19,40
Y260330899499,32068,308,306,7,15
Y260330905777,32047,1541,1513,16,33
Y260330946343,32007,673,673,13,28
Y260330994817,32054,404,404,7,16
Y260331042062,32134,1697,1695,13,27
Y260331075250,32171,1431,1417,6,13
Y260331121427,32175,249,236,1,4
Y260331158045,32159,570,520,12,25
Y260331210230,32161,1891,1891,5,12
Y260331212942,32131,409,407,6,14
Y260331322512,32155,1249,1245,16,34
Y260331445596,32125,201,201,1,2
Y260331463614,32101,1461,1431,34,70
Y260331464397,32112,1668,1638,16,34
Y260331493235,32158,642,638,8,18
Y260331497447,32130,1526,1498,15,31
Y260331497695,32120,1638,1638,9,19
Y260331529413,32142,533,531,7,16
Y260331539345,32169,444,444,11,23
Y260331542682,32115,2309,2291,17,36
Y260331607751,32154,881,875,12,26
Y260331636654,32124,950,948,11,24
Y260331684068,32132,580,580,14,30
Y260331692830,32160,843,831,6,13
Y260331693263,32144,370,158,2,5
Y260331720404,32113,1141,1121,17,36
Y260331736601,32153,1229,1229,6,14
Y260331752061,32166,972,968,6,13
Y260331782369,32099,500,484,29,59
Y260331851232,32119,1476,1468,15,32
Y260331859330,32118,1362,1362,15,30
Y260331939342,32127,1033,1026,20,41
Y260331955470,32107,1018,1018,14,30
Y260401031575,32181,1584,1534,26,54
Y260401070059,32224,1426,1426,9,18
Y260401117335,32210,1160,1120,5,11
Y260401194214,32220,966,962,11,23
Y260401213060,32188,531,511,47,94
Y260401238412,32235,411,407,10,22
Y260401345495,32226,735,735,12,26
Y260401382067,32248,649,649,15,31
Y260401389271,32198,967,953,13,28
Y260401543760,32199,950,948,10,22
Y260401554081,32191,1968,1968,13,28
Y260401566520,32219,317,118,1,4
Y260401583953,32190,204,204,1,2
Y260401604776,32217,977,965,9,19
Y260401649703,32193,1203,1185,10,22
Y260401678585,32216,2051,2037,21,42
Y260401694197,32221,1064,1046,15,31
Y260401733170,32208,868,868,14,29
Y260401741524,32231,2080,2080,11,24
Y260401745673,32212,1105,1083,12,26
Y260401757003,32195,733,733,18,37
Y260401801154,32236,954,940,11,24
Y260401806402,32194,1673,1657,22,46
Y260401830776,32205,695,693,6,14
Y260401843177,32222,556,556,1,2
Y260401859512,32242,1253,1207,16,34
Y260401881999,32245,636,626,11,24
Y260401894649,32204,1322,1320,8,18
Y260401999195,32203,677,661,2,5
Y260402005445,32299,1054,1040,15,32
Y260402021001,32263,1514,1474,7,15
Y260402080794,32252,571,567,4,10
Y260402144133,32306,1653,1653,6,14
Y260402159997,32254,814,814,18,38
Y260402160101,32280,324,94,1,4
Y260402222881,32285,617,611,10,22
Y260402224912,32290,806,791,13,28
Y260402235352,32260,1356,1336,25,51
Y260402302167,32287,380,356,37,76
Y260402302693,32261,978,970,12,26
Y260402313452,32284,1553,1503,5,11
Y260402329568,32297,162,160,6,13
Y260402332873,32309,410,408,6,14
Y260402340695,32273,1119,1105,7,16
Y260402363128,32257,410,404,4,10
Y260402450850,32282,2292,2292,21,44
Y260402478772,32281,789,753,16,34
Y260402543113,32272,1658,1654,12,25
Y260402559976,32315,1974,1968,10,22
Y260402568457,32304,663,655,12,26
Y260402643859,32279,527,527,7,16
Y260402676888,32277,1025,1011,10,21
Y260402685390,32295,382,382,4,10
Y260402705455,32300,509,476,12,26
Y260402722466,32292,1188,1178,14,29
Y260402766883,32265,474,472,3,6
Y260402813761,32264,636,636,13,28
Y260402818818,32307,1775,1769,8,18
Y260402902798,32251,283,279,6,14
Y260403094095,32331,480,480,10,22
Y260403097072,32384,509,505,6,14
Y260403221616,32361,602,362,8,18
Y260403304289,32348,406,406,8,18
Y260403305924,32420,362,362,4,9
Y260403343957,32402,1014,998,19,39
Y260403379359,32349,424,424,4,10
Y260403383141,32334,1052,1038,13,28
Y260403439860,32354,447,443,13,28
Y260403444367,32338,611,609,19,40
Y260403445683,32422,854,850,14,30
Y260403453782,32425,1241,1239,15,30
Y260403495691,32359,799,797,4,9
Y260403520613,32417,921,827,13,28
Y260403588940,32423,2173,2118,32,65
Y260403657875,32365,1005,1001,8,17
Y260403668561,32410,126,126,2,5
Y260403689830,32424,1203,1187,14,30
Y260403770563,32340,482,458,45,91
Y260403793230,32373,1028,998,6,14
Y260403804678,32394,1847,1847,9,20
Y260403819270,32403,1221,1213,11,23
Y260403845942,32362,616,612,10,22
Y260403878188,32413,308,308,2,5
Y260403888380,32337,529,529,6,13
Y260403900729,32382,1552,1520,6,13
Y260403949436,32351,1531,1531,8,17
Y260403958011,32399,979,967,7,15
Y260403979209,32352,577,539,10,22
Y260403998477,32390,1063,1047,12,26
Y260403999171,32330,1475,1446,23,48
Y260404031079,32449,1713,1653,20,42
Y260404051518,32444,995,985,7,16
Y260404063438,32439,636,636,20,42
Y260404071963,32527,1393,1357,10,22
Y260404099461,32469,2105,2077,48,98
Y260404115391,32464,1111,1097,13,28
Y260404142667,32520,684,680,11,24
Y260404149012,32498,1825,1825,9,20
Y260404207613,32547,494,494,3,7
Y260404215681,32467,1694,1694,6,14
Y260404247471,32468,638,625,14,30
Y260404261260,32437,530,492,31,64
Y260404270093,32543,286,278,43,87
Y260404317912,32474,592,592,10,20
Y260404346115,32485,1074,1064,17,36
Y260404367973,32546,387,375,8,18
Y260404380433,32539,630,630,17,36
Y260404487395,32456,565,565,14,29
Y260404561854,32537,899,883,8,18
Y260404564581,32542,1315,1269,18,38
Y260404567380,32455,458,454,8,18
Y260404587784,32465,582,574,13,28
Y260404639599,32487,1280,1194,7,16
Y260404730869,32442,266,266,12,26
Y260404753990,32447,748,748,14,29
Y260404792697,32503,445,443,11,24
Y260404850326,32493,1241,1223,19,40
Y260404863709,32502,1279,1257,18,37
Y260404887272,32451,1470,1452,11,23
Y260404934552,32472,1611,1611,11,23
Y260404944742,32484,2334,2334,21,44
Y260404954455,32436,481,479,6,14
Y260404982067,32528,419,411,13,27
Y260405011433,32559,1105,1101,9,19
Y260405023493,32572,1425,1396,28,58
Y260405054495,32602,571,569,13,28
Y260405058645,32593,618,618,12,26
Y260405248433,32564,675,621,13,28
Y260405253148,32578,1083,1075,13,27
Y260405270728,32607,181,179,3,6
Y260405324440,32584,430,430,5,11
Y260405353988,32580,139,139,1,2
Y260405397929,32569,1824,1756,9,19
Y260405398540,32566,1365,1310,8,18
Y260405407396,32560,1297,1289,8,17
Y260405435396,32570,1642,1638,9,19
Y260405449848,32568,475,461,37,75
Y260405509679,32579,1248,1166,13,27
Y260405514905,32576,687,683,5,12
Y260405534450,32616,488,484,12,26
Y260405546381,32609,1396,1358,15,32
Y260405560924,32611,935,935,14,30
Y260405647520,32587,837,809,12,26
Y260405675468,32592,520,520,11,24
Y260405683785,32562,624,622,1,4
Y260405750558,32582,455,403,5,12
Y260405761961,32583,629,613,3,7
Y260405791897,32558,510,490,39,78
Y260405794171,32585,1147,1143,12,26
Y260405817893,32619,1388,1366,25,52
Y260405854766,32591,1322,1320,20,42
Y260405874908,32605,967,911,11,24
Y260405943163,32612,324,322,8,18
Y260406053355,32666,532,530,1,4
Y260406061384,32641,1590,1553,42,85
Y260406129829,32634,477,463,29,58
Y260406132398,32682,1244,1244,3,7
Y260406165870,32688,982,982,3,8
Y260406170835,32686,672,672,13,28
Y260406197635,32685,979,963,16,34
Y260406252894,32629,463,453,22,45
Y260406272184,32636,543,543,13,28
Y260406291886,32631,1215,1213,3,6
Y260406292436,32689,726,699,9,20
Y260406302133,32693,1540,1494,18,37
Y260406308938,32681,1541,1533,15,32
Y260406314092,32672,447,443,11,24
Y260406352348,32656,1272,1272,12,25
Y260406443501,32635,1483,1442,10,22
Y260406452306,32650,1838,1808,47,96
Y260406467695,32702,816,804,10,22
Y260406476694,32678,1303,1288,12,25
Y260406519204,32692,2306,2296,22,45
Y260406530840,32699,1693,1691,16,33
Y260406654857,32653,1508,1448,6,14
Y260406672717,32695,1643,1599,12,25
Y260406673090,32670,656,642,16,34
Y260406808850,32703,1371,1367,17,36
Y260406833880,32679,1131,1110,13,28
Y260406845764,32662,424,420,9,20
Y260406870237,32622,1119,1115,12,24
Y260406889736,32707,1737,1695,17,35
Y260406909548,32668,568,542,18,37
Y260406912162,32628,679,679,14,29
Y260406939952,32696,682,682,14,30
Y260406943632,32698,190,188,2,5
Y260406970647,32655,176,176,1,2
Y260407036367,32748,2211,2209,8,18
Y260407042544,32738,729,729,5,12
Y260407057089,32776,1099,1068,12,26
Y260407100219,32727,193,191,0,2
Y260407243745,32784,518,516,7,16
Y260407260025,32806,124,124,3,7
Y260407322274,32802,917,913,10,22
Y260407379325,32792,674,661,6,14
Y260407404107,32717,1408,1408,6,13
Y260407447033,32782,905,858,12,26
Y260407452210,32754,509,509,12,26
Y260407460796,32803,1147,1131,8,18
Y260407493335,32732,1852,1850,4,10
Y260407509168,32799,1874,1874,12,26
Y260407541061,32801,870,866,8,18
Y260407581683,32726,1182,1152,9,20
Y260407585999,32762,636,602,13,28
Y260407608339,32751,782,774,6,14
Y260407613734,32773,477,477,7,16
Y260407686139,32728,281,259,39,79
Y260407693760,32745,544,533,7,16
Y260407723630,32800,408,408,6,13
Y260407749283,32769,1135,1131,10,22
Y260407798833,32797,486,480,6,14
Y260407820450,32753,1093,1061,8,18
Y260407998842,32758,388,384,3,8
Y260408010919,32844,917,915,16,33
Y260408059445,32883,1048,1030,15,32
Y260408122602,32827,1090,1080,5,11
Y260408145229,32948,189,187,7,15
Y260408167718,32874,1436,1398,28,57
Y260408208460,32833,942,934,7,16
Y260408213623,32838,843,829,6,14
Y260408245140,32916,649,649,10,22
Y260408271629,32830,696,688,8,18
Y260408273103,32919,1193,1179,6,14
Y260408278332,32860,738,720,15,32
Y260408300077,32933,897,887,8,18
Y260408350173,32837,1042,1036,12,26
Y260408366738,32870,1325,1321,18,38
Y260408408628,32829,1588,1571,8,18
Y260408458712,32949,1264,1246,13,28
Y260408498895,32836,651,651,22,46
Y260408529847,32812,235,209,41,83
Y260408541671,32867,1425,1425,6,13
Y260408558020,32940,592,592,13,28
Y260408696585,32915,918,904,9,20
Y260408707471,32913,1061,1043,12,26
Y260408712549,32835,1339,1301,17,36
Y260408714870,32889,543,543,9,20
Y260408747748,32910,976,976,18,36
Y260408752648,32824,617,617,10,22
Y260408757765,32855,154,154,1,2
Y260408785400,32908,1979,1958,19,39
Y260408803385,32848,587,585,9,20
Y260408896675,32852,354,248,4,10
Y260408920921,32904,276,252,32,66
Y260408929383,32881,695,695,7,15
Y260408987781,32871,390,390,6,13
Y260409033509,32981,1745,1705,16,34
Y260409046373,33076,234,230,1,4
Y260409067567,32956,514,488,35,72
Y260409104771,32974,1123,1115,15,32
Y260409111118,32994,791,775,8,18
Y260409183605,32969,1454,1446,4,10
Y260409199662,33063,588,584,9,20
Y260409261990,33007,1367,1367,4,10
Y260409414716,32989,938,932,17,36
Y260409628984,32958,1336,1220,4,10
Y260409641095,33072,489,437,6,13
Y260409642870,32990,106,104,3,6
Y260409655517,33018,404,404,5,12
Y260409682560,33078,275,269,10,22
Y260409695673,32959,986,972,9,20
Y260409715183,32986,1514,1472,12,26
Y260409720502,33006,133,133,7,16
Y260409786273,32971,563,563,11,24
Y260409795288,33009,572,568,4,8
Y260409842422,32998,1885,1881,23,48
Y260409843633,33012,1280,1278,15,31
Y260409850075,32976,599,599,10,22
Y260409932107,33077,1155,1149,15,31
Y260409949010,32972,548,548,11,24
Y260409957503,32954,130,126,4,10
Y260409965957,33074,373,373,7,16
Y260409966681,32964,1446,1438,9,20
Y260409970107,33066,487,485,7,16
Y260409978770,32982,2311,2311,11,24
Y260410031682,33171,595,593,14,30
Y260410074265,33138,1156,1150,12,26
Y260410166759,33182,1422,1416,13,28
Y260410261304,33155,1057,1041,13,28
Y260410279608,33219,1319,1313,10,22
Y260410285242,33197,316,316,11,24
Y260410304750,33133,1325,1323,15,32
Y260410322218,33225,250,244,35,71
Y260410350242,33150,295,291,7,16
Y260410362125,33110,1934,1934,10,21
Y260410376676,33195,363,355,34,70
Y260410378510,33172,428,428,11,23
Y260410378797,33122,194,178,11,23
Y260410437608,33125,2138,2136,17,35
Y260410448635,33108,1438,1434,7,16
Y260410490573,33222,766,766,14,30
Y260410503939,33175,891,891,11,24
Y260410526238,33099,1975,1893,14,30
Y260410598798,33145,1254,1248,4,9
Y260410614087,33206,776,774,15,32
Y260410646887,33090,1490,1472,8,18
Y260410655879,33098,780,780,7,15
Y260410672419,33119,1157,1153,17,36
Y260410681481,33165,926,921,10,22
Y260410695599,33100,715,705,13,28
Y260410734357,33096,1178,1164,5,12
Y260410750875,33093,967,954,8,18
Y260410831873,33204,1876,1876,14,30
Y260410841482,33131,1011,1001,17,36
Y260410902306,33216,1003,1001,4,9
Y260410902399,33186,1490,1486,16,33
Y260410902608,33113,669,669,14,30
Y260410912751,33194,1703,1638,19,40
Y260410919687,33220,1141,1123,17,35
Y260410967576,33127,1423,1384,19,39
Y260410971238,33087,314,290,42,86
Y260410980742,33221,1312,1291,21,44
Y260411065640,33237,728,710,72,145
Y260411086738,33319,397,395,8,17
Y260411145050,33305,1810,1788,15,31
Y260411153216,33286,1425,1425,3,8
Y260411256509,33255,767,765,18,38
Y260411307151,33307,809,801,11,24
Y260411394121,33248,1118,1106,13,28
Y260411421631,33341,516,516,13,28
Y260411463763,33325,919,899,10,22
Y260411468171,33295,637,633,10,22
Y260411481478,33291,1305,1297,5,12
Y260411505469,33227,153,141,14,28
Y260411616557,33253,1735,1709,8,17
Y260411620203,33285,895,887,7,15
Y260411687644,33318,1121,1119,10,22
Y260411697082,33274,1516,1373,6,14
Y260411707898,33254,766,460,2,6
Y260411726402,33263,1436,1436,6,14
Y260411779023,33298,888,841,12,25
Y260411821932,33345,563,561,12,26
Y260411829115,33234,1138,1128,8,17
Y260411839688,33231,691,687,11,24
Y260411922123,33293,583,581,11,24
Y260411946860,33259,1361,1313,14,30
Y260411961442,33311,885,873,15,32
Y260411985658,33256,766,756,9,20
Y260412018342,33442,423,423,7,15
Y260412031251,33450,2485,2466,20,42
Y260412111683,33492,517,511,1,4
Y260412112346,33473,411,391,43,88
Y260412115157,33408,947,940,13,28
Y260412125790,33444,196,177,6,14
Y260412146553,33365,1228,1224,10,22
Y260412151322,33379,1551,1540,14,29
Y260412208687,33493,770,768,3,8
Y260412211285,33430,933,925,10,22
Y260412247661,33383,131,131,2,5
Y260412345640,33374,1476,1422,17,35
Y260412365372,33476,1069,1059,9,20
Y260412405334,33494,1300,1249,13,28
Y260412417958,33462,1317,1293,12,26
Y260412500239,33455,1293,1285,7,16
Y260412515012,33366,495,493,8,18
Y260412518092,33387,970,962,1,2
Y260412527075,33465,972,968,11,24
Y260412527348,33392,1446,1442,5,12
Y260412528077,33364,623,623,13,28
Y260412550574,33422,179,177,1,3
Y260412661347,33376,727,727,17,36
Y260412662504,33435,815,803,8,17
Y260412691448,33415,1290,1282,8,17
Y260412701881,33416,1136,1126,6,13
Y260412734323,33410,1589,1569,17,36
Y260412741957,33489,598,598,15,32
Y260412776863,33451,556,556,24,49
Y260412791388,33439,975,962,9,20
Y260412846449,33377,937,933,15,32
Y260412886552,33386,1558,1464,10,22
Y260413004195,33562,2012,2012,10,22
Y260413006788,33582,1144,1123,12,25
Y260413024200,33681,494,494,13,28
Y260413072991,33648,869,867,11,24
Y260413136821,33495,1185,1181,2,6
Y260413143216,33521,580,580,14,30
Y260413146926,33609,656,656,10,21
Y260413179275,33504,658,652,10,22
Y260413184986,33509,110,110,1,3
Y260413207654,33511,1052,1052,1,2
Y260413250260,33592,553,551,9,19
Y260413269286,33572,872,856,10,22
Y260413442980,33664,678,676,13,28
Y260413450268,33650,562,558,9,20
Y260413463630,33545,1321,1311,9,19
Y260413489573,33505,1067,1053,10,22
Y260413492409,33531,795,795,14,30
Y260413516379,33558,1079,1070,16,33
Y260413533384,33540,1120,1118,7,16
Y260413543627,33556,1632,1610,19,40
Y260413568954,33656,750,744,13,27
Y260413596071,33575,144,144,1,3
Y260413651714,33512,713,713,10,22
Y260413693048,33676,282,270,38,78
Y260413771660,33670,164,158,34,70
Y260413787613,33588,1041,1031,10,22
Y260413798072,33560,838,824,10,22
Y260413807549,33629,1673,1671,11,24
Y260413838711,33498,222,222,1,2
Y260413907426,33508,1618,1580,13,28
Y260413980086,33557,846,832,3,8
Y260413987275,33559,985,983,10,22
Y260413992458,33541,168,164,2,5
Y260413993300,33626,1335,1287,9,20
Y260414007750,33688,621,621,9,20
Y260414017043,33754,574,574,11,24
Y260414019793,33717,1132,1128,10,22
Y260414113820,33707,931,919,11,24
Y260414130745,33758,849,843,7,16
Y260414161172,33874,1102,1098,12,26
Y260414178809,33721,228,228,4,9
Y260414185679,33855,745,743,1,2
Y260414196873,33787,862,856,11,23
Y260414206113,33871,545,545,11,24
Y260414245177,33803,142,142,1,3
Y260414248916,33852,433,433,9,19
Y260414290313,33859,1186,1170,5,12
Y260414302428,33714,361,96,1,4
Y260414304955,33776,889,883,11,23
Y260414306455,33709,1498,1484,9,20
Y260414307103,33858,980,946,5,11
Y260414341443,33793,1234,1226,12,25
Y260414365137,33751,614,614,7,16
Y260414383252,33833,875,869,5,12
Y260414404209,33716,2157,2155,14,30
Y260414444055,33838,213,203,1,4
Y260414471847,33856,484,484,8,18
Y260414495793,33752,837,823,6,13
Y260414524125,33784,1267,1265,6,14
Y260414529726,33762,1875,1875,8,18
Y260414544690,33691,1699,1661,44,90
Y260414579331,33757,1388,1388,6,14
Y260414585473,33876,447,243,6,14
Y260414631865,33843,551,549,10,21
Y260414693517,33860,1156,1156,22,46
Y260414694570,33875,171,171,1,2
Y260414694714,33693,1395,1393,9,20
Y260414709632,33781,513,509,11,23
Y260414717110,33789,240,238,9,20
Y260414734430,33799,1415,1413,9,20
Y260414752433,33841,461,437,49,99
Y260414781269,33869,378,364,44,89
Y260414811161,33872,998,998,21,43
Y260414820079,33810,279,279,2,5
Y260414854327,33844,1102,1100,1,2
Y260414855968,33783,1612,1586,13,28
Y260414856810,33765,1458,1430,17,36
Y260414882395,33877,682,672,4,9
Y260414895310,33819,179,175,1,3
Y260414897800,33879,465,463,1,4
Y260414938501,33800,877,867,7,16
Y260415047853,33954,433,433,9,20
Y260415125881,33971,1785,1781,8,18
Y260415246778,33889,387,381,3,8
Y260415284325,33980,809,809,19,40
Y260415287713,33945,549,549,13,27
Y260415303414,33932,405,401,1,2
Y260415327573,34026,1319,1278,16,34
Y260415349013,34012,1387,1340,13,28
Y260415369781,33887,830,826,6,14
Y260415406063,33950,642,642,9,20
Y260415411467,33914,464,460,1,2
Y260415447894,33990,876,866,8,18
Y260415493486,34021,1124,1118,16,34
Y260415500218,33998,796,792,8,18
Y260415515513,33947,709,707,6,14
Y260415532309,33957,111,99,8,16
Y260415537516,34023,1071,1051,4,9
Y260415557278,33986,939,909,4,9
Y260415559120,33942,157,157,3,7
Y260415633497,34014,250,250,7,15
Y260415664982,34001,952,940,8,18
Y260415685558,33951,1530,1499,8,18
Y260415686452,33917,615,615,6,14
Y260415705202,33913,1074,1070,8,18
Y260415721282,33918,1352,1322,7,16
Y260415725135,33953,694,692,14,30
Y260415736196,34020,1075,1075,9,20
Y260415796903,33946,903,893,5,12
Y260415801199,33984,195,187,31,64
Y260415834356,33891,1208,1174,6,14
Y260415859511,34019,344,344,10,20
Y260415899384,33941,955,945,12,26
Y260415915443,33977,516,516,11,24
Y260415916943,33993,1163,1141,12,26
Y260415947818,33888,418,418,7,16
Y260415957547,33964,1238,1238,10,22
Y260415970730,33938,407,405,2,4
Y260416024390,34063,593,591,4,9
Y260416028501,34068,1069,1051,16,34
Y260416059620,34099,1739,1724,20,42
Y260416102726,34150,305,299,4,9
Y260416116383,34178,188,188,0,2
Y260416123184,34082,462,454,59,119
Y260416181004,34043,370,356,42,84
Y260416197046,34060,1217,1217,1,2
Y260416211171,34039,847,843,11,24
Y260416225069,34057,979,979,17,36
Y260416227770,34144,1583,1581,10,22
Y260416229443,34092,466,464,14,29
Y260416313332,34054,2047,1997,33,68
Y260416316872,34189,1812,1810,14,29
Y260416382612,34188,132,132,1,2
Y260416393761,34078,2018,1977,13,28
Y260416407934,34105,1556,1530,9,20
Y260416409202,34070,685,685,23,48
Y260416510368,34051,779,777,1,2
Y260416525903,34112,843,841,6,14
Y260416603314,34129,863,863,16,34
Y260416636562,34114,631,617,16,34
Y260416685690,34041,449,449,12,26
Y260416697858,34176,636,636,13,27
Y260416710970,34161,824,822,2,6
Y260416720585,34074,1780,1776,15,32
Y260416725891,34055,1067,1061,14,30
Y260416741278,34069,2038,2038,11,24
Y260416818425,34045,1841,1807,26,54
Y260416902662,34071,1005,1001,11,24
Y260416934256,34175,916,914,1,2
Y260416938615,34040,266,80,1,4
Y260416945736,34056,1513,1509,8,18
Y260416948132,34044,918,907,8,18
Y260416950196,34096,1436,1424,9,18
Y260416970597,34035,982,980,12,25
Y260416976874,34102,1664,1632,12,26
Y260416983460,34115,665,663,15,32
Y260416983958,34046,2664,2660,7,16
Y260417005952,34247,933,933,17,36
Y260417026635,34226,2320,2318,11,24
Y260417100334,34271,1970,1968,11,24
Y260417130754,34263,794,788,20,42
Y260417147314,34274,114,106,0,2
Y260417211572,34210,683,681,12,25
Y260417222525,34223,1541,1539,6,14
Y260417288157,34215,212,212,1,2
Y260417295785,34286,1355,1349,14,30
Y260417331287,34228,681,663,16,34
Y260417384277,34231,520,520,8,17
Y260417392165,34260,1270,1264,14,30
Y260417395095,34232,566,566,1,2
Y260417398834,34211,530,530,13,27
Y260417537670,34230,327,323,6,12
Y260417564388,34241,731,727,2,4
Y260417592786,34198,1110,1098,7,16
Y260417593184,34296,1285,1259,12,26
Y260417619730,34278,1599,1572,13,28
Y260417640180,34301,1429,1413,17,35
Y260417649532,34294,1413,1413,8,18
Y260417683627,34289,1232,1192,14,30
Y260417693608,34197,800,800,18,38
Y260417741862,34293,1072,1060,13,28
Y260417744672,34304,1092,1088,1,2
Y260417790024,34239,1669,1583,16,34
Y260417805906,34282,591,591,16,34
Y260417864089,34203,1811,1783,47,96
Y260417874055,34259,1179,1165,13,28
Y260417903376,34227,1164,1156,12,26
Y260417917738,34212,502,502,11,23
Y260417925057,34199,352,208,4,10
Y260417944653,34245,1210,1202,23,48
Y260417954520,34217,792,790,17,36
Y260417967837,34284,386,366,52,105
Y260418070682,34361,615,615,16,34
Y260418095608,34348,1988,1984,16,33
Y260418126860,34356,1466,1444,21,44
Y260418130898,34376,832,832,14,29
Y260418134244,34340,1135,1133,17,36
Y260418214004,34329,769,769,21,42
Y260418214744,34367,282,278,9,19
Y260418256973,34355,708,708,5,11
Y260418257214,34317,566,566,13,28
Y260418264335,34338,1201,1181,11,24
Y260418268413,34335,2322,2178,19,40
Y260418291031,34379,1137,1131,16,34
Y260418298630,34319,1533,1506,13,28
Y260418326144,34359,885,879,23,48
Y260418347680,34307,560,538,39,79
Y260418377641,34350,2070,2058,19,39
Y260418387581,34375,1243,1239,8,18
Y260418425829,34363,1125,1103,20,42
Y260418428396,34370,1274,1272,17,35
Y260418434649,34343,1079,1079,2,4
Y260418457038,34339,1133,1115,14,30
Y260418476093,34353,1358,1331,19,40
Y260418480717,34371,911,909,16,33
Y260418498834,34316,157,157,2,5
Y260418504194,34345,1554,1552,8,18
Y260418519475,34378,1528,1491,7,16
Y260418549512,34373,998,990,14,29
Y260418621614,34314,1937,1907,39,80
Y260418650812,34312,202,202,1,2
Y260418721071,34368,1570,1566,17,36
Y260418788661,34333,683,683,1,2
Y260418837294,34360,1164,1154,15,31
Y260418876707,34344,906,898,23,47
Y260418948865,34330,972,970,9,19
Y260418952164,34321,857,845,25,51
Y260418961423,34323,3311,3307,11,24
Y260419028833,34465,1380,1344,9,20
Y260419032303,34429,770,770,1,2
Y260419055220,34452,598,560,2,5
Y260419095940,34417,609,609,9,20
Y260419102363,34436,1053,1019,4,9
Y260419216414,34390,902,890,18,38
Y260419237237,34388,2087,1995,17,35
Y260419327445,34464,505,505,6,13
Y260419370951,34393,934,921,15,32
Y260419516326,34432,1431,1431,11,23
Y260419519743,34433,594,592,3,6
Y260419537520,34395,574,570,23,48
Y260419538667,34447,584,584,10,22
Y260419569283,34441,1350,1328,19,39
Y260419587075,34449,2004,2002,11,24
Y260419641486,34383,325,297,53,108
Y260419698166,34437,1480,1478,6,14
Y260419723384,34442,889,885,13,28
Y260419728295,34446,894,890,6,14
Y260419732166,34448,502,502,11,24
Y260419734816,34422,1429,1411,13,27
Y260419755021,34410,958,952,7,16
Y260419804972,34439,976,974,13,27
Y260419855096,34426,490,488,8,18
Y260419879740,34445,1046,1036,11,23
Y260419898944,34421,1187,1183,9,20
Y260419908347,34455,1318,1316,6,14
Y260419931746,34466,710,710,10,22
Y260419952016,34451,1751,1723,17,35
Y260419963408,34443,195,193,8,17
Y260419965404,34404,2426,2426,19,39
Y260419980544,34472,977,965,8,18
Y260419984057,34438,2605,2603,10,22
Y260420006836,34521,661,659,9,20
Y260420010501,34611,498,498,12,26
Y260420012338,34604,1466,1434,24,50
Y260420096795,34528,784,776,8,18
Y260420148957,34484,1047,1033,9,20
Y260420165151,34530,296,102,2,6
Y260420197743,34502,754,754,16,34
Y260420298259,34522,1945,1943,10,22
Y260420316054,34600,475,455,55,111
Y260420326361,34504,898,898,1,2
Y260420331412,34575,1481,1443,56,113
Y260420375621,34498,1433,1431,5,12
Y260420375777,34497,881,864,5,12
Y260420475986,34555,543,533,13,28
Y260420505483,34511,697,691,16,32
Y260420515890,34593,1715,1593,18,37
Y260420525926,34556,798,798,12,26
Y260420540936,34573,1042,1026,15,32
Y260420592109,34503,1146,1146,1,2
Y260420618569,34558,827,819,17,35
Y260420694032,34544,937,925,8,17
Y260420799566,34589,248,242,1,4
Y260420799772,34545,1111,1111,10,22
Y260420812530,34508,1345,1337,12,26
Y260420828575,34551,2670,2668,7,16
Y260420840320,34563,1489,1449,12,25
Y260420868765,34586,1179,1177,12,26
Y260420935359,34543,795,783,6,14
Y260420944790,34614,154,154,1,4
Y260420970418,34533,1848,1846,15,32
Y260421005638,34737,268,266,3,7
Y260421088100,34628,589,589,15,31
Y260421119208,34638,1164,1160,13,27
Y260421210288,34670,1012,1004,11,24
Y260421226437,34622,1111,1105,9,20
Y260421228484,34741,536,444,12,26
Y260421296163,34678,1555,1553,7,15
Y260421319927,34703,515,510,11,24
Y260421320667,34685,904,894,12,26
Y260421323520,34621,982,980,1,2
Y260421324771,34692,1879,1875,19,40
Y260421363145,34664,534,522,11,24
Y260421382573,34714,885,885,15,32
Y260421391216,34665,558,556,6,14
Y260421445584,34663,1055,1041,10,22
Y260421450645,34743,1336,1304,11,24
Y260421505719,34666,1095,1095,12,26
Y260421507426,34748,115,115,1,2
Y260421544626,34649,1609,1593,18,38
Y260421574250,34687,601,597,13,27
Y260421584721,34619,981,959,8,18
Y260421638617,34634,951,927,6,14
Y260421648657,34646,2033,2033,8,18
Y260421653019,34624,687,685,12,25
Y260421702756,34636,221,219,2,5
Y260421731147,34724,440,438,1,2
Y260421832031,34706,358,334,35,71
Y260421873265,34699,497,493,12,25
Y260421880040,34653,415,413,8,18
Y260421930887,34708,1299,1276,10,22
Y260422001228,34831,1653,1653,17,36
Y260422008549,34862,1808,1800,5,12
Y260422018764,34910,1296,1266,23,47
Y260422028984,34829,641,641,16,34
Y260422038084,34851,1949,1929,16,34
Y260422108027,34907,595,595,11,24
Y260422169923,34834,1504,1484,17,36
Y260422238634,34822,2036,2034,49,100
Y260422297160,34786,1098,1090,12,26
Y260422320791,34855,1289,1287,10,22
Y260422340559,34899,1424,1412,1,2
Y260422350843,34790,2247,2245,9,20
Y260422367855,34750,942,936,1,4
Y260422412758,34824,3526,3464,2,6
Y260422416273,34872,660,660,14,30
Y260422422956,34886,529,527,3,6
Y260422462378,34755,1204,1190,6,14
Y260422473180,34828,1861,1857,15,32
Y260422567248,34774,1078,1078,23,48
Y260422668764,34902,928,910,79,158
Y260422678818,34908,710,589,15,32
Y260422683237,34911,2934,2932,8,17
Y260422729635,34778,1108,1092,14,30
Y260422732598,34794,947,941,11,24
Y260422780802,34861,2835,2807,10,21
Y260422781439,34852,308,306,15,32
Y260422824656,34842,933,927,8,18
Y260422935931,34871,1262,1242,72,145
Y260422943988,34909,415,415,1,2
Y260422970046,34785,400,396,2,5
Y260423760333,34915,1015,1015,16,34
Y260423768815,34951,1691,1691,12,26
Y260424010491,34979,444,444,10,22
Y260424014790,35027,160,134,32,66
Y260424078014,35068,705,695,11,24
Y260424093995,34988,840,828,9,20
Y260424115689,34985,1027,1025,12,26
Y260424119726,35035,1003,997,15,32
Y260424143556,35031,1256,1232,14,30
Y260424148263,35007,1056,1040,16,33
Y260424155597,34995,678,678,4,9
Y260424159137,35037,374,362,9,20
Y260424180763,35074,1005,1003,11,24
Y260424224398,34994,461,449,12,26
Y260424250242,35072,595,595,15,32
Y260424267987,35003,1920,1908,6,14
Y260424283781,35092,267,267,2,4
Y260424304160,35046,1184,1138,8,18
Y260424317059,35081,532,528,14,30
Y260424370119,34986,468,468,12,26
Y260424386478,35018,918,910,12,26
Y260424404955,35082,917,907,9,20
Y260424417649,34981,644,642,9,20
Y260424428706,34990,458,454,10,22
Y260424439175,35034,483,483,11,24
Y260424487175,35025,934,926,6,14
Y260424523126,35012,720,720,11,24
Y260424587052,34982,167,157,29,60
Y260424588974,35054,480,472,13,28
Y260424591626,35026,1217,1182,12,26
Y260424632607,35089,1378,1340,22,46
Y260424641631,35022,816,806,5,10
Y260424665763,35053,578,578,8,17
Y260424790218,35028,856,850,13,28
Y260424854286,35016,587,585,7,16
Y260424873612,35088,723,721,4,8
Y260424880232,35030,462,437,11,24
Y260424921459,35008,822,810,1,4
Y260424955702,35017,332,328,11,24
Y260424960930,35020,467,467,11,24
Y260424967973,35044,295,293,7,16
Y260424972258,34997,346,336,4,10
Y260425003662,35178,747,747,20,41
Y260425038973,35168,177,171,1,4
Y260425064296,35142,1711,1711,14,30
Y260425127200,35121,442,440,3,7
Y260425159011,35195,1248,1240,40,82
Y260425182234,35152,924,922,1,2
Y260425192747,35185,918,916,15,31
Y260425203748,35145,593,585,18,38
Y260425205303,35101,467,467,7,15
Y260425206184,35191,1385,1330,9,20
Y260425217577,35109,430,426,9,20
Y260425219164,35173,719,713,3,7
Y260425231168,35139,1165,1132,9,20
Y260425245345,35179,2010,2010,10,22
Y260425291185,35137,1526,1483,18,38
Y260425308375,35148,596,596,22,46
Y260425355443,35194,927,927,17,36
Y260425368708,35113,556,552,8,18
Y260425449920,35111,741,739,9,20
Y260425487816,35106,410,410,6,13
Y260425514840,35112,115,115,2,6
Y260425574935,35154,515,495,53,107
Y260425610209,35187,1054,1043,15,31
Y260425617816,35123,924,912,9,19
Y260425621216,35104,1867,1863,28,58
Y260425642062,35146,1383,1373,19,40
Y260425651759,35177,1070,1068,21,43
Y260425668077,35150,402,252,6,14
Y260425679959,35099,1023,1013,6,14
Y260425748086,35159,1529,1523,18,37
Y260425756823,35102,482,478,6,13
Y260425775190,35105,608,608,7,16
Y260425786601,35140,522,514,16,34
Y260425787568,35141,1219,1215,20,42
Y260425787876,35103,159,139,26,53
Y260425794818,35183,1036,1024,16,34
Y260425804357,35124,903,881,10,22
Y260425808885,35190,184,184,1,2
Y260425835730,35127,621,619,1,2
Y260425869380,35114,965,947,7,16
Y260425891584,35118,768,768,13,28
Y260425910638,35132,529,529,14,30
Y260425986793,35156,1328,1306,18,38
Y260425990307,35093,417,415,1,2
Y260425996833,35138,1299,1267,16,34
Y260426005367,35297,640,632,15,32
Y260426009165,35215,378,378,5,12
Y260426023754,35201,440,440,1,2
Y260426035559,35281,1319,1319,14,29
Y260426145548,35259,478,478,9,20
Y260426164249,35256,574,574,8,18
Y260426182740,35209,505,501,5,12
Y260426192236,35301,700,700,14,30
Y260426211417,35271,1087,1077,9,20
Y260426211748,35303,1506,1506,11,23
Y260426213352,35255,944,938,13,28
Y260426215687,35202,136,125,24,50
Y260426217458,35251,1201,1167,10,22
Y260426251279,35207,368,362,7,16
Y260426277369,35253,333,333,1,4
Y260426303268,35199,844,836,6,14
Y260426378896,35242,531,531,1,2
Y260426396981,35248,749,745,2,4
Y260426405375,35214,445,437,9,20
Y260426429567,35299,1617,1581,54,110
Y260426430772,35213,1106,1068,11,24
Y260426476231,35249,1084,1084,15,31
Y260426535554,35216,482,480,7,16
Y260426586141,35212,1310,1268,7,16
Y260426608572,35278,1565,1557,13,28
Y260426608790,35218,371,175,3,8
Y260426618263,35234,127,123,3,8
Y260426627040,35220,452,452,11,24
Y260426644141,35247,100,100,1,2
Y260426660594,35300,1401,1389,8,18
Y260426701577,35304,1280,1280,3,6
Y260426733835,35226,485,481,8,18
Y260426742578,35267,623,623,8,18
Y260426746908,35282,886,886,17,36
Y260426752970,35269,945,935,9,20
Y260426789801,35292,754,748,13,28
Y260426803915,35221,1113,1085,7,16
Y260426813343,35291,1617,1589,13,27
Y260426839569,35265,1954,1954,11,24
Y260426843071,35230,163,141,27,55
Y260426849268,35294,1466,1430,8,18
Y260426882356,35219,1186,1164,8,18
Y260426885737,35266,925,925,9,19
Y260426906572,35227,336,334,7,15
Y260426911721,35287,620,618,11,24
Y260426961793,35302,199,175,31,64
Y260426998953,35208,442,442,11,24
Y260427011256,35370,661,659,9,20
Y260427041348,35374,201,181,35,72
Y260427049761,35362,1178,1164,8,18
Y260427053833,35392,554,554,9,19
Y260427072867,35373,518,514,11,24
Y260427107127,35361,637,637,13,28
Y260427152520,35364,2480,2478,42,85
Y260427174490,35333,529,527,9,19
Y260427175491,35358,462,462,10,22
Y260427196508,35397,984,962,6,13
Y260427214910,35320,1017,1005,6,14
Y260427237428,35344,1166,1124,7,16
Y260427272268,35377,612,604,13,28
Y260427339291,35335,927,919,9,20
Y260427367053,35307,1846,1846,10,20
Y260427426750,35353,958,934,13,27
Y260427543868,35342,814,806,10,22
Y260427570245,35367,668,660,9,20
Y260427592661,35369,1521,1471,7,16
Y260427597543,35401,513,507,7,16
Y260427614965,35389,1141,1121,12,26
Y260427625264,35331,835,831,5,12
Y260427639180,35330,1094,1069,7,15
Y260427647752,35334,1195,1193,12,26
Y260427656941,35317,174,160,21,43
Y260427699765,35339,1165,1155,12,26
Y260427730612,35386,891,885,9,20
Y260427733172,35366,677,659,12,26
Y260427739146,35399,893,881,5,12
Y260427746797,35379,704,702,2,6
Y260427772412,35355,855,843,14,29
Y260427780144,35384,294,288,46,94
Y260427846911,35341,586,574,4,10
Y260427959588,35395,765,765,9,20
Y260427980919,35400,891,883,7,16
Y260428018968,35449,2047,2047,9,20
Y260428033319,35428,606,602,5,12
Y260428063575,35524,233,233,5,11
Y260428077127,35485,1218,1200,13,28
Y260428109897,35450,401,399,6,13
Y260428171718,35423,167,145,33,68
Y260428172526,35526,222,222,4,9
Y260428176920,35503,622,616,10,22
Y260428215882,35435,443,441,9,20
Y260428259060,35437,1056,1050,9,20
Y260428263156,35434,781,781,11,24
Y260428306707,35514,1852,1817,9,20
Y260428313703,35410,481,481,10,22
Y260428322001,35512,1107,1093,4,10
Y260428346081,35455,753,677,2,6
Y260428350988,35525,496,488,58,117
Y260428389458,35497,495,475,83,168
Y260428391445,35439,420,416,6,14
Y260428405123,35464,1741,1741,10,22
Y260428444927,35521,419,419,7,15
Y260428545474,35451,952,946,6,14
Y260428558080,35462,213,201,32,65
Y260428565167,35475,1076,1076,12,26
Y260428600360,35430,1004,968,8,18
Y260428604992,35420,1117,1081,11,23
Y260428625852,35417,541,532,7,16
Y260428627238,35482,648,646,9,19
Y260428633940,35422,566,566,17,36
Y260428669286,35520,406,404,5,11
Y260428705796,35476,444,442,9,20
Y260428716732,35499,1220,1208,16,33
Y260428769548,35516,595,595,15,31
Y260428779857,35421,437,435,1,2
Y260428780971,35477,572,572,7,16
Y260428825153,35522,171,171,6,13
Y260428843576,35508,748,744,8,18
Y260428867566,35443,504,502,8,18
Y260428893384,35453,467,465,4,10
Y260428949935,35425,1316,1280,9,20
Y260428972179,35478,603,417,4,10
Y260428978478,35470,1501,1479,7,16
Y260429041647,35540,316,316,1,4
Y260429905922,35544,527,521,8,18
Y260430013658,35600,402,398,10,22
Y260430020531,35606,188,174,42,85
Y260430051319,35586,457,457,12,26
Y260430063433,35647,758,749,6,12
Y260430115027,35613,707,701,11,24
Y260430116929,35592,1412,1378,12,26
Y260430147984,35630,433,433,8,18
Y260430149477,35593,999,966,8,18
Y260430157839,35578,723,717,13,27
Y260430192167,35618,1083,1075,10,22
Y260430250999,35650,652,652,5,11
Y260430252393,35641,499,497,13,28
Y260430262433,35612,404,402,1,2
Y260430273062,35638,909,909,14,30
Y260430285781,35620,1515,1477,5,12
Y260430288741,35577,472,469,6,14
Y260430291256,35617,1364,1316,25,51
Y260430308122,35567,402,402,7,16
Y260430376746,35598,379,377,1,2
Y260430490720,35625,474,474,11,23
Y260430556534,35557,161,143,35,70
Y260430560093,35575,895,893,19,39
Y260430577766,35559,749,749,11,23
Y260430615607,35572,396,396,9,20
Y260430633376,35640,1100,1082,4,10
Y260430647153,35581,862,852,8,18
Y260430679448,35624,1053,1049,6,14
Y260430702921,35589,955,947,6,14
Y260430704288,35583,413,413,7,16
Y260430715023,35646,544,544,7,16
Y260430731058,35627,997,988,7,16
Y260430732735,35629,553,549,11,24
Y260430735021,35569,952,909,6,14
Y260430735067,35585,229,219,32,66
Y260430765922,35614,1094,1094,9,19
Y260430803851,35580,333,333,1,4
Y260430811228,35626,1448,1446,10,22
Y260430850177,35564,342,342,3,7
Y260430886842,35637,1119,1103,10,22
Y260430907633,35582,1101,1059,5,12
Y260430943380,35616,412,404,8,18
Y260501001076,35725,508,504,13,28
Y260501020637,35733,1249,1222,10,22
Y260501035533,35677,183,169,33,66
Y260501134615,35700,1243,1209,7,16
Y260501279903,35742,565,565,13,27
Y260501343848,35737,1031,1027,10,22
Y260501356948,35694,994,994,8,18
Y260501361401,35730,1513,1477,11,24
Y260501409740,35685,516,510,12,26
Y260501416747,35704,740,738,16,34
Y260501432107,35743,1627,1625,14,29
Y260501445461,35698,981,975,14,30
Y260501488883,35672,692,692,14,30
Y260501529535,35699,755,751,15,32
Y260501546454,35715,1031,1017,13,28
Y260501601301,35659,342,340,4,10
Y260501659801,35752,665,434,6,13
Y260501664293,35732,521,519,13,28
Y260501713149,35683,1654,1646,16,34
Y260501727129,35720,155,155,6,13
Y260501743877,35702,243,243,2,6
Y260501745563,35668,395,395,6,13
Y260501779100,35753,1014,1014,5,11
Y260501805203,35740,866,852,10,21
Y260501934756,35738,469,463,13,27
Y260502042565,35830,255,255,1,3
Y260502049800,35822,1367,1363,11,24
Y260502310634,35808,619,619,13,28
Y260502375353,35813,1073,1059,14,29
Y260502522879,35785,1072,1052,3,8
Y260502635695,35795,441,441,1,2
Y260502661415,35843,779,773,8,17
Y260502756942,35796,437,437,7,16
Y260502767741,35793,332,324,8,18
Y260502784270,35818,313,311,9,19
Y260502817923,35792,584,580,7,16
Y260502881270,35766,123,113,23,48
Y260502951829,35787,630,626,3,8
Y260503017596,35922,733,714,19,39
Y260503034373,35867,1090,1058,12,26
Y260503185272,35894,760,756,17,36
Y260503379858,35899,846,844,15,32
Y260503441244,35936,1497,1495,29,58
Y260503588663,35903,1161,1149,18,38
Y260503609657,35904,1342,1332,4,9
Y260503702483,35921,1229,1223,12,25
Y260503738656,35939,2010,2008,21,44
Y260503752077,35924,757,749,12,26
Y260503771486,35852,397,393,3,8
Y260503918850,35946,463,455,1,4
Y260503922892,35875,784,563,5,12
Y260504001069,36008,1000,982,18,38
Y260504025608,36006,843,837,23,47
Y260504130061,36017,582,582,1,2
Y260504300836,35982,613,613,18,38
Y260504304238,35984,289,276,43,87
Y260504534021,35994,568,410,7,16
Y260504603445,35976,980,978,9,18
Y260504715188,36003,719,713,16,33
Y260511972679,36313,248,248,2,4
Y260512060758,36421,189,189,3,7
Y260512080992,36412,971,945,6,14
Y260512436488,36440,827,797,17,36
Y260512726674,36425,495,493,9,20
Y260512764283,36428,562,560,11,23
Y260512786819,36423,854,852,14,30
Y260512921676,36404,134,134,1,4
Y260513000365,36604,811,807,12,26
Y260513072639,36610,1615,1573,44,90
Y260513170572,36585,613,605,15,32
Y260513247979,36599,969,949,13,27
Y260513255747,36502,1715,1709,4,10
Y260513303739,36479,1615,1615,7,15
Y260513361138,36571,551,545,12,25
Y260513388187,36544,518,518,1,2
Y260513512535,36456,454,446,2,6
Y260513513208,36586,710,706,10,22
Y260513567002,36584,1698,1696,9,20
Y260513662465,36521,780,778,9,19
Y260513678107,36600,681,675,10,22
Y260513686671,36458,1269,1255,13,28
Y260513709705,36547,560,560,17,36
Y260513893058,36552,1003,995,10,22
Y260513898318,36534,794,622,8,17
Y260513950928,36457,633,633,8,18
Y260513991220,36603,1109,1095,15,31
Y260514010213,36707,460,458,8,18
Y260514024482,36651,350,348,4,10
Y260514065608,36621,1030,994,6,14
Y260514230189,36650,409,401,6,14
Y260514287503,36676,744,736,9,20
Y260514412338,36724,959,940,11,24
Y260514457857,36743,2446,2440,47,96
Y260514470232,36738,376,376,2,6
Y260514472818,36720,1169,1163,10,22
Y260514529862,36664,369,369,6,14
Y260514572951,36737,1665,1665,10,22
Y260514677719,36713,1050,1036,8,18
Y260514729801,36700,326,190,3,8
Y260514751624,36687,707,705,12,25
Y260514774926,36679,381,375,4,9
Y260514788925,36714,441,441,8,18
Y260514805370,36670,1624,1583,15,31
Y260514815087,36734,1546,1498,61,124
Y260515002840,36960,1580,1556,25,52
Y260515080791,36901,1641,1605,14,29
Y260515153185,36891,1039,1035,13,28
Y260515156537,36827,993,979,10,22
Y260515193348,36900,1077,1059,13,28
Y260515369343,36906,1110,1100,12,25
Y260515428400,36914,1133,1133,14,30
Y260515455179,36848,244,79,1,4
Y260515462874,36977,1545,1483,16,34
Y260515554754,36972,517,517,15,32
Y260515609775,36856,1091,1089,9,20
Y260515671184,36876,161,155,34,70
Y260515700483,36966,1289,1267,12,26
Y260515716158,36911,319,319,4,9
Y260515733162,36975,626,624,12,26
Y260515775842,36804,418,412,8,18
Y260515815003,36899,1068,1068,13,28
Y260515832475,36817,524,522,7,16
Y260515855469,36839,105,105,2,5
Y260515862991,36826,425,425,10,22
Y260515889461,36964,528,526,13,27
Y260515890411,36897,884,882,14,30
Y260515934413,36925,482,480,13,27
Y260516048352,37128,1024,1004,15,32
Y260516071994,37052,923,911,13,28
Y260516103053,37033,1737,1729,23,48
Y260516339451,37036,731,729,15,32
Y260516381713,37081,1399,1399,9,20
Y260516480480,37137,568,501,3,8
Y260516550237,37067,601,595,19,40
Y260516560447,37031,623,621,14,30
Y260516617563,37025,691,687,16,34
Y260516643670,37038,273,273,6,12
Y260516645138,37076,1243,1223,17,36
Y260516705735,37064,1468,1446,21,44
Y260516717272,37124,1518,1466,8,17
Y260516724206,37053,920,920,25,50
Y260516817883,37100,1713,1671,28,58
Y260516961781,37110,1819,1815,12,25
Y260516985984,37014,628,616,9,20
Y260517006298,37177,510,510,12,26
Y260517124488,37199,256,249,0,2
Y260517173540,37161,180,170,31,64
Y260517226791,37250,1376,1366,12,26
Y260517273876,37262,2411,2293,13,28
Y260517310413,37255,1393,1379,21,44
Y260517315927,37213,1978,1956,14,30
Y260517376653,37221,852,848,9,20
Y260517424819,37259,3981,3969,19,39
Y260517492928,37244,1986,1984,19,40
Y260517712958,37178,570,570,11,24
Y260517737244,37231,1900,1856,106,214
Y260517849667,37245,1977,1937,17,36
Y260517877565,37223,1759,1711,14,30
Y260517909873,37274,1385,1351,16,33
Y260517943046,37220,1288,1278,9,20
Y260518141927,37367,439,437,8,18
Y260518217914,37353,136,136,3,7
Y260518293255,37320,623,623,16,34
Y260518459091,37377,1390,1372,18,38
Y260518596872,37396,847,829,18,38
Y260518638205,37310,1869,1843,10,22
Y260518686985,37385,1113,1071,10,21
Y260518695224,37390,1657,1629,11,24
Y260518826827,37357,363,363,9,19
Y260518868273,37332,1054,1052,8,17
Y260518964507,37355,123,123,4,8
Y260518971458,37417,1070,1018,8,17
Y260518988609,37416,1756,1724,17,35
Y260519004676,37512,417,411,10,22
Y260519059961,37533,748,744,0,2
Y260519074737,37441,495,495,7,16
Y260519312302,37487,2470,2389,12,25
Y260519377998,37427,1103,1061,5,12
Y260519395725,37507,457,457,9,20
Y260519571509,37486,803,762,15,32
Y260519576191,37489,827,821,6,14
Y260519616335,37530,844,844,13,28
Y260519723547,37490,1786,1786,10,22
Y260519770740,37461,638,608,2,5
Y260519931020,37525,1503,1472,35,71
Y260520067866,37585,610,610,5,12
Y260520069112,37618,306,304,5,11
Y260520161951,37575,526,526,14,29
Y260520451736,37599,1452,1430,10,21
Y260520539949,37610,1724,1700,20,42
Y260520574786,37559,440,440,6,14
Y260520589460,37600,836,824,9,20
Y260520690880,37573,1008,1006,17,34
Y260520810725,37634,569,567,13,28
Y260520892914,37635,624,622,59,119
Y260521034482,37667,1245,1205,20,42
Y260521237954,37677,1321,1296,19,40
Y260521293710,37722,641,627,36,74
Y260521313317,37661,1303,1299,18,37
Y260521398588,37653,568,568,14,29
Y260521623383,37711,432,424,11,24
Y260521800977,37701,514,506,9,20
Y260523142086,37931,858,858,17,34
Y260523440855,37840,524,520,6,14
Y260523457153,37853,1142,1112,11,24
Y260523526597,37843,1114,1082,14,29
Y260523812120,37872,293,179,1,4
Y260523826254,37862,614,614,14,30
Y260523891285,37892,1146,1134,9,20
Y260523948201,37944,1026,994,8,18
Y260524068602,38061,529,511,13,28
Y260524115951,38087,1514,1514,13,27
Y260524247566,38130,522,518,4,10
Y260524335824,38126,1395,1369,5,12
Y260524387654,38033,347,343,4,10
Y260524388032,38041,637,631,4,10
Y260524489875,38044,232,172,3,8
Y260524584982,38106,467,467,7,16
Y260524614265,38028,368,368,4,10
Y260524634867,38064,360,356,7,16
Y260524653334,38073,1577,1577,8,18
Y260524883301,38077,465,465,10,22
Y260524917279,38063,349,347,2,6
Y260524988846,38029,950,908,5,12
Y260525014621,38287,527,521,7,16
Y260525112102,38280,1870,1870,32,65
Y260525173200,38257,1750,1750,12,26
Y260525269588,38275,481,477,6,14
Y260525282152,38263,1395,1389,11,24
Y260525510892,38190,432,432,8,18
Y260525827982,38203,470,458,18,37
Y260525957170,38281,1543,1513,7,16
Y260526065563,38357,586,580,5,12
Y260526116035,38478,1535,1535,3,8
Y260526175504,38352,417,417,6,13
Y260526204493,38465,1195,1195,4,10
Y260526233775,38427,213,213,3,7
Y260526313490,38495,659,659,8,18
Y260526319194,38365,982,976,8,18
Y260526514575,38371,365,365,0,2
Y260526544332,38492,349,347,5,12
Y260526558924,38497,1143,1133,7,16
Y260526753962,38344,1481,1479,3,7
Y260526848398,38460,873,871,8,18
Y260526856804,38370,479,477,7,16
Y260527113411,38595,897,887,8,18
Y260527137808,38642,659,659,9,20
Y260527142236,38564,375,371,6,14
Y260527175543,38663,643,637,9,20
Y260527211408,38559,596,592,8,18
Y260527245307,38650,715,715,6,13
Y260527290118,38662,1468,1420,10,22
Y260527302366,38629,1259,1259,12,26
Y260527305322,38588,1354,1354,11,24
Y260527500525,38560,476,470,5,12
Y260527672193,38651,430,430,8,18
Y260527684516,38593,1526,1510,11,24
Y260527975502,38565,1038,1005,6,14
Y260528135612,38727,665,663,6,14
Y260528167398,38756,596,596,11,24
Y260528334411,38720,637,635,9,19
Y260528379216,38695,421,421,6,14
Y260528419384,38722,1211,1189,20,42
Y260528502549,38702,1830,1761,23,47
Y260528516317,38712,350,348,5,12
Y260528522401,38739,485,483,8,16
Y260528649612,38744,1638,1636,14,29
Y260528746709,38746,1186,1174,19,40
Y260528797752,38750,1024,1022,11,24
Y260528846285,38715,372,372,5,12
Y260528880595,38747,837,833,13,28
Y260528883154,38760,321,197,4,10
Y260528962839,38718,580,576,3,7
Y260528982116,38749,921,913,13,28
Y260603573343,39388,189,187,1,4
Y260603924330,39387,162,156,2,5
Y260604042595,39680,1361,1316,7,16
Y260604170543,39641,1281,1279,11,24
Y260604220590,39553,120,120,3,7
Y260604490928,39681,1033,1023,16,34
Y260604496369,39662,745,743,10,22
Y260604525447,39675,1053,1049,13,27
Y260604789255,39629,320,312,7,14
Y260604797370,39677,1011,975,7,16
Y260604949678,39630,112,100,26,53
Y260605014968,39854,1442,1438,4,10
Y260605093692,39819,1891,1889,19,40
Y260605240451,39873,965,954,16,34
Y260605246654,39752,1713,1711,8,18
Y260605261163,39816,702,700,11,24
Y260605265858,39729,701,674,7,15
Y260605317687,39888,1876,1874,17,35
Y260605323632,39823,578,564,94,189
Y260605359600,39794,548,548,11,24
Y260605427379,39820,2501,2499,13,28
Y260605527812,39869,1307,1289,73,147
Y260605532646,39815,1131,1117,13,28
Y260605608808,39773,354,354,10,21
Y260605626074,39801,1683,1653,12,26
Y260605637183,39803,1743,1704,28,58
Y260605657459,39822,1203,1172,16,34
Y260605755353,39886,1913,1911,15,32
Y260605758294,39855,3445,3445,6,14
Y260605779601,39724,929,929,0,2
Y260605788296,39743,462,462,10,22
Y260605847038,39861,1155,1155,13,28
Y260605851316,39893,644,644,20,42
Y260605897340,39867,1175,1173,19,39
Y260605898637,39804,416,406,9,20
Y260605904671,39880,2036,1970,64,130
Y260605908648,39789,1122,1086,9,20
Y260605941925,39829,565,565,13,27
Y260606005011,40008,1193,1189,14,28
Y260606083111,40048,601,599,10,22
Y260606093746,39934,261,261,11,23
Y260606282308,40013,170,24,0,2
Y260606288475,40000,456,456,6,14
Y260606296356,40006,249,249,2,5
Y260606333627,40025,1206,1150,5,10
Y260606336804,39981,1120,1098,16,33
Y260606466042,40031,442,442,8,18
Y260606522126,40040,995,993,11,22
Y260606560657,40077,620,620,9,20
Y260606560788,40014,112,102,20,42
Y260606571315,40010,1014,1000,16,34
Y260606671780,40114,208,199,0,2
Y260606675550,40062,2264,2260,8,18
Y260606708361,40030,1611,1611,6,12
Y260606769844,40001,386,380,9,19
Y260606889209,39939,1056,1016,11,24
Y260606913467,40103,442,442,8,18
Y260606977382,39986,441,441,9,20
Y260606991072,39962,972,956,18,38
Y260606997659,39983,1534,1506,12,26
Y260607029200,40164,461,461,8,18
Y260607096480,40129,924,900,7,15
Y260607097414,40299,175,173,6,13
Y260607241931,40181,352,348,5,11
Y260607262097,40252,1649,1647,12,26
Y260607262239,40124,954,952,2,6
Y260607276431,40236,961,949,13,28
Y260607346097,40216,423,417,8,18
Y260607455827,40123,352,350,6,14
Y260607480111,40284,1132,1110,7,16
Y260607504310,40258,877,875,14,29
Y260607531541,40278,1036,1032,2,6
Y260607538735,40200,511,511,7,16
Y260607553641,40244,217,217,3,6
Y260607594655,40290,1550,1544,8,17
Y260607637424,40157,591,585,2,5
Y260607669080,40139,1649,1649,8,18
Y260607740184,40293,1409,1369,12,26
Y260607745618,40163,373,373,9,20
Y260607769232,40135,607,603,10,22
Y260607790480,40233,405,395,9,20
Y260607893384,40218,451,451,7,16
Y260607916925,40303,1636,1636,6,13
Y260607994798,40220,450,448,9,20
Y260608075785,40413,311,305,6,14
Y260608099128,40481,809,791,15,31
Y260608125300,40323,507,503,8,18
Y260608142091,40493,502,502,11,24
Y260608164063,40410,1649,1649,5,12
Y260608266229,40324,926,872,7,16
Y260608291454,40376,436,436,7,16
Y260608377658,40378,323,315,3,8
Y260608403313,40456,935,907,6,14
Y260608488105,40497,845,843,1,2
Y260608529346,40448,1042,1036,13,28
Y260608565668,40496,1338,1304,11,24
Y260608616049,40468,1668,1666,7,16
Y260608623659,40406,1352,1309,8,18
Y260608657853,40381,126,120,4,10
Y260608678266,40347,509,509,8,17
Y260608682312,40334,401,399,6,14
Y260608706262,40449,453,451,10,22
Y260608709266,40428,748,744,11,24
Y260608733530,40445,603,601,12,26
Y260608761401,40465,143,141,1,4
Y260608843899,40441,546,546,9,20
Y260608884883,40490,928,924,3,8
Y260608918180,40480,625,625,10,22
Y260608945517,40327,589,587,6,14
Y260609018078,40548,1028,1004,5,12
Y260609052408,40651,1662,1662,8,17
Y260609476885,40575,898,896,3,8
Y260609623875,40546,377,373,8,18
Y260609703630,40629,159,149,23,47
Y260609717052,40551,577,577,11,24
Y260609748371,40522,1102,1064,7,15
Y260609813780,40600,434,434,7,16
Y260609855651,40552,643,635,13,28
Y260609908222,40514,554,554,7,16
Y260609912251,40550,376,374,8,18
Y260609966786,40512,1592,1592,4,10
Y260717663283,45564,101,101,4,10
Y260720151871,45683,1104,1098,12,26
Y260721823486,45860,124,124,4,9
Y260722070784,45898,1729,1729,8,18
Y260722120070,45977,505,503,6,13
Y260722184816,45985,1127,1119,10,22
Y260722216807,45964,1582,1580,17,34
Y260722223365,45942,1814,1812,9,20
Y260722366933,46002,2034,2009,10,22
Y260722381832,45941,1334,1328,11,23
Y260722451508,45932,972,966,11,23
Y260722511429,45970,949,947,11,24
Y260722543147,45972,2237,2235,6,14
Y260722559441,45979,1175,1163,12,25
Y260722676598,45954,1566,1530,6,14
Y260722695350,45934,1361,1357,14,30
Y260722762289,45938,1221,1201,15,32
Y260722812466,45933,1296,1286,13,28
Y260722953167,45903,3124,3120,21,43
Y260722981513,45928,858,854,6,13
Y260723090200,46074,1202,1196,11,23
Y260723161468,46071,1421,1419,15,31
Y260723254745,46069,1198,1180,17,35
Y260723428013,46061,1299,1291,11,23
Y260723524166,46056,1254,1236,14,28
Y260723530511,46059,2586,2578,8,16
Y260723588346,46066,1211,1207,17,35
Y260723747795,46063,887,869,8,17
Y260723787976,46125,1147,1141,7,15
Y260723825953,46070,1515,1503,15,32
Y260723831516,46067,1500,1496,17,35
Y260723844522,46064,1686,1617,16,33
Y260723926411,46124,1622,1622,13,27
Y260723926856,46126,1462,1460,6,13
Y260723987911,46039,1739,1739,15,31
Y260801139336,46453,729,715,7,15
Y260801146525,46457,711,711,6,13
Y260801176898,46448,671,671,4,9
Y260801264318,46465,1563,1513,12,25
Y260801304536,46450,724,716,1,2
Y260801308499,46454,657,655,6,13
Y260801502766,46462,2616,2616,12,26
Y260801598755,46446,2284,2280,20,41
Y260801782801,46480,2775,2771,19,38
Y260801786154,46451,1559,1461,9,20
Y260801881237,46455,1045,1015,5,12
Y260802791836,46533,1782,1778,8,18
Y260802864497,46530,3090,3048,9,19
Y260806044816,46817,145,145,2,6
Y260812089719,47320,1014,1006,7,16
Y260812161840,47318,873,873,9,19
Y260812218905,47329,418,418,5,12
Y260812275754,47322,1024,963,7,16
Y260812337371,47317,2366,2348,10,21
Y260812465919,47327,2202,2196,11,23
Y260812478542,47310,2353,2335,10,22
Y260812528065,47359,1507,1505,22,45
Y260812664667,47333,2968,2968,7,16
Y260812682420,47330,1812,1810,5,12
Y260812689853,47321,1588,1546,10,21
Y260812744221,47365,1678,1678,8,18
Y260812761280,47311,5190,5180,13,27
Y260812921170,47313,5366,5348,11,24
Y260812977692,47366,947,947,14,30
Y260813156727,47517,729,723,5,11
Y260813340370,47508,2214,2200,10,22
Y260813374255,47516,4147,4135,13,28
Y260813383777,47450,1620,1590,13,27
Y260813487883,47493,1442,1440,6,14
Y260813497482,47503,268,230,5,11
Y260813569466,47502,3856,3848,10,21
Y260813593361,47494,4335,4313,8,18
Y260813793752,47529,938,932,9,20
Y260813981159,47513,1743,1741,5,10
Y260815070330,47765,834,820,5,12
Y260815135478,47781,1181,1177,2,6
Y260815312401,47785,939,937,4,10
Y260815395841,47771,1007,1007,4,9
Y260815439610,47777,2426,2426,16,33
Y260815456927,47790,1137,1135,3,7
Y260815470328,47792,1005,1005,4,9
Y260815483838,47768,819,819,13,28
Y260815544750,47786,1083,1081,7,15
Y260815585546,47789,1156,1144,5,11
Y260815609369,47774,2234,2232,8,17
Y260815662934,47791,965,961,4,9
Y260815664137,47767,1421,1419,12,25
Y260815741600,47779,1720,1674,10,21
Y260815754370,47793,958,958,3,7
Y260815781299,47794,1181,1181,5,11
Y260815929079,47770,1020,1020,3,7
Y260815961848,47788,897,869,6,14
Y260815973865,47787,874,874,13,28
Y260815984581,47763,1051,1043,5,12
Y260815991417,47796,1088,1078,5,12
Y260816009197,47870,1996,1992,11,23
Y260816017512,47831,3752,3702,11,24
Y260816020940,47860,1185,1181,8,17
Y260816063045,47933,1242,1242,11,23
Y260816065984,47828,900,845,5,12
Y260816073145,47907,1533,1533,7,15
Y260816076031,47804,900,882,3,7
Y260816087346,47850,1177,1167,3,8
Y260816109043,47868,2271,2269,15,30
Y260816110928,47927,2818,2814,26,54
Y260816140201,47910,3585,3585,15,31
Y260816147055,47885,1423,1419,11,23
Y260816161323,47802,1167,1137,9,18
Y260816161901,47858,4632,4626,25,52
Y260816163384,47930,861,851,6,13
Y260816209360,47941,1250,1246,7,15
Y260816213691,47921,7129,7113,29,59
Y260816252252,47939,801,777,3,8
Y260816253018,47814,1662,1656,13,27
Y260816253267,47936,1019,1019,5,12
Y260816281363,47937,1936,1906,14,30
Y260816294899,47932,862,842,5,12
Y260816296471,47839,563,563,7,16
Y260816299648,47820,1296,1294,7,16
Y260816319540,47822,137,137,1,2
Y260816337640,47813,489,489,3,7
Y260816396780,47854,928,920,4,9
Y260816402775,47817,866,864,3,8
Y260816409441,47801,1102,1074,8,18
Y260816464559,47835,434,434,6,14
Y260816464717,47833,1205,1203,6,12
Y260816477530,47913,1069,1065,6,12
Y260816503875,47911,1293,1293,18,38
Y260816518593,47915,3703,3703,21,42
Y260816519470,47857,161,157,1,3
Y260816534877,47811,996,969,7,14
Y260816535799,47852,867,863,3,8
Y260816568261,47906,3591,3587,16,33
Y260816570770,47805,1508,1508,6,13
Y260816580756,47806,1099,1083,6,13
Y260816582456,47837,814,814,16,32
Y260816616234,47834,495,495,5,10
Y260816616267,47836,432,432,2,5
Y260816617133,47942,1501,1493,8,17
Y260816634765,47867,1782,1780,6,13
Y260816638440,47940,1273,1263,12,24
Y260816648234,47843,766,766,3,8
Y260816664329,47926,1103,1103,6,13
Y260816685089,47816,1153,1153,8,17
Y260816687020,47815,1147,1147,5,11
Y260816697952,47862,3631,3631,23,47
Y260816711191,47916,3530,3530,14,30
Y260816712865,47800,1212,1210,6,13
Y260816716814,47924,957,949,8,17
Y260816732655,47851,955,955,3,8
Y260816769543,47853,1081,1034,8,17
Y260816793874,47846,1140,1138,3,8
Y260816796784,47809,1191,1181,5,11
Y260816806443,47931,1116,1096,9,19
Y260816809666,47826,238,238,1,4
Y260816811358,47848,970,970,4,9
Y260816813454,47922,4240,4201,16,32
Y260816816879,47819,950,934,5,11
Y260816820934,47945,728,728,10,22
Y260816836026,47863,15720,15700,75,150
Y260816842564,47845,1347,1339,7,16
Y260816844775,47935,821,780,3,8
Y260816872342,47803,1175,1169,6,12
Y260816876289,47892,900,898,12,26
Y260816887288,47844,1146,1142,2,6
Y260816889187,47808,770,754,3,8
Y260816925002,47821,993,970,7,15
Y260816950001,47944,1351,1345,5,11
Y260816957311,47847,355,351,8,17
Y260816970490,47861,2553,2547,8,18
Y260816978825,47849,908,908,3,7
Y260816983690,47929,990,984,13,26
Y260816986815,47917,2651,2648,10,21
Y260816989770,47938,620,618,8,17
Y260816994701,47914,2765,2754,11,22
Y260818021067,47988,3602,3602,15,31
Y260818034695,47977,2121,2119,11,22
Y260818054275,47962,2967,2955,20,40
Y260818100529,47993,1152,1144,13,26
Y260818119182,47971,2498,2496,14,29
Y260818123951,47960,4384,4358,18,37
Y260818184599,47953,4709,4707,14,29
Y260818186023,47948,2034,2016,22,46
Y260818196534,47972,2056,2050,13,27
Y260818308072,47956,3269,3269,11,22
Y260818392671,47968,3281,3281,16,32
Y260818427765,47958,4138,4126,28,57
Y260818435294,47959,5441,5419,19,39
Y260818450159,47975,4626,4626,16,34
Y260818477505,47957,2174,2170,12,25
Y260818483106,47986,5306,5300,17,34
Y260818521707,47984,2572,2570,12,25
Y260818597013,47954,2004,2000,18,37
Y260818608052,47964,4830,4822,15,31
Y260818635233,47951,1850,1850,16,34
Y260818636489,47970,2632,2632,15,31
Y260818643574,48000,3297,3287,9,18
Y260818652725,47963,4077,4075,8,17
Y260818661203,47955,4088,4086,19,39
Y260818742277,47994,927,923,13,28
Y260818868536,47969,4637,4637,19,38
Y260818870491,47992,1149,1133,13,26
Y260818891275,47985,1389,1381,16,33
Y260818901620,47987,3343,3343,15,31
Y260818902290,47996,1451,1445,19,38
Y260818932593,47976,1982,1982,12,24
Y260818953386,47949,4200,4196,29,59
