waybill_no,static_stops,dbscan_stops,static_long_30min,dbscan_long_30min,overlap_both,static_only,dbscan_only,static_fence_overlap,dbscan_fence_overlap
Y250411113343,5,3,0,1,3,2,0,0,0
Y250411426496,5,4,0,1,2,3,2,0,0
Y250412126408,7,7,1,3,6,1,1,0,0
Y250412602641,17,10,3,4,10,7,0,0,0
Y250412608452,7,6,1,1,3,4,3,0,0
Y250412908027,10,5,2,2,3,7,2,0,0
Y250413153063,23,22,5,6,19,4,3,0,0
Y250413187975,1,5,1,4,1,0,4,0,0
Y250413219048,10,7,1,0,7,3,0,0,0
Y250413316342,7,7,2,2,7,0,0,1,1
Y250413663022,11,4,0,1,4,7,0,0,0
Y250413721471,11,11,1,0,10,1,1,0,0
Y250413736798,1,6,1,5,1,0,5,1,6
Y250413786697,4,6,1,2,3,1,3,0,0
Y250413807994,14,7,1,3,7,7,0,0,0
Y250413850229,1,5,1,3,1,0,4,0,0
Y250413900287,10,3,1,1,3,7,0,0,0
Y250413903913,19,13,2,4,8,11,5,0,1
Y250413994011,11,9,1,1,8,3,1,0,0
Y250413995766,20,13,3,4,12,8,1,1,1
Y250414138308,8,7,1,1,7,1,0,1,1
Y250414215102,9,7,1,2,3,6,4,0,0
Y250414279211,4,5,0,1,3,1,2,0,0
Y250414290501,12,6,1,2,6,6,0,0,0
Y250414291529,13,10,1,1,7,6,3,0,0
Y250414508143,1,4,1,2,1,0,3,0,0
Y250414569736,4,4,2,2,4,0,0,0,0
Y250414812841,9,5,1,1,5,4,0,0,0
Y250414875847,7,3,1,1,3,4,0,0,0
Y250415018819,8,6,0,0,6,2,0,0,0
Y250415022894,10,16,1,1,8,2,8,0,0
Y250415525574,12,8,3,2,7,5,1,0,0
Y250415610199,9,6,0,2,4,5,2,0,1
Y250415706727,1,3,1,3,1,0,2,0,0
Y250415779990,12,10,1,0,8,4,2,0,0
Y250415873505,18,15,3,3,12,6,3,1,1
Y250416074135,9,6,5,3,5,4,1,1,1
Y250416217660,6,6,2,0,4,2,2,0,0
Y250416295428,1,7,1,2,1,0,6,0,0
Y250416367956,17,8,2,2,8,9,0,2,1
Y250416413529,5,7,2,1,2,3,5,1,1
Y250416582481,9,10,2,3,8,1,2,0,1
Y250416653087,24,23,3,5,20,4,3,2,2
Y250416678146,1,2,1,2,1,0,1,0,0
Y250416900846,8,7,5,5,7,1,0,1,1
Y250417050598,12,8,1,2,8,4,0,0,0
Y250417114442,14,7,0,2,6,8,1,0,1
Y250417212315,10,8,0,1,7,3,1,0,0
Y250417219177,9,7,1,1,4,5,3,0,0
Y250417287983,9,4,2,1,3,6,1,0,0
Y250417301886,15,12,1,2,10,5,2,0,0
Y250417382508,1,2,1,2,1,0,1,0,0
Y250417393803,7,7,3,3,7,0,0,0,0
Y250417445423,3,0,2,0,0,3,0,0,0
Y250417459242,16,9,5,2,9,7,0,0,0
Y250417613494,14,9,0,1,9,5,0,0,0
Y250417622072,12,6,0,2,6,6,0,0,0
Y250417885815,31,17,5,6,16,15,1,0,0
Y250417891472,9,15,3,0,9,0,6,0,1
Y250417938175,9,6,0,1,5,4,1,0,0
Y250418048488,5,5,1,1,5,0,0,1,1
Y250418237189,7,4,1,1,3,4,1,0,0
Y250418276643,1,5,1,4,1,0,4,0,0
Y250418295422,15,11,3,3,9,6,2,0,0
Y250418406904,10,5,1,2,5,5,0,0,0
Y250418420553,11,12,5,4,11,0,1,0,0
Y250418532998,17,9,2,2,9,8,0,1,1
Y250418654687,14,16,1,0,14,0,2,0,0
Y250418997019,8,4,0,1,3,5,1,0,1
Y250419166045,19,18,3,5,12,7,6,0,0
Y250419236958,10,4,1,2,4,6,0,0,0
Y250419272654,6,3,0,1,2,4,1,0,0
Y250419409627,1,6,1,5,1,0,5,0,0
Y250419728840,12,10,3,4,10,2,0,1,1
Y250419818417,13,8,3,4,7,6,1,1,0
Y250419864467,8,8,1,0,8,0,0,0,0
Y250419908473,10,7,1,2,4,6,3,0,0
Y250420011252,16,11,3,0,10,6,1,0,0
Y250420080462,12,6,0,1,6,6,0,0,0
Y250420177069,14,11,3,4,9,5,2,1,2
Y250420279710,11,10,0,1,10,1,0,0,0
Y250420448863,18,6,1,2,6,12,0,0,0
Y250420467336,6,7,1,1,6,0,1,0,0
Y250420588992,20,18,4,5,16,4,2,0,1
Y250420808279,14,8,0,2,6,8,2,0,1
Y250420883301,1,3,1,1,1,0,2,0,0
Y250421131288,1,4,1,2,1,0,3,0,0
Y250421396847,12,7,0,2,6,6,1,1,1
Y250421588795,2,2,1,1,2,0,0,0,0
Y250421695666,7,8,2,2,7,0,1,0,0
Y250421709507,7,5,0,1,4,3,1,0,0
Y250421769605,6,7,2,0,5,1,2,0,0
Y250421962522,10,9,0,1,8,2,1,1,1
Y250422017761,12,11,3,1,9,3,2,0,0
Y250422021353,2,2,2,1,1,1,1,0,0
Y250422101324,7,8,2,2,6,1,2,0,1
Y250422174039,2,2,0,0,2,0,0,0,0
Y250422274760,10,5,0,1,5,5,0,0,0
Y250422360733,2,3,0,0,2,0,1,0,1
Y250422373136,16,10,2,2,9,7,1,0,0
Y250422434436,1,1,0,0,1,0,0,0,0
Y250422504463,2,2,1,1,2,0,0,0,0
Y250422521738,13,12,0,1,11,2,1,0,0
Y250422563975,11,7,1,2,7,4,0,1,1
Y250422572052,8,5,1,2,4,4,1,0,0
Y250422665979,9,7,1,1,6,3,1,0,0
Y250422733076,12,7,1,2,7,5,0,0,0
Y250422908972,1,2,0,0,1,0,1,0,0
Y250423068106,16,6,4,2,5,11,1,2,1
Y250423074598,3,11,3,7,3,0,8,1,6
Y250423190610,7,7,3,2,7,0,0,0,0
Y250423202893,8,8,1,2,7,1,1,0,0
Y250423330867,15,15,6,6,14,1,1,0,0
Y250423350659,11,7,4,2,7,4,0,3,2
Y250423439858,13,8,2,2,8,5,0,0,0
Y250423476367,15,11,1,1,10,5,1,0,0
Y250423503086,16,10,2,2,6,10,4,2,2
Y250423532360,12,10,2,2,10,2,0,1,1
Y250423580439,13,9,1,2,9,4,0,0,0
Y250423629924,12,9,2,3,8,4,1,0,1
Y250423658047,12,6,3,2,6,6,0,0,0
Y250423813530,5,7,4,4,5,0,2,0,1
Y250423862181,17,6,2,4,6,11,0,0,0
Y250423999357,12,7,2,2,6,6,1,1,1
Y250424067798,11,9,0,1,7,4,2,0,0
Y250424080850,11,9,1,2,8,3,1,0,1
Y250424149115,14,7,3,3,7,7,0,0,0
Y250424181994,10,6,1,3,5,5,1,0,0
Y250424263653,3,5,0,0,3,0,2,0,0
Y250424363165,10,5,2,1,4,6,1,0,0
Y250424576689,3,3,0,0,3,0,0,0,0
Y250424609241,1,2,1,2,1,0,1,0,0
Y250424733086,1,8,1,3,1,0,7,0,0
Y250424752815,13,8,2,3,7,6,1,0,0
Y250424882111,10,8,0,1,5,5,3,0,0
Y250424883586,2,3,0,0,2,0,1,1,2
Y250424902670,6,5,2,2,5,1,0,0,0
Y250424970088,6,4,1,2,3,3,1,0,0
Y250425034005,8,5,0,1,5,3,0,2,2
Y250425183638,10,5,1,1,5,5,0,1,1
Y250425199478,10,5,2,0,5,5,0,0,0
Y250425233660,9,9,0,0,7,2,2,0,1
Y250425358609,5,6,0,0,4,1,2,0,0
Y250425382242,9,7,2,2,6,3,1,0,0
Y250425424316,10,6,0,2,6,4,0,2,1
Y250425450147,2,3,1,0,2,0,1,0,0
Y250425595393,7,6,1,1,4,3,2,0,0
Y250425611563,6,8,2,1,4,2,4,0,1
Y250425693976,10,8,2,1,8,2,0,1,1
Y250425728184,6,7,2,2,6,0,1,1,1
Y250425814260,6,5,0,0,5,1,0,0,0
Y250425956565,13,8,4,4,8,5,0,1,1
Y250426058199,11,10,0,2,6,5,4,0,1
Y250426156822,10,5,0,2,4,6,1,0,0
Y250426270948,13,10,3,4,10,3,0,0,0
Y250426281202,6,5,2,2,5,1,0,0,0
Y250426378786,7,7,0,0,6,1,1,0,0
Y250426451532,5,5,2,2,5,0,0,0,0
Y250426473025,9,8,1,1,8,1,0,0,0
Y250426704131,7,4,1,0,4,3,0,0,0
Y250426842210,16,7,0,2,6,10,1,0,1
Y250426932361,9,7,1,1,5,4,2,0,0
Y250426996025,1,1,1,1,1,0,0,0,0
Y250427000901,9,8,1,1,8,1,0,1,1
Y250427107770,7,6,0,0,5,2,1,0,1
Y250427195543,4,4,1,2,3,1,1,0,0
Y250427324825,7,5,1,1,5,2,0,0,0
Y250427434722,9,7,0,0,6,3,1,2,2
Y250427487544,8,6,1,1,5,3,1,0,0
Y250427519179,6,5,0,1,4,2,1,0,0
Y250427529911,11,8,1,1,6,5,2,1,2
Y250427796294,13,8,1,1,7,6,1,0,1
Y250427972173,8,9,1,1,8,0,1,0,0
Y250428038638,7,5,2,3,5,2,0,0,0
Y250428151037,9,7,0,1,7,2,0,0,0
Y250428151621,10,8,2,3,8,2,0,0,0
Y250428195259,12,6,1,2,6,6,0,0,0
Y250428295217,14,12,4,5,12,2,0,1,1
Y250428301201,11,8,1,1,6,5,2,0,0
Y250428367515,8,4,0,1,4,4,0,2,2
Y250428525625,5,4,2,0,4,1,0,0,0
Y250428623881,14,11,0,2,10,4,1,1,1
Y250428866959,9,6,2,3,6,3,0,0,0
Y250428939007,8,7,0,1,4,4,3,0,1
Y250429193501,21,20,5,5,11,10,9,0,0
Y250429221664,15,13,4,6,12,3,1,1,1
Y250429274352,4,4,0,0,2,2,2,0,1
Y250429465321,1,2,1,1,1,0,1,1,2
Y250429644934,18,15,5,5,14,4,1,1,1
Y250429709690,19,23,3,3,15,4,8,0,0
Y250430059933,14,11,2,3,11,3,0,1,1
Y250430577930,15,7,3,4,6,9,1,1,1
Y250430667073,12,7,1,2,7,5,0,0,0
Y250430696954,8,5,1,1,4,4,1,0,0
Y250430817013,7,6,2,2,6,1,0,0,0
Y250501022516,14,8,1,2,8,6,0,2,2
Y250501032565,12,9,0,2,9,3,0,1,1
Y250501045548,12,9,0,1,6,6,3,1,2
Y250501269987,9,8,1,2,6,3,2,0,1
Y250501349379,12,12,1,1,11,1,1,1,1
Y250501447301,6,5,0,1,4,2,1,0,1
Y250501598107,1,4,1,2,1,0,3,1,4
Y250501896402,3,2,0,0,2,1,0,0,0
Y250502029248,12,13,3,0,9,3,4,0,0
Y250502122366,10,8,2,2,6,4,2,0,0
Y250502190875,16,9,3,4,8,8,1,0,0
Y250502472008,12,7,0,2,5,7,2,0,1
Y250502475709,21,21,4,1,16,5,5,1,1
Y250502529296,11,12,3,4,9,2,3,0,0
Y250502633421,3,3,0,0,3,0,0,1,1
Y250502697660,7,6,0,1,4,3,2,1,1
Y250502872476,8,11,3,3,8,0,3,1,1
Y250503103303,7,7,1,1,5,2,2,0,0
Y250503122119,10,9,5,4,7,3,2,0,1
Y250503399862,8,8,0,0,5,3,3,0,0
Y250503434006,9,8,2,1,8,1,0,1,1
Y250503475826,11,6,0,1,5,6,1,0,1
Y250503486983,10,4,0,1,4,6,0,0,0
Y250504044909,9,9,3,3,9,0,0,1,1
Y250504224766,11,7,1,2,5,6,2,0,1
Y250504618603,4,4,0,0,4,0,0,0,0
Y250504673968,1,4,1,0,1,0,3,0,0
Y250504686085,9,5,2,3,4,5,1,0,0
Y250504745099,4,4,0,0,3,1,1,0,0
Y250504837218,9,7,1,1,5,4,2,1,2
Y250504879216,11,12,2,4,10,1,2,1,1
Y250505049975,9,7,1,1,7,2,0,0,0
Y250505061341,10,9,2,2,9,1,0,0,0
Y250505270014,11,10,0,0,7,4,3,0,0
Y250505285872,1,6,1,4,1,0,5,0,0
Y250505368167,14,6,2,2,6,8,0,0,0
Y250505423075,8,7,0,0,5,3,2,0,1
Y250505480248,11,9,0,0,8,3,1,0,0
Y250505715045,6,5,0,0,5,1,0,0,0
Y250505765174,7,4,0,1,3,4,1,0,0
Y250505773317,18,11,1,3,10,8,1,0,0
Y250505904773,4,3,0,1,2,2,1,0,0
Y250506044813,4,2,1,1,2,2,0,0,0
Y250506204744,11,5,3,3,4,7,1,0,0
Y250506362461,11,9,1,2,6,5,3,1,3
Y250506376002,12,9,2,3,9,3,0,1,1
Y250506668520,16,13,4,3,12,4,1,0,0
Y250506691264,13,14,1,0,11,2,3,0,0
Y250506713083,15,11,1,2,9,6,2,1,2
Y250506767612,15,15,3,2,12,3,3,1,2
Y250506781809,1,2,1,2,1,0,1,0,0
Y250506844009,5,4,1,0,3,2,1,0,0
Y250506889973,5,4,0,0,4,1,0,0,0
Y250506895585,13,8,4,3,7,6,1,0,0
Y250506919290,16,11,0,1,10,6,1,2,3
Y250506972310,1,3,1,2,1,0,2,0,0
Y250507186924,4,3,0,1,2,2,1,0,0
Y250507248528,5,2,1,1,2,3,0,0,0
Y250507443007,5,5,2,0,5,0,0,0,0
Y250507503775,8,8,1,1,6,2,2,0,0
Y250507695207,30,20,3,4,20,10,0,2,2
Y250507727042,10,6,3,4,4,6,2,0,0
Y250507801343,8,7,1,1,4,4,3,1,1
Y250507813019,35,22,5,5,19,16,3,0,0
Y250507828260,7,6,0,0,5,2,1,0,0
Y250507919882,7,6,0,0,5,2,1,1,1
Y250508033808,40,68,25,52,38,2,30,2,2
Y250508121884,11,12,3,0,8,3,4,0,0
Y250508248553,8,2,0,1,2,6,0,0,0
Y250508265334,29,17,2,4,17,12,0,0,0
Y250508318161,0,0,0,0,0,0,0,0,0
Y250508321094,11,5,0,1,5,6,0,0,0
Y250508461002,16,16,3,1,11,5,5,0,1
Y250508484630,8,5,1,2,5,3,0,0,0
Y250508673796,1,10,1,7,1,0,9,0,0
Y250508686194,14,10,2,2,9,5,1,1,1
Y250508789519,1,4,1,3,1,0,3,0,0
Y250508841073,10,9,2,2,6,4,3,0,0
Y250508861294,17,15,1,2,15,2,0,2,2
Y250508921377,11,8,2,4,7,4,1,0,0
Y250508952621,1,1,1,1,1,0,0,0,0
Y250509054128,24,14,7,6,12,12,2,4,5
Y250509089365,12,8,3,3,8,4,0,1,1
Y250509170805,16,5,4,1,5,11,0,0,0
Y250509174796,1,5,1,4,1,0,4,0,0
Y250509186823,1,1,0,0,1,0,0,0,0
Y250509248180,17,19,2,0,13,4,6,0,0
Y250509283956,13,6,0,2,4,9,2,0,1
Y250509294951,20,25,9,5,14,6,11,0,1
Y250509359610,4,4,1,1,4,0,0,0,0
Y250509416728,7,8,2,1,4,3,4,0,0
Y250509567707,6,7,1,1,5,1,2,0,0
Y250509572026,1,1,1,1,1,0,0,1,1
Y250509692099,12,10,0,1,6,6,4,0,0
Y250509724623,11,5,1,1,5,6,0,0,0
Y250509900191,14,15,7,7,14,0,1,0,0
Y250509923686,1,7,1,1,1,0,6,1,7
Y250510038277,1,3,1,2,1,0,2,1,3
Y250510161372,12,14,3,0,9,3,5,1,1
Y250510186736,6,7,2,2,6,0,1,0,0
Y250510576574,12,10,3,5,8,4,2,0,0
Y250510595978,12,12,3,2,11,1,1,1,1
Y250510698927,2,6,2,3,2,0,4,0,0
Y250510734272,11,7,2,1,6,5,1,1,1
Y250510762464,12,8,5,3,8,4,0,1,1
Y250510881360,12,7,2,2,7,5,0,0,0
Y250512007668,1,5,1,5,1,0,4,1,5
Y250512045028,13,7,3,3,6,7,1,0,1
Y250512047862,9,9,1,1,6,3,3,0,0
Y250512067811,12,8,0,0,8,4,0,0,0
Y250512152093,4,4,2,3,3,1,1,0,0
Y250512174646,6,4,2,1,3,3,1,0,0
Y250512256131,12,6,2,2,6,6,0,2,2
Y250512273367,4,2,2,0,2,2,0,0,0
Y250512302933,4,3,0,1,2,2,1,0,0
Y250512327820,5,7,2,3,3,2,4,5,7
Y250512370137,15,10,1,2,9,6,1,1,1
Y250512371471,1,3,1,2,1,0,2,1,3
Y250512406755,6,10,1,1,5,1,5,0,1
Y250512418266,8,7,0,0,6,2,1,1,1
Y250512473013,13,10,0,0,8,5,2,1,0
Y250512474389,8,4,3,2,4,4,0,0,0
Y250512485436,2,2,2,2,2,0,0,2,2
Y250512496579,7,6,2,2,6,1,0,0,0
Y250512502466,1,4,1,3,1,0,3,0,0
Y250512503072,18,11,0,0,11,7,0,1,1
Y250512506575,31,16,1,5,15,16,1,0,0
Y250512510893,3,5,1,0,2,1,3,2,2
Y250512525033,9,8,4,5,8,1,0,0,0
Y250512565755,8,4,3,1,2,6,2,0,0
Y250512574117,13,10,1,1,9,4,1,0,0
Y250512592763,3,3,1,0,2,1,1,3,3
Y250512614112,17,8,1,3,6,11,2,0,1
Y250512626567,1,5,1,2,1,0,4,0,0
Y250512667539,6,3,3,1,3,3,0,0,0
Y250512673473,1,1,1,1,1,0,0,1,1
Y250512720367,7,9,2,2,5,2,4,1,1
Y250512737474,7,5,1,1,5,2,0,0,0
Y250512738836,1,4,1,1,1,0,3,1,4
Y250512757242,35,39,6,8,25,10,14,0,0
Y250512775597,6,7,0,0,6,0,1,1,2
Y250512785779,1,2,1,2,1,0,1,1,2
Y250512816315,1,4,1,3,1,0,3,1,4
Y250512917965,6,7,0,0,4,2,3,0,0
Y250512961679,4,4,2,2,4,0,0,0,0
Y250512976339,7,9,4,3,7,0,2,0,0
Y250512979201,11,8,0,1,8,3,0,3,3
Y250513235533,4,4,2,1,3,1,1,1,0
Y250513255679,6,6,2,2,4,2,2,0,0
Y250513278757,8,6,1,2,6,2,0,1,1
Y250513317685,6,5,0,1,5,1,0,0,0
Y250513347904,10,5,3,4,5,5,0,0,0
Y250513372852,5,5,2,2,5,0,0,1,1
Y250513378349,2,9,1,1,2,0,7,0,0
Y250513391480,8,11,2,0,7,1,4,0,0
Y250513393252,11,6,0,1,6,5,0,1,1
Y250513394315,13,9,1,2,9,4,0,0,0
Y250513440657,6,4,0,1,3,3,1,0,1
Y250513441323,12,11,1,3,10,2,1,0,0
Y250513549422,1,2,0,0,1,0,1,0,0
Y250513619056,16,9,4,4,7,9,2,0,0
Y250513624194,9,9,1,1,7,2,2,0,0
Y250513630065,6,5,3,2,4,2,1,0,0
Y250513642428,9,13,1,1,7,2,6,3,3
Y250513654912,3,3,0,1,2,1,1,0,0
Y250513662708,1,3,1,2,1,0,2,1,3
Y250513705557,9,7,0,0,6,3,1,0,0
Y250513728939,9,7,2,2,7,2,0,0,0
Y250513731841,11,8,1,2,6,5,2,0,0
Y250513738604,6,5,1,2,5,1,0,0,0
Y250513752628,6,2,3,1,2,4,0,0,0
Y250513764020,12,8,0,1,7,5,1,0,1
Y250513803517,2,2,1,1,2,0,0,0,0
Y250513805283,6,5,1,1,3,3,2,0,0
Y250513842117,7,5,0,0,4,3,1,0,0
Y250513877512,1,1,1,1,1,0,0,0,0
Y250513930955,8,5,0,1,4,4,1,0,0
Y250513948228,9,6,0,1,5,4,1,0,0
Y250513948353,10,7,0,1,7,3,0,0,0
Y250513976761,4,4,0,0,4,0,0,0,0
Y250513997337,7,5,1,1,5,2,0,0,0
Y250514155546,11,12,1,1,8,3,4,0,0
Y250514201050,13,13,0,2,10,3,3,0,0
Y250514361979,11,10,0,1,6,5,4,0,0
Y250514378100,13,10,1,2,10,3,0,1,1
Y250514436957,7,7,3,3,7,0,0,1,1
Y250514447967,6,5,0,0,5,1,0,0,0
Y250514457799,9,4,0,1,4,5,0,0,0
Y250514505208,8,8,3,3,8,0,0,0,0
Y250514542621,10,5,1,2,5,5,0,0,0
Y250514599897,7,5,0,0,4,3,1,0,0
Y250514706316,16,14,3,2,8,8,6,0,0
Y250514865372,7,12,2,0,7,0,5,1,2
Y250514870636,1,2,1,1,1,0,1,1,2
Y250514940215,1,1,1,1,1,0,0,1,1
Y250515104100,1,3,1,2,1,0,2,1,3
Y250515109317,9,5,0,1,4,5,1,0,0
Y250515219533,9,9,1,2,7,2,2,0,0
Y250515224199,10,10,1,5,7,3,3,0,0
Y250515289783,8,4,1,1,4,4,0,0,0
Y250515408649,3,4,0,0,3,0,1,0,1
Y250515464047,19,12,1,2,12,7,0,1,1
Y250515475184,10,9,0,0,8,2,1,0,0
Y250515534748,5,6,1,1,2,3,4,0,0
Y250515580189,1,2,1,1,1,0,1,1,2
Y250515637165,7,6,1,0,4,3,2,0,0
Y250515638128,4,4,2,2,4,0,0,0,0
Y250515649872,17,17,4,3,15,2,2,0,0
Y250515881256,12,11,3,5,8,4,3,0,0
Y250515916321,9,7,1,2,5,4,2,0,1
Y250516158350,11,9,2,3,6,5,3,0,1
Y250516184081,6,21,5,7,6,0,15,0,0
Y250516249215,7,6,2,2,6,1,0,0,0
Y250516264377,8,8,3,1,6,2,2,0,0
Y250516613076,6,5,2,3,5,1,0,2,2
Y250516679415,12,14,3,5,10,2,4,0,0
Y250516844677,7,7,2,2,7,0,0,0,0
Y250516982440,10,7,2,2,5,5,2,0,0
Y250517033545,1,7,1,4,1,0,6,1,7
Y250517104987,3,3,0,0,3,0,0,0,0
Y250517109656,10,10,5,5,10,0,0,0,0
Y250517196579,2,4,2,3,2,0,2,0,0
Y250517296284,7,4,0,1,3,4,1,0,0
Y250517320533,1,5,1,3,1,0,4,1,5
Y250517438238,18,15,0,1,15,3,0,1,1
Y250517657080,11,8,2,3,6,5,2,0,0
Y250517665110,10,9,0,0,6,4,3,0,0
Y250517708887,5,6,1,1,5,0,1,1,1
Y250517772178,11,13,1,0,8,3,5,0,0
Y250517918338,8,5,1,2,5,3,0,0,0
Y250517926867,14,8,1,2,8,6,0,0,0
Y250517997918,13,10,3,4,10,3,0,0,0
Y250522015851,11,13,2,0,10,1,3,0,0
Y250522029302,16,6,1,0,4,12,2,0,0
Y250522066980,3,3,0,0,3,0,0,0,0
Y250522077661,10,8,2,1,8,2,0,0,0
Y250522097821,16,3,1,2,3,13,0,0,0
Y250522173919,3,2,0,0,1,2,1,0,0
Y250522237312,0,0,0,0,0,0,0,0,0
Y250522242246,15,11,3,3,11,4,0,0,0
Y250522242387,12,8,3,1,8,4,0,1,1
Y250522271973,13,6,1,2,6,7,0,0,0
Y250522276818,17,10,2,4,9,8,1,0,1
Y250522279073,5,4,0,1,3,2,1,0,0
Y250522286434,12,9,1,2,9,3,0,1,1
Y250522320022,3,2,1,0,2,1,0,0,0
Y250522342746,11,7,3,0,5,6,2,0,0
Y250522350666,4,5,3,3,4,0,1,0,0
Y250522377943,11,9,1,3,8,3,1,0,0
Y250522403470,12,8,0,1,8,4,0,0,0
Y250522409104,24,15,8,11,11,13,4,0,0
Y250522485581,8,8,2,2,8,0,0,0,0
Y250522519917,10,6,1,2,6,4,0,0,0
Y250522524591,12,5,1,2,4,8,1,0,0
Y250522537806,13,7,1,3,7,6,0,0,0
Y250522542398,7,5,0,0,3,4,2,0,0
Y250522543080,5,5,0,0,4,1,1,0,0
Y250522545467,13,11,2,1,8,5,3,0,0
Y250522563266,3,5,0,0,3,0,2,0,0
Y250522564150,5,5,1,1,5,0,0,0,0
Y250522568918,6,5,1,1,5,1,0,1,1
Y250522585047,6,6,0,0,6,0,0,1,1
Y250522604708,14,8,0,1,8,6,0,0,0
Y250522626036,4,5,0,0,3,1,2,0,0
Y250522629618,12,13,2,2,12,0,1,0,0
Y250522632410,17,16,3,4,14,3,2,0,0
Y250522640856,4,5,0,0,4,0,1,0,0
Y250522672299,7,5,0,1,4,3,1,1,1
Y250522687636,16,12,1,1,12,4,0,0,0
Y250522688876,10,10,0,1,10,0,0,0,0
Y250522698254,12,12,0,0,11,1,1,0,0
Y250522720742,2,3,0,0,2,0,1,0,0
Y250522769424,13,8,2,4,8,5,0,0,0
Y250522798631,23,25,2,0,20,3,5,0,1
Y250522803144,13,7,2,3,7,6,0,0,0
Y250522831953,25,13,6,6,11,14,2,0,0
Y250522833449,4,4,0,0,4,0,0,0,0
Y250522868924,11,9,2,0,9,2,0,0,0
Y250522869426,9,7,0,2,7,2,0,0,0
Y250522898235,12,7,1,1,6,6,1,0,0
Y250522923015,5,5,0,0,4,1,1,0,0
Y250522923520,21,11,2,3,10,11,1,0,0
Y250522954555,14,14,3,5,10,4,4,1,1
Y250522970027,8,5,0,1,5,3,0,0,0
Y250522990219,15,9,2,3,9,6,0,0,0
Y250522996210,8,9,2,2,8,0,1,0,0
Y250523143045,8,6,0,0,6,2,0,0,0
Y250523880223,2,2,0,0,2,0,0,0,0
Y250524031482,2,3,0,0,2,0,1,0,0
Y250524066835,10,10,1,1,8,2,2,0,0
Y250524106413,6,6,1,0,3,3,3,1,1
Y250524115942,18,7,5,3,7,11,0,1,1
Y250524132507,10,4,1,2,3,7,1,0,0
Y250524148230,9,5,0,1,4,5,1,0,1
Y250524217449,5,4,0,0,3,2,1,0,0
Y250524231012,13,9,0,1,8,5,1,0,0
Y250524232776,6,5,1,1,4,2,1,0,0
Y250524278207,9,9,1,1,8,1,1,0,0
Y250524309035,4,5,0,0,4,0,1,0,0
Y250524367951,13,6,0,0,5,8,1,0,0
Y250524404331,11,8,0,2,7,4,1,0,0
Y250524412953,18,9,0,4,9,9,0,1,1
Y250524428316,12,6,1,2,6,6,0,0,0
Y250524428339,8,5,1,2,5,3,0,0,0
Y250524444769,8,12,3,2,7,1,5,1,1
Y250524445363,4,3,0,1,3,1,0,0,0
Y250524514008,13,4,0,0,3,10,1,0,0
Y250524537137,10,6,1,3,4,6,2,0,0
Y250524587453,1,2,0,0,1,0,1,0,0
Y250524599259,5,4,0,1,3,2,1,0,0
Y250524626145,7,6,2,2,5,2,1,0,0
Y250524634360,7,4,0,1,4,3,0,0,0
Y250524712829,10,5,0,1,5,5,0,1,1
Y250524722935,13,9,1,3,9,4,0,0,0
Y250524728659,7,4,0,0,3,4,1,0,0
Y250524751401,11,5,0,2,4,7,1,0,0
Y250524829036,7,7,1,2,5,2,2,0,0
Y250524873504,7,7,1,0,6,1,1,1,1
Y250524899976,0,0,0,0,0,0,0,0,0
Y250524916980,1,1,1,1,1,0,0,1,1
Y250524981576,14,8,0,1,8,6,0,0,0
Y250524985503,5,4,0,0,4,1,0,0,0
Y250525212289,4,5,0,0,2,2,3,0,0
Y250525247147,5,3,0,1,2,3,1,0,0
Y250525250056,7,5,1,2,5,2,0,0,0
Y250525300902,2,2,0,0,2,0,0,0,0
Y250525334065,3,4,0,0,3,0,1,0,0
Y250525347153,5,3,0,1,2,3,1,0,0
Y250525491632,4,3,1,1,3,1,0,0,0
Y250525521365,16,5,1,2,4,12,1,0,0
Y250525570105,3,7,1,1,2,1,5,0,0
Y250525726875,5,3,0,0,1,4,2,0,0
Y250525776913,9,6,1,2,5,4,1,0,1
Y250525871781,14,11,5,2,9,5,2,0,0
Y250525924301,1,1,1,1,1,0,0,1,1
Y250525930672,5,3,0,0,3,2,0,0,0
Y250525950216,7,4,0,0,3,4,1,0,0
Y250603533100,2,2,0,0,2,0,0,2,2
Y250607577718,2,2,0,0,2,0,0,2,2
Y250611003469,8,4,0,1,3,5,1,0,0
Y250611047928,2,2,0,0,2,0,0,0,0
Y250611055963,9,9,0,0,7,2,2,0,0
Y250611061729,6,6,1,1,5,1,1,1,1
Y250611067899,4,5,2,2,4,0,1,0,0
Y250611089217,5,4,1,1,3,2,1,0,0
Y250611118918,10,10,0,0,9,1,1,0,1
Y250611121774,1,2,1,1,1,0,1,0,0
Y250611155492,1,2,0,0,1,0,1,0,0
Y250611167417,12,6,1,3,5,7,1,0,0
Y250611241625,4,3,0,0,2,2,1,0,0
Y250611321426,9,7,0,2,6,3,1,0,0
Y250611366203,13,9,1,2,9,4,0,0,0
Y250611368265,6,7,0,0,5,1,2,0,0
Y250611377290,12,5,1,2,5,7,0,0,0
Y250611442511,7,5,0,1,4,3,1,0,0
Y250611516923,5,4,0,0,4,1,0,0,0
Y250611517884,13,9,1,1,8,5,1,0,0
Y250611539620,11,6,0,0,6,5,0,0,0
Y250611580439,3,3,0,0,3,0,0,0,0
Y250611583586,4,4,0,0,4,0,0,0,0
Y250611655653,11,9,0,1,7,4,2,0,2
Y250611678487,7,5,0,1,4,3,1,0,0
Y250611755878,6,6,0,0,6,0,0,5,5
Y250611775405,8,4,1,1,3,5,1,0,0
Y250611808805,1,3,0,0,1,0,2,0,1
Y250611889802,6,7,1,2,6,0,1,1,1
Y250611919516,5,5,0,0,3,2,2,0,0
Y250611926801,9,8,0,0,8,1,0,0,0
Y250611957082,10,8,2,2,8,2,0,0,0
Y250612030037,3,2,0,0,2,1,0,1,1
Y250617986323,5,5,0,0,4,1,1,0,0
Y250619230965,1,1,0,0,1,0,0,0,0
Y250619441844,3,3,1,1,3,0,0,1,1
Y250619715644,11,11,3,2,8,3,3,0,0
Y250620088851,41,37,15,1,26,15,11,0,0
Y250620096695,13,7,4,5,6,7,1,0,0
Y250620117176,2,2,0,0,2,0,0,0,0
Y250620188059,10,11,2,2,9,1,2,0,0
Y250620362918,14,7,4,4,7,7,0,0,0
Y250620475782,14,10,1,1,9,5,1,0,0
Y250620685456,8,8,1,1,6,2,2,0,0
Y250620798903,6,5,0,0,5,1,0,0,0
Y250703700385,3,2,0,0,2,1,0,3,2
Y250710017129,6,9,1,2,5,1,4,0,0
Y250710092611,11,9,3,4,8,3,1,0,0
Y250710097115,9,6,2,1,4,5,2,0,0
Y250710114115,1,9,1,3,1,0,8,1,9
Y250710141562,12,10,2,2,10,2,0,0,0
Y250710216493,4,5,1,1,3,1,2,0,0
Y250710384301,6,3,0,1,3,3,0,0,0
Y250710391821,3,3,0,0,2,1,1,0,0
Y250710464259,12,7,1,1,5,7,2,1,1
Y250710464510,7,7,0,0,6,1,1,0,0
Y250710603877,12,6,2,2,5,7,1,0,0
Y250710618681,1,5,1,4,1,0,4,1,5
Y250710658733,1,1,0,0,1,0,0,0,0
Y250710784328,1,11,1,4,1,0,10,1,11
Y250710799333,15,8,3,5,8,7,0,0,0
Y250710853679,18,9,4,3,8,10,1,0,0
Y250710889083,23,14,5,6,14,9,0,1,1
Y250710899028,16,10,3,6,8,8,2,0,0
Y250710920204,11,13,3,5,10,1,3,0,1
Y250710940338,15,12,4,5,11,4,1,0,0
Y250710988301,6,4,0,1,3,3,1,0,0
Y250712008865,2,2,0,0,2,0,0,0,0
Y250712051153,8,6,1,1,6,2,0,0,0
Y250712150224,1,2,1,2,1,0,1,0,0
Y250712171259,1,1,1,1,1,0,0,0,0
Y250712178743,14,8,2,2,7,7,1,0,0
Y250712179918,14,12,1,1,12,2,0,0,0
Y250712227997,6,2,2,1,2,4,0,0,0
Y250712234624,13,4,1,3,4,9,0,0,0
Y250712236836,12,6,2,3,6,6,0,0,0
Y250712311084,12,5,2,3,5,7,0,0,0
Y250712326238,11,7,2,2,6,5,1,0,0
Y250712419403,12,8,7,4,8,4,0,0,0
Y250712512428,2,4,0,0,1,1,3,0,1
Y250712516055,7,10,2,0,5,2,5,0,0
Y250712524119,7,6,1,1,6,1,0,0,0
Y250712540307,1,5,1,3,1,0,4,1,5
Y250712592545,5,5,0,0,5,0,0,0,0
Y250712666710,6,5,1,1,5,1,0,0,0
Y250712723372,13,7,2,2,7,6,0,2,1
Y250712773384,1,3,1,1,1,0,2,0,0
Y250712801891,8,6,2,2,4,4,2,0,0
Y250712814266,11,6,0,3,5,6,1,0,0
Y250712820159,4,4,0,0,4,0,0,0,0
Y250712851531,19,9,2,4,9,10,0,0,0
Y250712862909,8,4,0,1,4,4,0,0,0
Y250712950764,7,6,1,1,6,1,0,1,1
Y250713037734,4,5,0,0,3,1,2,0,0
Y250713093274,5,4,0,0,3,2,1,0,0
Y250713099979,1,1,1,1,1,0,0,0,0
Y250713109652,6,3,0,1,3,3,0,0,0
Y250713260969,6,6,0,0,6,0,0,0,0
Y250713262294,1,1,0,0,1,0,0,0,0
Y250713281453,3,3,1,1,3,0,0,0,0
Y250713312356,6,7,0,0,5,1,2,0,0
Y250713315715,6,4,1,1,4,2,0,0,0
Y250713393467,1,1,1,1,1,0,0,0,0
Y250713405535,1,2,1,1,1,0,1,1,2
Y250713493536,7,5,0,1,5,2,0,1,1
Y250713501668,7,6,1,2,6,1,0,0,0
Y250713507994,4,4,0,0,3,1,1,0,0
Y250713541201,6,6,1,0,5,1,1,0,0
Y250713565660,1,2,1,1,1,0,1,1,2
Y250713627642,8,5,0,1,5,3,0,1,1
Y250713737958,21,39,10,14,18,3,21,0,0
Y250713742870,5,5,1,2,3,2,2,0,0
Y250713753481,5,5,0,0,4,1,1,0,0
Y250713815657,7,6,0,1,5,2,1,0,0
Y250713818894,6,4,1,1,4,2,0,0,0
Y250713837148,4,2,1,1,2,2,0,0,0
Y250713929807,4,3,0,0,3,1,0,0,0
Y250713940125,1,1,1,1,1,0,0,0,0
Y250713944490,10,5,0,0,4,6,1,0,0
Y250713996225,5,4,0,0,4,1,0,0,0
Y250716218356,5,4,0,1,4,1,0,0,0
Y250716285071,4,3,0,1,2,2,1,0,0
Y250716414018,6,5,0,1,4,2,1,0,0
Y250716478956,6,4,0,1,3,3,1,0,0
Y250716534832,12,7,2,4,7,5,0,0,0
Y250716659044,9,7,2,2,6,3,1,0,0
Y250716878896,7,5,0,2,5,2,0,0,0
Y250716906147,4,5,0,1,2,2,3,0,1
Y250716951268,7,6,1,3,5,2,1,0,0
Y250717043154,2,5,2,2,2,0,3,0,0
Y250717065138,14,8,4,5,7,7,1,0,0
Y250717085785,18,20,6,5,16,2,4,0,0
Y250717093145,6,6,1,0,5,1,1,0,0
Y250717131551,8,10,2,2,7,1,3,0,0
Y250717139864,12,5,2,2,5,7,0,0,0
Y250717197399,16,5,4,2,5,11,0,0,0
Y250717226087,9,4,4,2,4,5,0,0,0
Y250717233563,4,3,0,1,2,2,1,0,0
Y250717292147,10,9,3,4,7,3,2,0,1
Y250717379964,18,10,5,4,8,10,2,0,0
Y250717415929,7,6,0,0,5,2,1,1,1
Y250717425637,15,15,4,7,10,5,5,0,0
Y250717449403,14,8,3,3,8,6,0,0,0
Y250717600411,8,11,1,1,8,0,3,0,0
Y250717634133,7,3,1,2,3,4,0,0,0
Y250717668584,7,8,3,1,6,1,2,0,0
Y250717835703,11,8,3,3,7,4,1,0,1
Y250717887523,11,9,4,5,8,3,1,0,0
Y250717897838,10,7,1,2,7,3,0,0,0
Y250717986168,6,12,2,2,5,1,7,0,0
Y250718012821,11,5,1,2,4,7,1,0,0
Y250718205780,12,6,3,2,6,6,0,0,0
Y250718234138,12,5,1,2,4,8,1,0,0
Y250718284180,13,5,1,3,5,8,0,0,0
Y250718286646,5,4,0,1,4,1,0,0,0
Y250718318633,4,3,0,1,3,1,0,0,0
Y250718332529,12,5,2,2,5,7,0,0,0
Y250718351980,13,9,2,3,9,4,0,0,0
Y250718388754,13,8,1,3,8,5,0,1,1
Y250718412943,8,4,1,2,4,4,0,0,0
Y250718569603,6,5,2,1,5,1,0,0,0
Y250718607870,1,1,0,0,1,0,0,0,0
Y250718608528,8,7,1,2,6,2,1,0,0
Y250718628540,7,8,2,0,5,2,3,0,0
Y250718640371,8,6,1,1,5,3,1,0,0
Y250718659766,14,7,1,2,5,9,2,0,0
Y250718675201,7,7,1,0,4,3,3,0,0
Y250718714250,1,1,1,1,1,0,0,0,0
Y250718735038,11,6,3,4,5,6,1,0,0
Y250718744934,12,3,1,2,3,9,0,0,0
Y250718776700,7,5,1,1,5,2,0,0,0
Y250718781079,20,6,1,3,6,14,0,0,0
Y250718819274,7,9,1,1,6,1,3,0,0
Y250718927700,6,9,1,1,5,1,4,0,0
Y250718931618,5,6,2,2,5,0,1,0,0
Y250718963397,9,6,1,1,6,3,0,0,0
Y250725024530,2,2,0,0,2,0,0,2,2
Y250726359443,1,1,1,1,1,0,0,1,1
Y250726397488,5,3,1,1,3,2,0,1,1
Y250726466081,2,3,0,0,2,0,1,2,3
Y250727394305,3,2,2,1,2,1,0,3,2
Y250729074241,3,3,2,1,2,1,1,3,3
Y250730146031,4,3,1,1,2,2,1,4,3
Y250730632533,3,1,1,1,1,2,0,3,1
Y250730790361,3,1,1,1,1,2,0,3,1
Y250730847463,4,2,1,1,2,2,0,4,2
Y250730865653,2,1,1,1,1,1,0,2,1
Y250730919728,3,1,2,1,1,2,0,3,1
Y250731480569,5,3,2,1,3,2,0,5,3
Y250731958433,5,2,2,2,2,3,0,5,2
Y250820046415,1,1,0,0,1,0,0,0,0
Y250902002275,14,5,2,3,5,9,0,0,0
Y250902005100,13,7,1,3,7,6,0,0,0
Y250902124629,8,7,1,1,7,1,0,0,0
Y250902136645,10,8,2,3,7,3,1,0,0
Y250902202891,2,2,1,1,2,0,0,0,0
Y250902258810,3,5,0,0,3,0,2,0,0
Y250902310191,7,5,0,2,5,2,0,1,1
Y250902355306,10,7,1,1,7,3,0,0,0
Y250902362636,11,7,2,2,6,5,1,1,1
Y250902370243,8,8,0,0,7,1,1,0,0
Y250902410515,15,7,2,3,7,8,0,0,0
Y250902443570,5,6,1,1,4,1,2,0,0
Y250902532639,7,6,2,3,5,2,1,0,0
Y250902572857,9,7,0,2,6,3,1,1,2
Y250902578472,11,10,1,1,9,2,1,0,0
Y250902580005,5,5,2,2,5,0,0,0,0
Y250902684012,5,6,4,4,5,0,1,1,1
Y250902710425,2,2,2,2,2,0,0,0,0
Y250902738760,13,12,2,0,9,4,3,0,0
Y250902754791,11,11,3,1,7,4,4,0,0
Y250902826781,12,3,1,2,3,9,0,0,0
Y250902833028,10,5,0,3,5,5,0,0,0
Y250902868687,3,5,0,0,3,0,2,0,0
Y250902950790,1,2,1,2,1,0,1,1,2
Y250902977040,6,4,0,1,4,2,0,0,0
Y250903114540,8,6,1,2,4,4,2,1,1
Y250903165946,11,11,1,0,9,2,2,0,0
Y250903243616,8,7,1,1,5,3,2,0,0
Y250903244785,9,7,0,1,5,4,2,0,0
Y250903324393,8,5,1,1,4,4,1,0,0
Y250903400513,2,2,1,0,2,0,0,0,0
Y250903470089,4,6,0,0,3,1,3,0,0
Y250903528377,4,4,0,1,4,0,0,0,0
Y250903625507,11,6,0,2,6,5,0,0,0
Y250903666912,2,3,0,0,2,0,1,0,0
Y250903704232,10,5,0,1,5,5,0,0,0
Y250903793988,3,3,0,0,3,0,0,0,0
Y250903872669,10,7,2,0,7,3,0,0,0
Y250903906299,10,5,0,2,5,5,0,0,0
Y250903950853,9,7,0,1,6,3,1,0,0
Y250903984288,1,1,1,1,1,0,0,1,1
Y250904021315,17,8,1,3,6,11,2,0,0
Y250904023924,17,10,2,0,9,8,1,0,0
Y250904037149,8,6,0,0,5,3,1,0,0
Y250904130689,23,22,7,10,13,10,9,0,0
Y250904218185,6,7,2,0,6,0,1,0,0
Y250904246089,4,4,3,3,4,0,0,0,0
Y250904281362,8,5,1,2,4,4,1,0,0
Y250904283345,7,6,0,1,5,2,1,0,0
Y250904308284,13,10,1,1,8,5,2,0,0
Y250904462334,2,1,1,0,1,1,0,0,0
Y250904477576,11,9,2,2,9,2,0,0,0
Y250904478787,8,6,0,0,5,3,1,0,0
Y250904499294,5,5,2,1,2,3,3,0,0
Y250904528722,6,6,0,0,3,3,3,0,0
Y250904559370,9,8,2,2,7,2,1,0,0
Y250904719234,2,2,1,1,2,0,0,0,0
Y250904747163,1,3,1,3,1,0,2,1,3
Y250904773244,9,5,0,3,4,5,1,0,0
Y250904774754,13,7,1,2,7,6,0,0,0
Y250904816095,9,7,0,0,6,3,1,0,0
Y250904819146,8,8,1,0,5,3,3,0,0
Y250904861859,9,8,0,2,6,3,2,0,0
Y250904905578,1,4,1,3,1,0,3,1,4
Y250904986067,12,5,1,0,5,7,0,0,0
Y250905033426,9,5,1,1,5,4,0,0,0
Y250905034329,17,11,2,2,9,8,2,0,1
Y250905185685,10,9,2,2,5,5,4,0,0
Y250905193467,1,7,1,2,1,0,6,1,7
Y250905257314,8,5,0,1,4,4,1,0,0
Y250905288634,8,11,2,2,6,2,5,0,0
Y250905366696,0,2,0,0,0,0,2,0,2
Y250905396266,8,6,0,0,5,3,1,0,0
Y250905408180,10,5,0,1,4,6,1,0,0
Y250905459769,8,9,1,2,8,0,1,0,0
Y250905468381,9,7,1,2,7,2,0,0,0
Y250905474595,13,7,2,0,5,8,2,0,0
Y250905484375,16,14,0,3,10,6,4,0,0
Y250905561047,12,7,2,0,6,6,1,1,1
Y250905603455,13,6,1,2,6,7,0,0,0
Y250905632314,2,5,1,1,1,1,4,0,0
Y250905657260,21,10,1,3,10,11,0,0,0
Y250905668173,2,3,0,0,2,0,1,0,0
Y250905727076,1,3,1,3,1,0,2,1,3
Y250905727725,6,6,0,1,4,2,2,0,0
Y250905796598,15,4,3,3,4,11,0,0,0
Y250905809336,5,5,0,0,4,1,1,0,0
Y250905879108,5,4,0,0,3,2,1,0,0
Y250905982070,9,6,1,2,6,3,0,0,0
Y250905989366,5,6,1,1,4,1,2,0,0
Y250906074786,7,6,0,0,6,1,0,0,0
Y250906096767,8,4,1,2,3,5,1,0,0
Y250906206164,7,6,0,0,6,1,0,0,0
Y250906210448,4,5,1,0,3,1,2,0,0
Y250906328596,4,4,1,1,2,2,2,0,0
Y250906353866,6,3,1,2,3,3,0,0,0
Y250906369298,9,6,0,0,5,4,1,0,0
Y250906382246,8,5,0,1,4,4,1,0,0
Y250906405169,2,2,0,0,2,0,0,0,0
Y250906423815,4,4,0,0,4,0,0,1,1
Y250906454620,5,4,0,0,3,2,1,0,0
Y250906455297,6,6,0,0,6,0,0,0,0
Y250906467891,9,8,2,0,6,3,2,0,0
Y250906489481,8,8,0,0,6,2,2,0,1
Y250906497746,1,2,1,1,1,0,1,1,2
Y250906504396,4,5,1,2,2,2,3,0,0
Y250906594696,2,2,1,1,2,0,0,1,1
Y250906611947,4,5,0,0,3,1,2,0,0
Y250906641655,4,5,1,0,3,1,2,0,0
Y250906695446,2,2,0,0,2,0,0,0,0
Y250906706475,8,7,1,1,6,2,1,0,0
Y250906741971,7,7,1,1,5,2,2,0,0
Y250906808621,1,3,1,2,1,0,2,1,3
Y250906830928,2,4,1,1,2,0,2,0,0
Y250906876162,4,5,0,1,3,1,2,0,0
Y250906910248,8,8,3,3,8,0,0,0,0
Y250907027328,5,5,1,1,5,0,0,0,0
Y250907047874,9,3,1,2,3,6,0,0,0
Y250907057188,15,9,1,2,8,7,1,0,0
Y250907068156,11,17,2,5,10,1,7,0,0
Y250907263293,13,9,2,3,7,6,2,0,0
Y250907269476,1,4,1,2,1,0,3,1,4
Y250907294860,6,6,1,2,5,1,1,0,0
Y250907348540,1,1,0,0,1,0,0,0,0
Y250907460290,8,6,0,0,4,4,2,0,0
Y250907469915,7,5,1,1,5,2,0,0,0
Y250907471774,9,10,1,2,8,1,2,0,0
Y250907540981,7,8,1,0,5,2,3,0,0
Y250907569523,2,3,0,0,2,0,1,0,0
Y250907588254,6,6,1,1,6,0,0,0,0
Y250907640650,1,8,1,3,1,0,7,1,8
Y250907730667,10,7,0,0,4,6,3,0,0
Y250907740111,7,7,1,1,4,3,3,0,0
Y250907754421,12,10,3,3,9,3,1,0,1
Y250907879575,11,6,0,2,6,5,0,0,0
Y250907896654,7,7,0,1,6,1,1,0,0
Y250907961622,8,6,1,3,5,3,1,0,0
Y250907963433,9,7,0,1,5,4,2,0,0
Y250907971257,6,8,1,1,6,0,2,0,0
Y250907992233,5,7,2,0,4,1,3,0,0
Y250908004371,6,6,2,1,4,2,2,0,0
Y250908007235,1,7,1,4,1,0,6,1,7
Y250908020227,6,5,0,0,5,1,0,0,0
Y250908098478,16,14,3,3,12,4,2,0,0
Y250908105019,8,7,0,0,5,3,2,0,0
Y250908190287,2,6,1,3,2,0,4,1,1
Y250908221112,18,19,1,0,15,3,4,2,2
Y250908245480,5,5,3,3,5,0,0,0,0
Y250908293415,14,6,0,0,6,8,0,0,0
Y250908311410,11,7,0,1,6,5,1,0,0
Y250908337109,11,5,1,2,5,6,0,0,0
Y250908362133,5,4,1,1,4,1,0,0,0
Y250908454320,14,7,1,2,7,7,0,0,0
Y250908462408,12,6,0,2,5,7,1,0,0
Y250908523686,15,6,2,2,5,10,1,0,0
Y250908533425,14,7,2,4,7,7,0,0,0
Y250908574733,4,4,0,1,3,1,1,0,0
Y250908610854,8,7,2,2,6,2,1,0,0
Y250908627412,5,5,0,0,4,1,1,0,0
Y250908689028,16,6,2,2,4,12,2,0,0
Y250908802316,8,7,1,3,6,2,1,0,0
Y250908849785,6,8,1,2,6,0,2,0,0
Y250908869924,8,4,0,2,3,5,1,0,0
Y250908961781,6,5,0,0,5,1,0,0,0
Y250909762616,1,2,1,1,1,0,1,1,2
Y250912002693,9,5,0,2,5,4,0,0,0
Y250912041301,1,1,1,1,1,0,0,0,0
Y250912217296,10,9,2,2,9,1,0,0,0
Y250912273309,15,13,5,5,10,5,3,0,0
Y250912274520,3,3,0,0,3,0,0,0,0
Y250912326685,11,5,0,1,5,6,0,0,0
Y250912346412,9,7,1,2,6,3,1,0,0
Y250912363260,9,6,0,1,6,3,0,0,0
Y250912405906,1,17,1,3,1,0,16,1,17
Y250912411780,10,5,2,4,4,6,1,1,2
Y250912475063,19,14,3,5,10,9,4,0,0
Y250912490218,2,2,1,1,2,0,0,0,0
Y250912495398,12,10,3,1,9,3,1,1,1
Y250912495587,6,8,0,1,4,2,4,0,0
Y250912544537,6,5,0,0,5,1,0,0,0
Y250912586023,21,12,4,2,11,10,1,0,0
Y250912632945,17,15,5,7,10,7,5,0,0
Y250912769920,5,4,0,1,4,1,0,0,0
Y250912770309,6,6,1,1,6,0,0,0,0
Y250912900915,5,7,0,0,3,2,4,0,0
Y250912963597,5,2,0,1,1,4,1,0,0
Y250912965115,15,15,5,4,11,4,4,0,1
Y250912970888,3,3,1,1,3,0,0,0,0
Y250913054877,6,5,2,0,5,1,0,0,0
Y250913069976,20,10,6,4,8,12,2,0,0
Y250913129986,9,7,4,2,6,3,1,0,0
Y250913140496,3,5,1,1,3,0,2,0,0
Y250913143355,12,9,1,2,6,6,3,0,0
Y250913157914,8,7,2,3,6,2,1,0,0
Y250913159241,16,11,6,5,8,8,3,0,0
Y250913182458,12,10,5,2,8,4,2,0,0
Y250913184829,1,6,1,3,1,0,5,0,0
Y250913225900,29,17,6,9,13,16,4,0,0
Y250913237123,15,10,5,2,9,6,1,0,0
Y250913261344,7,12,3,4,7,0,5,0,0
Y250913265106,6,6,3,3,6,0,0,0,0
Y250913290564,18,12,7,8,11,7,1,0,0
Y250913313028,5,5,4,4,5,0,0,1,1
Y250913334921,19,21,10,8,15,4,6,0,0
Y250913338950,14,11,6,5,9,5,2,0,0
Y250913390552,7,5,2,3,5,2,0,1,1
Y250913403718,5,5,2,2,4,1,1,0,0
Y250913438622,1,3,1,2,1,0,2,1,3
Y250913514201,12,22,7,3,10,2,12,0,0
Y250913543795,4,4,0,0,4,0,0,0,0
Y250913578080,19,13,5,2,13,6,0,0,0
Y250913643566,8,7,1,1,5,3,2,0,0
Y250913652966,15,12,9,6,10,5,2,0,0
Y250913684769,4,4,2,2,4,0,0,0,0
Y250913745669,15,10,4,3,9,6,1,0,0
Y250913829120,8,7,4,3,5,3,2,0,0
Y250913836293,1,1,1,1,1,0,0,0,0
Y250913875652,18,10,5,5,8,10,2,0,0
Y250913967673,14,7,9,4,7,7,0,0,0
Y250913979025,15,12,6,6,10,5,2,0,1
Y250917076127,10,6,2,2,6,4,0,0,0
Y250917088516,1,4,1,3,1,0,3,1,4
Y250917110120,8,5,5,4,5,3,0,1,1
Y250917149959,1,9,1,3,1,0,8,1,9
Y250917199287,1,16,1,8,1,0,15,1,16
Y250917245362,5,5,1,2,4,1,1,0,0
Y250917261341,11,12,3,5,8,3,4,0,0
Y250917274974,2,2,2,2,2,0,0,1,1
Y250917286450,16,5,7,3,5,11,0,0,0
Y250917296058,15,12,0,2,11,4,1,0,0
Y250917303053,8,7,3,0,6,2,1,6,4
Y250917334005,23,11,6,3,10,13,1,0,0
Y250917336081,9,9,2,2,6,3,3,0,0
Y250917345502,1,3,1,3,1,0,2,0,0
Y250917383033,20,16,2,3,11,9,5,0,0
Y250917431482,21,18,5,7,12,9,6,0,0
Y250917443660,16,10,2,3,9,7,1,0,0
Y250917481503,4,4,1,1,4,0,0,0,0
Y250917485710,1,2,1,2,1,0,1,0,0
Y250917495187,17,4,3,3,3,14,1,0,0
Y250917558365,13,10,4,5,9,4,1,0,0
Y250917569914,7,6,1,0,4,3,2,0,0
Y250917599316,2,2,0,0,2,0,0,0,0
Y250917636335,15,5,4,3,5,10,0,0,0
Y250917653016,16,7,5,4,5,11,2,0,0
Y250917665967,9,7,5,3,6,3,1,0,0
Y250917721472,1,13,1,7,1,0,12,1,13
Y250917733314,6,5,2,2,5,1,0,0,0
Y250917760520,7,6,3,3,5,2,1,0,0
Y250917887708,14,5,2,2,5,9,0,0,0
Y250917895413,22,13,3,1,13,9,0,0,0
Y250917919815,10,10,2,4,8,2,2,0,0
Y250918084637,6,5,1,1,4,2,1,0,0
Y250918117957,14,6,0,2,6,8,0,0,0
Y250918197931,8,7,1,2,7,1,0,0,0
Y250918207901,9,7,1,3,5,4,2,0,0
Y250918230601,11,5,1,1,5,6,0,0,0
Y250918318166,1,2,1,1,1,0,1,1,2
Y250918384211,1,1,0,0,1,0,0,0,0
Y250918384492,4,4,1,1,4,0,0,0,0
Y250918530531,5,5,2,1,4,1,1,0,0
Y250918551164,6,6,1,1,6,0,0,0,0
Y250918573755,9,6,1,4,6,3,0,0,0
Y250918608566,5,7,1,1,5,0,2,0,0
Y250918621223,5,6,1,2,4,1,2,0,0
Y250918626420,14,4,3,1,4,10,0,0,0
Y250918627000,11,5,1,1,5,6,0,0,0
Y250918733621,6,4,1,2,4,2,0,0,0
Y250918756658,1,2,1,2,1,0,1,0,0
Y250918836211,2,5,1,0,2,0,3,0,0
Y250918837969,12,6,1,2,6,6,0,0,0
Y250918904354,11,11,1,1,9,2,2,1,1
Y250919027495,11,7,5,5,7,4,0,0,0
Y250919153255,1,0,1,0,0,1,0,0,0
Y250919165886,9,6,5,3,5,4,1,0,0
Y250919237104,11,10,4,4,7,4,3,0,0
Y250919290976,7,6,1,0,5,2,1,1,0
Y250919330922,10,5,5,2,5,5,0,0,0
Y250919337466,1,1,0,0,1,0,0,0,0
Y250919362120,1,1,1,1,1,0,0,0,0
Y250919388445,6,4,1,1,3,3,1,0,0
Y250919412719,1,2,1,2,1,0,1,1,2
Y250919440141,10,8,6,2,7,3,1,0,0
Y250919449194,6,5,1,1,4,2,1,0,1
Y250919468301,1,1,1,1,1,0,0,1,1
Y250919473376,0,1,0,0,0,0,1,0,0
Y250919476183,3,3,1,1,3,0,0,0,0
Y250919536411,12,4,5,2,4,8,0,0,0
Y250919612760,8,9,2,0,7,1,2,0,0
Y250919655602,14,11,5,3,10,4,1,0,0
Y250919711907,4,4,1,1,4,0,0,0,0
Y250919737239,1,21,1,7,1,0,20,1,21
Y250919754986,13,9,7,6,7,6,2,0,0
Y250919776302,1,3,1,3,1,0,2,1,3
Y250919790645,9,5,5,3,5,4,0,0,0
Y250919794432,1,7,1,3,1,0,6,1,7
Y250919844219,18,11,2,4,9,9,2,0,0
Y250919857406,10,12,6,0,9,1,3,0,0
Y250919873058,0,2,0,0,0,0,2,0,0
Y250920017502,0,0,0,0,0,0,0,0,0
Y250920051839,12,4,5,2,4,8,0,0,0
Y250920065279,15,6,2,1,6,9,0,0,0
Y250920076237,4,4,2,2,4,0,0,0,0
Y250920147424,12,8,7,8,7,5,1,0,0
Y250920213927,8,13,4,7,8,0,5,0,1
Y250920252221,14,7,5,1,4,10,3,0,0
Y250920300086,11,12,5,5,9,2,3,0,0
Y250920302244,1,2,1,2,1,0,1,0,0
Y250920337342,1,5,1,2,1,0,4,1,5
Y250920389073,18,8,2,2,8,10,0,0,0
Y250920462043,6,6,1,1,6,0,0,0,0
Y250920538082,10,11,3,1,6,4,5,0,0
Y250920566414,15,7,5,2,7,8,0,1,1
Y250920607652,9,9,4,4,7,2,2,0,0
Y250920671482,9,6,2,3,5,4,1,0,0
Y250920777557,9,11,2,2,7,2,4,0,0
Y250920822332,1,1,0,0,1,0,0,0,0
Y250920827373,9,8,3,0,7,2,1,0,0
Y250920828475,6,6,1,1,6,0,0,0,0
Y250920881755,8,7,3,0,5,3,2,0,0
Y250920900408,15,15,7,3,12,3,3,1,1
Y250920946774,8,11,5,1,7,1,4,0,0
Y250920951670,12,7,3,2,7,5,0,0,0
Y250923402337,22,48,15,5,17,5,31,22,48
Y250925367074,5,7,1,0,5,0,2,5,7
Y251005646214,9,7,1,1,6,3,1,9,7
Y251010094715,5,6,0,0,2,3,4,0,0
Y251010179530,8,5,3,1,4,4,1,2,2
Y251010368095,4,4,0,0,3,1,1,0,0
Y251010404675,1,1,0,0,1,0,0,1,1
Y251010519763,6,4,2,0,4,2,0,0,0
Y251010593350,2,4,0,0,2,0,2,0,0
Y251010751267,5,7,1,1,4,1,3,0,1
Y251010798424,8,6,0,0,4,4,2,0,0
Y251010825039,8,10,1,1,6,2,4,0,0
Y251010830377,5,3,0,0,3,2,0,0,0
Y251010889329,4,5,0,1,3,1,2,0,0
Y251010938827,2,3,0,0,1,1,2,0,0
Y251011066791,7,6,1,1,6,1,0,0,0
Y251011181190,4,8,0,1,4,0,4,0,0
Y251011228849,9,8,2,3,8,1,0,0,0
Y251011280051,7,8,1,0,6,1,2,0,0
Y251011298295,1,2,1,1,1,0,1,1,2
Y251011378896,7,6,1,1,4,3,2,0,0
Y251011623136,8,7,1,1,6,2,1,0,0
Y251011624161,6,5,0,1,4,2,1,0,0
Y251011648947,6,5,0,0,4,2,1,0,0
Y251011698574,6,8,0,0,5,1,3,0,0
Y251011707270,1,1,1,1,1,0,0,0,0
Y251011711954,4,4,0,0,3,1,1,0,0
Y251011741979,7,7,1,0,5,2,2,0,0
Y251011752017,6,8,0,0,5,1,3,0,0
Y251011821533,24,20,1,1,20,4,0,1,1
Y251011835427,2,5,0,0,2,0,3,0,0
Y251011886762,3,4,0,0,2,1,2,0,0
Y251011958522,6,6,2,3,5,1,1,0,0
Y251011993618,11,9,1,0,7,4,2,0,0
Y251012014316,8,7,0,0,5,3,2,0,0
Y251012064864,13,12,1,1,12,1,0,1,1
Y251012118518,4,5,0,0,4,0,1,0,0
Y251012150561,6,4,0,0,3,3,1,0,0
Y251012177949,5,5,0,0,4,1,1,0,0
Y251012221192,3,4,0,0,2,1,2,0,0
Y251012271296,5,4,1,1,3,2,1,0,0
Y251012286182,4,3,0,0,3,1,0,0,0
Y251012310887,3,3,0,0,2,1,1,0,0
Y251012311779,8,7,0,0,5,3,2,0,0
Y251012333574,5,6,1,1,4,1,2,0,0
Y251012380000,25,20,1,1,20,5,0,1,1
Y251012384053,5,6,0,0,3,2,3,0,0
Y251012390064,5,5,0,0,1,4,4,0,0
Y251012426406,10,9,0,1,8,2,1,1,1
Y251012458988,4,4,0,0,3,1,1,0,0
Y251012477376,7,7,1,1,6,1,1,0,0
Y251012571086,8,7,0,0,6,2,1,0,0
Y251012675145,4,5,0,0,2,2,3,0,0
Y251012752519,4,5,0,0,3,1,2,0,0
Y251012821069,10,3,0,1,3,7,0,0,0
Y251012904243,5,5,2,2,5,0,0,0,0
Y251012985860,5,4,1,1,3,2,1,0,0
Y251012991412,3,4,0,0,2,1,2,0,0
Y251013016157,4,4,2,0,2,2,2,1,0
Y251013022657,3,5,0,0,2,1,3,0,0
Y251013179153,29,23,2,2,23,6,0,2,2
Y251013206818,1,2,0,0,1,0,1,0,0
Y251013237040,2,1,1,1,1,1,0,0,0
Y251013304947,2,3,0,0,1,1,2,0,0
Y251013426134,4,4,0,0,3,1,1,0,0
Y251013439639,7,4,1,2,3,4,1,0,0
Y251013469834,5,6,1,0,5,0,1,0,0
Y251013469904,6,3,0,1,2,4,1,0,0
Y251013491033,9,8,2,1,6,3,2,0,0
Y251013516222,9,6,2,2,5,4,1,0,0
Y251013619012,5,7,0,0,4,1,3,0,0
Y251013802075,3,3,0,0,2,1,1,0,0
Y251013964852,6,5,0,0,3,3,2,0,0
Y251013973710,8,7,2,2,6,2,1,0,0
Y251013995342,1,1,0,0,1,0,0,0,0
Y251013995760,8,8,1,1,7,1,1,0,0
Y251014022826,4,4,0,0,2,2,2,0,0
Y251014088137,7,5,2,2,4,3,1,0,0
Y251014321626,3,9,1,0,2,1,7,0,0
Y251014435097,7,5,3,0,4,3,1,1,0
Y251014461824,10,6,2,1,5,5,1,0,0
Y251014489658,1,1,1,1,1,0,0,1,1
Y251014549817,8,5,2,1,3,5,2,0,0
Y251014572349,7,4,2,1,3,4,1,0,0
Y251014606732,1,2,0,0,1,0,1,0,1
Y251014698237,6,7,0,0,4,2,3,0,0
Y251014736104,12,5,3,1,5,7,0,0,0
Y251014757340,5,3,3,1,3,2,0,0,0
Y251014857080,4,4,1,0,3,1,1,0,0
Y251014931108,12,5,2,1,4,8,1,0,0
Y251015123452,3,3,0,0,3,0,0,0,0
Y251015192369,6,7,0,0,4,2,3,0,1
Y251015214967,5,6,1,1,4,1,2,0,0
Y251015222051,1,2,1,2,1,0,1,1,2
Y251015226848,3,4,1,0,2,1,2,0,0
Y251015248739,6,6,1,1,5,1,1,0,0
Y251015264149,7,9,0,0,6,1,3,0,0
Y251015579472,8,10,1,1,7,1,3,0,0
Y251015790029,8,7,3,1,6,2,1,2,2
Y251015826396,1,5,1,2,1,0,4,1,5
Y251015840273,4,8,0,0,3,1,5,0,0
Y251015902461,5,5,0,0,4,1,1,0,0
Y251015925260,6,5,2,2,4,2,1,0,0
Y251016010965,9,4,0,1,3,6,1,0,0
Y251016084811,28,25,1,1,25,3,0,2,2
Y251016142252,27,26,5,1,24,3,2,0,0
Y251016457583,4,5,1,1,3,1,2,0,0
Y251016605835,7,7,1,1,5,2,2,0,0
Y251016639645,3,4,1,0,3,0,1,0,0
Y251016641645,5,8,1,0,5,0,3,0,0
Y251016698728,1,4,1,3,1,0,3,1,4
Y251016702629,4,6,1,1,4,0,2,0,0
Y251016810843,2,2,0,1,1,1,1,0,0
Y251016848098,9,4,1,2,3,6,1,0,0
Y251017129950,4,4,0,0,3,1,1,0,0
Y251017183023,2,4,0,0,2,0,2,0,0
Y251017214026,1,6,0,0,1,0,5,0,5
Y251017214183,5,5,0,0,4,1,1,0,0
Y251017257744,5,3,2,1,3,2,0,0,0
Y251017297369,8,6,1,0,4,4,2,0,0
Y251017551012,4,5,1,1,3,1,2,0,0
Y251017580099,2,2,0,0,2,0,0,0,0
Y251017613488,4,4,1,0,3,1,1,0,0
Y251017627236,1,2,0,0,1,0,1,0,0
Y251017684166,1,2,1,1,1,0,1,1,2
Y251017692672,3,3,0,0,2,1,1,0,0
Y251017765893,2,2,0,0,2,0,0,0,0
Y251017872647,20,20,0,0,19,1,1,0,1
Y251017879771,8,13,2,2,8,0,5,0,0
Y251018013117,1,1,0,0,1,0,0,0,0
Y251018100372,4,4,1,1,4,0,0,0,0
Y251018134430,18,13,1,0,12,6,1,0,0
Y251018187616,7,7,1,2,6,1,1,0,0
Y251018276181,1,4,1,4,1,0,3,1,4
Y251018391533,5,5,1,1,3,2,2,0,0
Y251018411486,5,6,1,1,2,3,4,0,0
Y251018480305,3,4,0,0,3,0,1,0,0
Y251018519149,4,6,0,0,4,0,2,0,0
Y251018581504,6,5,0,0,5,1,0,0,0
Y251018697380,6,10,2,0,6,0,4,0,0
Y251018733491,3,4,1,1,3,0,1,0,0
Y251019013784,14,13,3,2,8,6,5,1,1
Y251019041432,1,3,1,3,1,0,2,1,3
Y251019046970,7,2,1,1,2,5,0,0,0
Y251019150492,22,6,9,2,5,17,1,0,0
Y251019169628,12,12,1,1,10,2,2,0,0
Y251019243393,2,3,0,0,2,0,1,0,0
Y251019261128,5,6,0,0,5,0,1,0,0
Y251019458814,20,19,0,0,19,1,0,1,1
Y251019477819,9,6,2,0,6,3,0,0,0
Y251019490256,3,2,1,1,2,1,0,0,0
Y251019502340,34,29,3,3,28,6,1,2,2
Y251019537181,12,8,1,1,7,5,1,0,0
Y251019551701,25,7,8,4,7,18,0,0,0
Y251019600174,8,12,4,1,7,1,5,0,0
Y251019621730,3,4,1,1,3,0,1,0,0
Y251019703567,12,14,5,2,10,2,4,0,0
Y251019729371,6,4,2,1,3,3,1,0,0
Y251019768147,15,19,9,7,14,1,5,0,0
Y251019845291,10,9,4,2,7,3,2,0,0
Y251019845987,13,17,3,0,11,2,6,0,0
Y251019915622,11,7,4,3,6,5,1,0,0
Y251019931502,11,8,4,1,7,4,1,0,0
Y251019966576,19,16,3,2,12,7,4,0,0
Y251020035901,14,9,4,1,9,5,0,0,0
Y251020143349,9,9,4,4,6,3,3,0,0
Y251020190245,2,2,1,1,2,0,0,0,0
Y251020202330,5,3,0,0,2,3,1,0,0
Y251020262651,13,14,4,3,10,3,4,0,0
Y251020292494,4,4,1,1,4,0,0,0,0
Y251020365849,38,27,1,3,27,11,0,2,2
Y251020545199,4,4,0,0,4,0,0,0,0
Y251020618188,8,5,4,3,5,3,0,0,0
Y251020698183,8,6,2,0,4,4,2,0,0
Y251020701052,12,13,3,1,10,2,3,0,0
Y251020707118,15,17,5,2,13,2,4,0,0
Y251020830840,7,5,0,1,3,4,2,0,0
Y251021015934,6,6,0,0,5,1,1,1,1
Y251021040375,6,5,2,2,5,1,0,0,0
Y251021058846,7,6,0,0,4,3,2,0,0
Y251021136037,6,3,1,1,3,3,0,0,0
Y251021215791,1,2,1,2,1,0,1,1,2
Y251021255535,7,5,0,0,5,2,0,0,0
Y251021277984,3,5,0,0,3,0,2,0,0
Y251021283653,14,6,3,2,6,8,0,1,1
Y251021284825,11,9,0,0,7,4,2,0,0
Y251021449807,3,4,0,0,2,1,2,0,0
Y251021490911,1,3,1,1,1,0,2,0,0
Y251021509085,11,9,2,1,9,2,0,1,1
Y251021581125,5,4,0,1,3,2,1,0,0
Y251021813346,5,6,1,0,5,0,1,0,0
Y251021892387,29,23,0,1,23,6,0,2,2
Y251021908082,6,5,2,2,5,1,0,0,0
Y251022083989,3,3,0,0,3,0,0,0,0
Y251022097536,8,7,2,1,4,4,3,0,0
Y251022214846,6,5,1,1,4,2,1,0,0
Y251022226589,2,3,0,0,1,1,2,0,0
Y251022228056,7,5,0,1,4,3,1,0,0
Y251022228520,1,2,1,2,1,0,1,1,2
Y251022258450,3,3,0,0,2,1,1,0,0
Y251022327662,26,24,0,1,23,3,1,1,2
Y251022393366,9,5,1,1,4,5,1,0,0
Y251022474735,7,5,2,0,4,3,1,1,1
Y251022486654,9,6,2,2,6,3,0,0,0
Y251022506894,3,3,0,0,2,1,1,0,0
Y251022551064,7,7,3,3,6,1,1,0,0
Y251022603888,11,6,3,2,6,5,0,1,1
Y251022687645,16,11,1,2,10,6,1,0,0
Y251022693455,5,5,0,0,5,0,0,0,0
Y251022803418,1,0,0,0,0,1,0,0,0
Y251022841576,12,5,2,1,5,7,0,1,1
Y251022896202,11,5,2,2,5,6,0,0,0
Y251022914519,3,8,1,0,2,1,6,0,0
Y251022927645,4,4,1,1,4,0,0,0,0
Y251022980042,11,8,1,2,6,5,2,0,0
Y251023062329,6,13,5,1,6,0,7,0,0
Y251023137231,6,6,2,2,4,2,2,0,0
Y251023191080,9,6,4,3,5,4,1,0,0
Y251023211425,7,6,2,3,6,1,0,0,0
Y251023307041,1,6,1,2,1,0,5,0,0
Y251023346276,6,5,3,1,5,1,0,0,0
Y251023347414,10,6,6,4,6,4,0,0,0
Y251023371748,10,10,3,1,8,2,2,0,0
Y251023387369,5,3,1,0,3,2,0,0,0
Y251023446139,1,2,1,2,1,0,1,0,0
Y251023448135,17,12,7,7,10,7,2,0,1
Y251023462019,0,1,0,0,0,0,1,0,0
Y251023533103,5,4,3,2,4,1,0,0,0
Y251023534892,11,6,4,3,5,6,1,0,0
Y251023552549,11,2,5,1,2,9,0,0,0
Y251023597739,11,9,6,5,8,3,1,0,0
Y251023634871,15,7,8,3,7,8,0,0,0
Y251023719785,29,12,12,8,12,17,0,1,1
Y251023830687,6,6,0,0,5,1,1,0,0
Y251023855241,14,14,1,1,14,0,0,2,2
Y251023887867,10,5,2,2,5,5,0,0,0
Y251023915446,21,20,9,2,13,8,7,0,0
Y251023916419,7,7,4,3,5,2,2,1,0
Y251023924144,9,11,1,0,8,1,3,0,0
Y251023936816,1,3,1,2,1,0,2,0,0
Y251023994485,1,2,0,0,1,0,1,0,0
Y251024200967,11,9,6,6,9,2,0,0,0
Y251024423734,15,5,5,2,5,10,0,0,0
Y251024428564,20,12,10,9,12,8,0,0,0
Y251024468968,22,9,10,6,8,14,1,0,0
Y251024548676,1,1,0,0,1,0,0,0,0
Y251024582971,17,26,10,1,15,2,11,0,0
Y251024585364,5,4,4,3,4,1,0,0,0
Y251024637951,10,10,4,4,7,3,3,0,0
Y251024643458,25,24,10,13,17,8,7,0,0
Y251024760536,9,6,4,4,6,3,0,1,1
Y251024770421,25,28,12,15,16,9,12,0,0
Y251024960933,13,17,8,10,11,2,6,0,0
Y251024966998,22,27,10,3,17,5,10,0,0
Y251025117892,21,19,9,3,15,6,4,0,1
Y251025386270,1,4,1,1,1,0,3,0,0
Y251025487360,7,10,4,1,5,2,5,0,0
Y251025603828,13,18,8,9,12,1,6,0,0
Y251025621708,11,19,7,10,8,3,11,0,0
Y251025642097,2,4,2,1,2,0,2,0,0
Y251025656485,25,23,3,2,23,2,0,0,0
Y251025780808,9,9,4,4,7,2,2,0,0
Y251025796838,18,12,7,5,10,8,2,0,1
Y251025920902,29,11,11,5,11,18,0,0,0
Y251025932747,12,14,4,0,7,5,7,0,0
Y251025955430,14,7,7,5,5,9,2,0,0
Y251025977031,4,2,2,1,1,3,1,0,0
Y251026279389,9,8,4,4,8,1,0,0,0
Y251026291232,17,20,5,3,12,5,8,0,0
Y251026471456,0,0,0,0,0,0,0,0,0
Y251026609279,8,9,2,0,6,2,3,0,0
Y251026691473,13,8,4,2,8,5,0,0,0
Y251026737247,11,11,4,3,9,2,2,0,0
Y251026945087,13,11,4,5,10,3,1,0,0
Y251026973125,18,16,1,1,15,3,1,1,1
Y251026999249,16,23,5,2,14,2,9,0,0
Y251027026059,7,5,0,1,5,2,0,0,0
Y251027042870,9,7,2,1,7,2,0,1,1
Y251027046377,11,9,4,4,8,3,1,0,0
Y251027164294,7,8,4,4,7,0,1,0,0
Y251027205174,7,4,2,1,4,3,0,0,0
Y251027380962,8,5,2,1,5,3,0,0,0
Y251027446269,14,5,3,2,5,9,0,0,0
Y251027477952,8,6,1,1,5,3,1,0,0
Y251027522342,7,8,1,2,6,1,2,0,0
Y251027546502,4,4,2,2,4,0,0,0,0
Y251027655555,3,3,1,1,3,0,0,0,0
Y251027818772,5,4,1,0,4,1,0,0,0
Y251027943736,13,10,3,1,6,7,4,0,0
Y251027963308,7,4,4,2,2,5,2,0,0
Y251027974566,19,16,2,1,15,4,1,0,1
Y251028022206,7,7,2,1,5,2,2,0,0
Y251028130290,24,22,0,1,22,2,0,2,2
Y251028227547,0,0,0,0,0,0,0,0,0
Y251028283180,8,16,2,10,5,3,11,0,0
Y251028337645,11,6,1,1,6,5,0,0,0
Y251028339831,12,6,1,2,6,6,0,0,0
Y251028401346,10,6,2,2,6,4,0,0,0
Y251028422586,9,7,2,2,6,3,1,0,0
Y251028432679,28,22,0,1,22,6,0,2,2
Y251028487059,10,7,1,1,7,3,0,0,0
Y251028605075,1,2,1,1,1,0,1,0,0
Y251028642890,9,4,0,1,3,6,1,0,0
Y251028654448,5,5,1,1,3,2,2,0,0
Y251028743005,7,7,1,0,5,2,2,0,0
Y251028823208,31,27,0,0,27,4,0,2,2
Y251028825026,5,5,1,1,5,0,0,0,0
Y251028856278,6,6,1,1,5,1,1,0,0
Y251029002355,1,1,0,0,1,0,0,0,0
Y251029098924,18,8,5,3,7,11,1,0,0
Y251029115627,7,7,2,3,5,2,2,0,0
Y251029117765,17,11,8,5,10,7,1,0,0
Y251029124946,13,12,2,2,9,4,3,0,0
Y251029154529,9,6,0,1,6,3,0,0,0
Y251029162027,8,4,2,1,3,5,1,0,0
Y251029250919,7,7,3,3,7,0,0,2,2
Y251029269146,15,11,3,3,9,6,2,1,2
Y251029283894,7,5,2,1,5,2,0,0,0
Y251029338837,1,1,0,0,1,0,0,0,0
Y251029356162,20,17,7,2,14,6,3,0,1
Y251029373047,6,11,3,0,6,0,5,0,0
Y251029414656,10,8,1,0,7,3,1,0,0
Y251029520993,17,15,5,1,12,5,3,0,0
Y251029523826,10,10,2,3,7,3,3,0,0
Y251029536732,11,6,3,2,6,5,0,0,0
Y251029543015,6,6,2,2,4,2,2,0,0
Y251029565495,4,4,1,1,4,0,0,0,0
Y251029649789,15,8,6,6,8,7,0,0,0
Y251029683732,10,16,8,1,8,2,8,0,0
Y251029694938,15,7,7,5,7,8,0,0,0
Y251029695191,6,6,0,0,5,1,1,0,0
Y251029726396,1,21,1,6,1,0,20,1,21
Y251029758686,8,13,4,7,4,4,9,0,0
Y251029806617,12,14,5,5,10,2,4,0,0
Y251029839459,12,10,6,6,9,3,1,0,0
Y251029846301,22,7,7,5,7,15,0,0,0
Y251029861507,4,5,1,0,4,0,1,0,0
Y251029938423,11,8,5,3,6,5,2,0,0
Y251029948841,8,7,1,1,6,2,1,0,0
Y251029983155,16,18,2,2,16,0,2,1,2
Y251029989508,5,5,0,0,4,1,1,0,0
Y251030004540,12,12,4,2,8,4,4,0,0
Y251030066666,3,3,1,1,3,0,0,0,0
Y251030076515,8,7,2,1,6,2,1,0,0
Y251030180425,11,11,5,5,8,3,3,0,0
Y251030185302,4,7,1,1,4,0,3,0,0
Y251030365534,13,6,6,3,5,8,1,0,0
Y251030474510,18,15,6,5,8,10,7,0,0
Y251030531789,7,7,1,1,6,1,1,0,0
Y251030574710,13,10,4,1,8,5,2,0,0
Y251030580177,22,10,8,5,9,13,1,0,0
Y251030589440,35,28,3,3,28,7,0,2,2
Y251030642456,7,11,3,0,7,0,4,0,0
Y251030678696,13,15,3,0,10,3,5,0,0
Y251030741494,12,10,6,4,10,2,0,0,0
Y251030745238,25,7,7,3,7,18,0,0,0
Y251030761188,17,12,7,3,11,6,1,0,0
Y251030805878,8,4,2,0,4,4,0,0,0
Y251030861065,8,7,4,2,6,2,1,0,0
Y251030932063,1,1,1,1,1,0,0,0,0
Y251030946042,6,3,0,1,3,3,0,0,0
Y251031043837,10,18,3,9,9,1,9,0,0
Y251031051286,2,6,0,0,2,0,4,0,0
Y251031148976,8,9,3,3,8,0,1,1,1
Y251031311304,10,8,1,1,6,4,2,0,0
Y251031413845,7,8,1,1,7,0,1,0,0
Y251031428697,9,6,1,0,6,3,0,0,0
Y251031485585,9,9,1,1,7,2,2,0,0
Y251031515784,6,5,1,0,5,1,0,0,0
Y251031594820,7,6,2,1,5,2,1,0,0
Y251031624882,37,27,4,3,27,10,0,4,3
Y251031675430,1,4,1,3,1,0,3,1,4
Y251031752024,27,22,2,1,22,5,0,2,2
Y251031802940,10,11,3,4,7,3,4,0,0
Y251031840753,1,6,1,1,1,0,5,1,6
Y251031913894,8,5,3,1,4,4,1,0,0
Y251101010158,13,13,5,5,13,0,0,1,1
Y251101014758,15,8,5,4,7,8,1,0,0
Y251101026027,9,14,3,1,8,1,6,0,0
Y251101035941,22,21,1,1,21,1,0,1,1
Y251101062657,16,14,6,0,12,4,2,0,0
Y251101067243,7,4,1,1,3,4,1,0,0
Y251101083197,7,5,4,4,4,3,1,0,0
Y251101122771,9,9,3,3,8,1,1,1,1
Y251101237604,5,4,1,1,4,1,0,0,0
Y251101250730,11,6,5,3,6,5,0,0,0
Y251101255878,11,9,3,2,9,2,0,0,0
Y251101276776,5,7,1,0,5,0,2,5,7
Y251101489449,16,5,4,2,5,11,0,0,0
Y251101519301,6,8,1,0,6,0,2,0,0
Y251101562230,11,11,6,0,7,4,4,0,0
Y251101705615,11,6,2,2,4,7,2,0,0
Y251101767969,6,4,2,1,4,2,0,0,0
Y251101771075,9,13,5,1,8,1,5,0,0
Y251101771951,8,9,2,1,6,2,3,0,0
Y251101785352,1,4,1,2,1,0,3,1,4
Y251101842757,8,8,3,4,7,1,1,0,0
Y251101863796,46,29,3,4,29,17,0,2,2
Y251101884015,42,28,5,4,28,14,0,2,2
Y251101939240,11,14,6,3,9,2,5,0,0
Y251101939644,14,13,3,2,12,2,1,0,0
Y251105515494,1,3,0,0,1,0,2,1,3
Y251107022473,24,22,0,0,22,2,0,0,0
Y251107040634,9,4,2,2,4,5,0,0,0
Y251107075476,17,6,2,3,5,12,1,0,0
Y251107107456,8,10,0,0,6,2,4,1,1
Y251107149539,11,7,3,2,6,5,1,0,0
Y251107184010,4,4,1,1,4,0,0,0,0
Y251107190840,8,5,2,0,5,3,0,0,0
Y251107197710,6,7,2,0,6,0,1,0,0
Y251107203260,11,9,4,3,5,6,4,0,0
Y251107227740,9,7,1,2,4,5,3,0,0
Y251107232465,1,1,1,1,1,0,0,0,0
Y251107291457,9,5,5,2,4,5,1,0,0
Y251107329056,1,7,1,3,1,0,6,0,0
Y251107345821,1,1,0,0,1,0,0,0,0
Y251107391937,19,15,5,2,12,7,3,0,0
Y251107403025,10,13,5,5,9,1,4,0,0
Y251107435436,7,8,2,2,7,0,1,0,0
Y251107460257,9,7,1,1,6,3,1,1,2
Y251107466617,13,8,5,3,7,6,1,0,0
Y251107471908,11,5,4,1,5,6,0,0,0
Y251107545250,12,12,2,2,10,2,2,0,0
Y251107564123,15,11,6,3,10,5,1,0,0
Y251107588073,14,13,5,2,10,4,3,0,0
Y251107638105,32,28,6,7,28,4,0,2,2
Y251107662185,9,9,2,2,7,2,2,0,0
Y251107673320,13,14,3,3,10,3,4,0,0
Y251107720618,13,14,1,1,11,2,3,0,0
Y251107721155,2,2,0,0,2,0,0,0,0
Y251107737429,12,8,4,0,6,6,2,0,0
Y251107810876,11,10,6,6,10,1,0,0,0
Y251107818741,3,3,0,0,2,1,1,0,0
Y251107826892,22,12,7,6,11,11,1,0,0
Y251107850644,13,13,5,1,11,2,2,0,0
Y251107917358,5,3,1,0,3,2,0,0,0
Y251107969665,13,11,4,3,10,3,1,0,0
Y251107981762,9,8,0,0,5,4,3,0,0
Y251107985421,45,29,2,4,29,16,0,2,2
Y251107991501,9,8,2,1,4,5,4,0,0
Y251108074660,5,6,0,0,4,1,2,0,0
Y251108194680,6,4,2,1,4,2,0,0,0
Y251108447946,6,5,0,0,4,2,1,0,0
Y251108614695,4,4,2,2,4,0,0,0,0
Y251108657213,7,6,1,1,5,2,1,0,0
Y251108815083,7,7,1,1,6,1,1,0,0
Y251108967710,13,8,3,3,8,5,0,0,0
Y251112041323,20,17,5,3,15,5,2,0,0
Y251112056272,4,2,0,0,2,2,0,0,0
Y251112090186,10,10,2,3,7,3,3,0,0
Y251112104407,11,10,1,1,7,4,3,0,0
Y251112149399,16,8,3,2,6,10,2,0,1
Y251112154262,18,12,4,3,11,7,1,0,0
Y251112194211,16,14,3,5,14,2,0,0,0
Y251112262204,9,7,2,2,6,3,1,1,1
Y251112293583,11,7,3,4,6,5,1,0,0
Y251112296385,6,6,1,0,4,2,2,0,0
Y251112304392,10,6,4,3,6,4,0,0,0
Y251112341195,6,4,2,2,4,2,0,0,0
Y251112356231,12,7,1,2,7,5,0,0,0
Y251112370406,10,6,3,1,6,4,0,2,2
Y251112427002,6,5,1,1,3,3,2,0,0
Y251112463814,1,1,0,0,1,0,0,0,0
Y251112486353,9,4,3,2,4,5,0,0,0
Y251112520962,4,4,0,0,3,1,1,0,0
Y251112521009,9,5,1,0,3,6,2,0,0
Y251112610084,1,7,1,2,1,0,6,0,0
Y251112705915,33,21,2,2,21,12,0,1,1
Y251112741063,10,9,4,4,7,3,2,0,0
Y251112748820,24,20,3,3,20,4,0,1,1
Y251112769959,16,13,2,1,9,7,4,0,1
Y251112781034,9,8,2,1,5,4,3,0,0
Y251112793196,13,6,1,2,6,7,0,0,0
Y251112839458,10,5,3,3,4,6,1,0,0
Y251112887111,6,7,3,3,5,1,2,0,0
Y251112922323,8,9,2,2,8,0,1,0,0
Y251113040392,11,9,2,0,3,8,6,0,0
Y251113065026,6,6,2,2,5,1,1,0,0
Y251113109171,4,3,2,1,3,1,0,0,0
Y251113143148,14,10,3,2,10,4,0,0,0
Y251113160615,16,9,4,2,8,8,1,1,1
Y251113174968,11,17,7,1,10,1,7,0,0
Y251113185948,10,6,2,3,5,5,1,0,0
Y251113196921,12,5,1,1,5,7,0,0,0
Y251113218460,8,7,4,2,5,3,2,0,0
Y251113235228,14,6,3,1,6,8,0,0,0
Y251113250933,2,1,2,0,0,2,1,0,0
Y251113303259,7,5,2,2,3,4,2,0,1
Y251113324220,4,4,2,2,4,0,0,0,0
Y251113343160,18,14,7,3,13,5,1,0,0
Y251113463961,11,14,6,7,10,1,4,0,0
Y251113517860,6,4,5,0,3,3,1,0,0
Y251113526630,22,14,5,6,12,10,2,0,0
Y251113562040,16,13,3,3,10,6,3,0,1
Y251113564606,7,9,3,3,7,0,2,1,1
Y251113597881,18,8,5,6,8,10,0,0,0
Y251113613033,2,2,1,1,1,1,1,0,0
Y251113628838,3,3,2,0,2,1,1,0,0
Y251113691144,6,4,1,1,3,3,1,0,0
Y251113699845,6,5,2,2,5,1,0,0,0
Y251113705989,8,7,3,3,7,1,0,1,1
Y251113749314,9,9,2,0,5,4,4,0,0
Y251113761647,38,26,3,4,26,12,0,2,2
Y251113764390,9,10,3,3,8,1,2,0,0
Y251113781872,7,6,1,1,5,2,1,0,0
Y251113794599,6,5,0,0,5,1,0,0,0
Y251113835630,10,6,2,3,4,6,2,2,2
Y251113910406,17,9,5,5,8,9,1,0,0
Y251113958124,16,17,5,3,12,4,5,0,0
Y251113976177,3,2,0,1,2,1,0,0,0
Y251114036574,12,5,2,3,4,8,1,0,0
Y251114075845,8,9,3,3,8,0,1,0,0
Y251114124382,14,9,4,6,7,7,2,0,0
Y251114139756,3,4,0,0,3,0,1,0,0
Y251114144275,16,15,0,0,15,1,0,0,0
Y251114149478,10,6,3,1,5,5,1,0,0
Y251114167071,8,8,2,0,5,3,3,0,0
Y251114184206,35,29,3,4,29,6,0,2,2
Y251114201238,2,3,0,0,2,0,1,0,0
Y251114210330,1,4,1,3,1,0,3,0,0
Y251114336101,8,7,2,2,5,3,2,0,0
Y251114392807,9,9,0,0,8,1,1,0,0
Y251114470344,1,1,0,0,1,0,0,0,0
Y251114498757,8,7,0,1,7,1,0,0,0
Y251114576752,21,24,10,8,16,5,8,0,0
Y251114632196,6,2,3,1,2,4,0,0,0
Y251114657820,9,5,3,3,4,5,1,0,0
Y251114698575,10,7,2,1,7,3,0,2,2
Y251114763363,13,3,3,0,2,11,1,0,0
Y251114763873,9,4,4,2,3,6,1,0,0
Y251114774332,3,3,0,0,3,0,0,0,0
Y251114787497,9,6,6,4,6,3,0,0,0
Y251114799976,7,6,3,1,6,1,0,0,0
Y251114818288,11,9,1,1,6,5,3,0,0
Y251114860743,8,3,2,0,2,6,1,0,0
Y251114874900,3,4,0,1,3,0,1,0,0
Y251114891799,10,7,3,1,5,5,2,0,0
Y251114902905,13,7,2,3,7,6,0,0,0
Y251114909133,6,6,3,1,4,2,2,0,0
Y251114912580,23,13,4,6,13,10,0,1,1
Y251114915679,7,4,3,2,4,3,0,0,0
Y251114960267,1,1,0,0,1,0,0,0,0
Y251114963455,12,8,3,4,6,6,2,0,1
Y251114997053,10,9,3,4,9,1,0,1,1
Y251115027426,4,2,0,0,1,3,1,0,0
Y251115052604,4,5,1,0,1,3,4,0,0
Y251115061070,7,5,0,0,4,3,1,1,1
Y251115061289,10,11,2,2,10,0,1,0,0
Y251115063830,11,7,5,1,6,5,1,0,0
Y251115065861,7,3,0,1,2,5,1,1,1
Y251115139550,12,9,1,0,9,3,0,1,1
Y251115211704,12,8,3,2,7,5,1,0,0
Y251115229128,8,7,1,1,6,2,1,0,0
Y251115245301,1,1,1,1,1,0,0,0,0
Y251115273859,0,0,0,0,0,0,0,0,0
Y251115306840,15,11,2,1,11,4,0,1,1
Y251115317098,4,3,0,0,3,1,0,0,0
Y251115325748,8,6,2,2,6,2,0,0,0
Y251115340669,13,10,3,2,10,3,0,0,0
Y251115344231,6,5,2,1,2,4,3,0,0
Y251115355497,4,5,0,0,4,0,1,0,0
Y251115375563,4,3,0,0,2,2,1,0,0
Y251115418442,5,4,2,2,4,1,0,0,0
Y251115432649,10,10,2,2,6,4,4,0,0
Y251115448724,3,4,0,0,3,0,1,0,0
Y251115475352,15,5,3,3,5,10,0,1,1
Y251115491665,7,5,1,2,4,3,1,0,0
Y251115523891,28,24,0,0,24,4,0,2,2
Y251115566335,10,10,3,3,10,0,0,1,1
Y251115638820,1,2,1,2,1,0,1,0,0
Y251115653889,7,7,2,2,7,0,0,0,0
Y251115675956,5,7,2,1,4,1,3,2,1
Y251115695462,10,6,3,2,6,4,0,0,0
Y251115756060,2,4,0,0,1,1,3,0,1
Y251115759832,9,5,2,2,4,5,1,0,0
Y251115785437,10,8,2,0,7,3,1,1,1
Y251115803982,1,1,0,0,1,0,0,0,0
Y251115837369,7,7,0,0,6,1,1,0,0
Y251115847813,12,8,3,2,8,4,0,1,1
Y251115889936,6,6,1,1,3,3,3,0,0
Y251115940424,4,3,0,0,3,1,0,0,0
Y251115943482,8,6,1,2,6,2,0,0,0
Y251115945579,4,4,0,0,4,0,0,0,0
Y251115976080,6,9,2,1,6,0,3,0,0
Y251115978731,8,4,1,2,4,4,0,1,1
Y251116049906,5,7,3,1,5,0,2,0,0
Y251116065334,12,8,3,4,8,4,0,0,0
Y251116088235,17,10,5,5,10,7,0,0,0
Y251116115359,1,3,1,3,1,0,2,0,0
Y251116126017,10,9,3,2,7,3,2,0,0
Y251116134467,8,8,4,3,7,1,1,0,0
Y251116140886,6,11,4,0,6,0,5,0,0
Y251116147904,8,6,2,2,6,2,0,0,0
Y251116253032,1,1,0,0,1,0,0,0,0
Y251116263166,9,9,3,4,9,0,0,1,1
Y251116287376,0,0,0,0,0,0,0,0,0
Y251116296623,6,5,2,1,5,1,0,0,0
Y251116301910,10,13,3,0,8,2,5,0,0
Y251116333403,12,7,2,3,7,5,0,0,0
Y251116356360,13,7,4,3,6,7,1,0,0
Y251116380023,2,3,0,0,1,1,2,0,0
Y251116453662,4,3,0,0,3,1,0,0,0
Y251116463963,5,6,0,0,4,1,2,0,0
Y251116473051,13,4,2,2,3,10,1,0,1
Y251116476170,15,8,2,3,7,8,1,0,0
Y251116502185,14,8,1,1,7,7,1,0,0
Y251116507999,11,7,5,3,6,5,1,0,0
Y251116668233,15,12,3,4,12,3,0,0,0
Y251116682866,10,10,4,4,9,1,1,0,0
Y251116724613,12,9,3,1,7,5,2,0,0
Y251116729133,6,6,3,3,6,0,0,0,0
Y251116748185,10,6,4,0,4,6,2,0,0
Y251116774194,13,7,3,3,6,7,1,0,0
Y251116792844,5,2,1,0,2,3,0,0,0
Y251116814321,5,5,1,1,4,1,1,0,0
Y251116880787,7,6,3,3,6,1,0,0,0
Y251116881587,14,11,4,5,10,4,1,0,1
Y251116987392,3,4,2,1,2,1,2,0,0
Y251117035313,1,3,1,3,1,0,2,0,0
Y251117037351,12,10,3,2,10,2,0,0,0
Y251117052421,1,8,1,6,1,0,7,1,8
Y251117061593,10,8,0,1,7,3,1,0,0
Y251117063600,13,9,3,1,6,7,3,0,0
Y251117079131,18,16,6,6,12,6,4,0,0
Y251117144545,6,6,2,1,5,1,1,0,0
Y251117155703,7,8,3,2,5,2,3,0,0
Y251117168934,14,12,4,4,10,4,2,0,0
Y251117207414,5,5,2,3,4,1,1,0,0
Y251117221346,4,2,1,0,2,2,0,0,0
Y251117224124,23,22,1,1,22,1,0,0,0
Y251117273352,9,9,1,2,6,3,3,0,0
Y251117280330,33,28,2,1,27,6,1,0,1
Y251117282680,7,6,3,2,6,1,0,1,1
Y251117312921,4,5,2,1,3,1,2,0,0
Y251117330282,5,5,2,1,4,1,1,0,0
Y251117338772,7,7,4,4,7,0,0,0,0
Y251117389329,11,10,6,6,8,3,2,0,0
Y251117391955,5,5,1,1,4,1,1,0,0
Y251117413310,8,6,3,3,6,2,0,0,0
Y251117414702,8,5,1,0,5,3,0,0,0
Y251117419578,4,3,1,1,3,1,0,0,0
Y251117430252,2,2,1,1,2,0,0,0,0
Y251117457772,4,4,1,1,3,1,1,0,0
Y251117462388,13,7,5,4,6,7,1,0,0
Y251117502257,6,5,3,1,4,2,1,1,1
Y251117556352,16,8,2,2,8,8,0,0,0
Y251117578436,1,4,1,2,1,0,3,0,0
Y251117589757,8,8,4,4,7,1,1,0,0
Y251117622623,8,4,2,0,2,6,2,0,0
Y251117670233,4,2,0,0,2,2,0,0,0
Y251117691269,10,4,1,1,4,6,0,0,0
Y251117693317,14,7,4,2,6,8,1,0,1
Y251117731527,5,4,3,2,4,1,0,0,0
Y251117748713,13,9,2,1,8,5,1,0,0
Y251117780032,7,8,1,1,6,1,2,0,0
Y251117780928,11,11,2,2,9,2,2,0,1
Y251117793276,10,6,3,0,4,6,2,0,0
Y251117807095,10,8,5,3,7,3,1,0,0
Y251117842425,19,10,6,4,9,10,1,0,0
Y251117848245,10,8,0,1,8,2,0,0,0
Y251117855844,8,7,1,1,4,4,3,0,0
Y251117927490,12,13,3,0,10,2,3,0,0
Y251117934141,5,4,1,1,4,1,0,0,0
Y251117953156,1,3,1,2,1,0,2,1,3
Y251117962729,37,29,2,2,29,8,0,2,2
Y251117997582,9,4,2,2,4,5,0,0,0
Y251118007435,12,6,3,3,5,7,1,0,1
Y251118020013,1,1,1,1,1,0,0,0,0
Y251118071343,8,6,2,2,5,3,1,0,0
Y251118091741,5,6,1,0,4,1,2,0,0
Y251118169402,5,3,0,0,3,2,0,0,0
Y251118195018,5,5,1,1,5,0,0,0,0
Y251118202123,4,5,0,0,4,0,1,1,1
Y251118203283,1,4,1,2,1,0,3,0,0
Y251118270093,38,23,1,4,23,15,0,1,1
Y251118304281,5,4,0,0,3,2,1,0,0
Y251118343920,11,5,3,2,5,6,0,0,0
Y251118410951,6,3,1,1,3,3,0,0,0
Y251118440920,3,2,0,0,2,1,0,0,0
Y251118497617,4,5,1,0,4,0,1,1,1
Y251118524822,6,1,2,0,0,6,1,0,0
Y251118529210,1,1,0,0,1,0,0,0,0
Y251118545224,5,4,1,0,4,1,0,0,0
Y251118575640,6,5,1,1,5,1,0,0,0
Y251118589915,10,5,3,2,5,5,0,0,0
Y251118613884,2,4,1,2,2,0,2,0,0
Y251118621403,6,3,0,1,3,3,0,0,0
Y251118621659,5,5,0,1,4,1,1,0,0
Y251118625728,7,5,4,4,4,3,1,0,0
Y251118667057,26,13,6,3,8,18,5,0,0
Y251118669390,30,21,2,2,21,9,0,0,0
Y251118687371,5,3,0,0,3,2,0,0,0
Y251118715699,22,18,0,0,18,4,0,1,1
Y251118726371,6,3,1,1,3,3,0,0,0
Y251118729042,15,16,9,9,15,0,1,1,1
Y251118737369,6,6,2,2,6,0,0,0,0
Y251118814865,1,4,1,2,1,0,3,1,4
Y251118816404,5,4,0,0,4,1,0,0,0
Y251118873492,7,6,1,1,5,2,1,0,0
Y251118891926,19,16,3,2,14,5,2,0,0
Y251118917343,5,4,1,2,4,1,0,0,0
Y251118939806,9,4,2,2,4,5,0,0,0
Y251118980780,10,9,2,0,7,3,2,1,1
Y251119025857,5,10,3,2,5,0,5,0,0
Y251119038277,11,8,5,5,6,5,2,0,0
Y251119067232,15,9,2,1,9,6,0,0,0
Y251119091568,13,12,7,0,8,5,4,1,1
Y251119092294,19,18,7,3,14,5,4,0,0
Y251119143486,11,7,2,1,6,5,1,0,0
Y251119165046,34,26,5,5,26,8,0,1,1
Y251119169301,19,16,2,4,12,7,4,0,0
Y251119193441,15,9,4,4,9,6,0,0,0
Y251119239931,9,11,4,0,7,2,4,0,0
Y251119252029,17,19,6,7,14,3,5,0,0
Y251119318294,13,10,3,2,9,4,1,0,0
Y251119319093,15,11,7,5,10,5,1,0,0
Y251119322880,15,10,5,4,9,6,1,0,0
Y251119381544,14,13,6,3,10,4,3,0,0
Y251119404353,14,10,5,1,8,6,2,0,0
Y251119492839,7,8,5,0,6,1,2,0,0
Y251119534060,14,7,6,4,7,7,0,0,0
Y251119555683,6,6,3,4,5,1,1,0,0
Y251119655341,6,5,5,1,3,3,2,1,3
Y251119672015,18,15,10,10,15,3,0,1,1
Y251119735593,11,9,6,0,7,4,2,0,0
Y251119769107,15,13,5,5,7,8,6,0,1
Y251119775239,1,3,1,2,1,0,2,0,0
Y251119775823,1,2,1,1,1,0,1,0,0
Y251119849951,40,30,2,2,29,11,1,2,2
Y251119909440,16,7,5,4,7,9,0,0,0
Y251119929441,10,10,4,1,7,3,3,0,0
Y251119964372,45,32,7,3,32,13,0,2,2
Y251119966589,7,3,1,3,3,4,0,0,0
Y251119987017,13,25,7,0,11,2,14,0,0
Y251119988398,17,10,7,5,9,8,1,0,0
Y251119993795,14,11,4,4,9,5,2,1,1
Y251120062944,22,14,6,7,11,11,3,0,0
Y251120091333,14,12,4,1,9,5,3,0,0
Y251120157942,15,11,5,4,11,4,0,0,0
Y251120171218,13,14,3,0,12,1,2,0,0
Y251120197813,12,9,2,3,7,5,2,0,1
Y251120213004,12,10,4,5,8,4,2,0,0
Y251120218632,8,4,5,2,4,4,0,0,0
Y251120256023,29,22,2,2,22,7,0,2,2
Y251120271908,0,0,0,0,0,0,0,0,0
Y251120288732,17,10,5,5,10,7,0,0,0
Y251120314673,27,6,3,2,6,21,0,0,0
Y251120328638,18,8,4,3,8,10,0,0,0
Y251120333481,8,11,2,1,8,0,3,0,0
Y251120333626,6,6,3,3,6,0,0,0,0
Y251120360726,5,3,1,0,2,3,1,0,0
Y251120391183,6,8,3,3,6,0,2,0,0
Y251120411769,17,16,4,4,13,4,3,2,2
Y251120414571,5,3,3,2,3,2,0,0,0
Y251120418362,16,11,3,2,10,6,1,0,0
Y251120422880,15,13,6,3,10,5,3,0,0
Y251120425901,13,9,4,3,9,4,0,0,0
Y251120433928,45,34,1,6,13,32,21,0,0
Y251120524679,9,6,4,3,5,4,1,0,0
Y251120533235,45,27,3,3,27,18,0,2,2
Y251120543004,4,7,2,1,3,1,4,0,0
Y251120548831,12,6,3,3,6,6,0,0,0
Y251120572804,1,9,1,6,1,0,8,1,9
Y251120604410,19,14,4,4,12,7,2,0,0
Y251120607539,12,16,3,0,11,1,5,0,0
Y251120625504,13,11,5,5,11,2,0,0,0
Y251120641515,9,6,2,2,6,3,0,0,0
Y251120652863,8,8,0,0,8,0,0,0,0
Y251120661194,15,11,4,2,10,5,1,0,0
Y251120770278,9,6,2,1,6,3,0,0,0
Y251120780011,11,9,2,3,8,3,1,0,0
Y251120823700,7,5,6,5,5,2,0,0,0
Y251120838163,14,9,6,3,8,6,1,1,1
Y251120869812,1,2,1,1,1,0,1,0,0
Y251120898905,13,6,3,3,6,7,0,0,0
Y251120902575,17,9,5,3,8,9,1,0,0
Y251121023042,12,6,3,2,6,6,0,0,0
Y251121033914,15,15,6,4,10,5,5,0,0
Y251121075869,26,21,6,4,21,5,0,0,0
Y251121112628,18,22,4,2,12,6,10,0,0
Y251121113249,1,9,1,3,1,0,8,0,0
Y251121150925,9,7,2,1,6,3,1,2,2
Y251121184092,12,9,4,2,8,4,1,0,0
Y251121203515,12,5,3,3,5,7,0,0,0
Y251121222971,20,20,9,6,16,4,4,1,1
Y251121229610,19,20,6,8,16,3,4,0,0
Y251121289055,14,17,6,5,10,4,7,0,0
Y251121333578,15,9,3,4,8,7,1,0,0
Y251121375626,17,11,6,4,9,8,2,0,0
Y251121410608,28,21,3,1,21,7,0,0,0
Y251121458476,15,7,2,2,7,8,0,0,0
Y251121473203,18,21,6,8,11,7,10,1,6
Y251121487406,20,13,8,5,12,8,1,0,0
Y251121530969,81,54,9,9,52,29,2,1,1
Y251121548783,18,14,6,8,12,6,2,0,0
Y251121550848,16,12,4,5,10,6,2,0,0
Y251121592659,10,9,3,0,4,6,5,0,0
Y251121593448,25,19,11,10,18,7,1,0,0
Y251121598084,23,16,5,8,14,9,2,0,0
Y251121615563,1,15,1,3,1,0,14,0,0
Y251121703784,11,13,4,0,8,3,5,0,0
Y251121749186,9,12,3,2,7,2,5,0,0
Y251121755682,2,2,0,0,2,0,0,0,0
Y251121760150,19,9,4,2,6,13,3,0,0
Y251121773240,18,19,6,1,15,3,4,0,0
Y251121795191,11,5,3,2,5,6,0,0,0
Y251121807584,5,8,2,0,5,0,3,0,0
Y251121817661,12,5,3,1,4,8,1,0,0
Y251121867253,13,10,3,3,9,4,1,0,0
Y251121934040,20,18,6,7,15,5,3,0,0
Y251121995298,7,8,4,5,6,1,2,0,0
Y251122006147,15,16,4,4,10,5,6,0,0
Y251122011084,44,14,5,7,13,31,1,0,0
Y251122029973,6,5,2,0,5,1,0,0,0
Y251122032879,10,6,2,3,6,4,0,0,0
Y251122041308,2,1,0,0,1,1,0,0,0
Y251122093067,6,5,3,0,4,2,1,0,0
Y251122142963,4,7,1,0,4,0,3,0,0
Y251122145059,1,5,1,2,1,0,4,0,0
Y251122154127,27,20,6,6,18,9,2,0,0
Y251122163630,24,31,8,4,20,4,11,0,0
Y251122164378,18,20,4,0,17,1,3,0,0
Y251122193163,6,6,2,1,5,1,1,0,0
Y251122194457,12,16,5,5,9,3,7,0,1
Y251122201668,10,12,5,5,10,0,2,0,0
Y251122235784,14,11,8,7,11,3,0,0,0
Y251122254194,37,29,4,2,29,8,0,2,2
Y251122319364,19,10,5,0,8,11,2,0,0
Y251122358943,9,13,4,5,7,2,6,0,0
Y251122370659,33,33,3,4,32,1,1,2,2
Y251122383321,18,10,4,0,8,10,2,0,0
Y251122407866,58,43,4,4,42,16,1,1,1
Y251122420522,15,10,4,6,10,5,0,0,0
Y251122425134,65,55,6,8,54,11,1,1,1
Y251122433485,24,11,4,5,11,13,0,1,1
Y251122462961,10,12,3,0,10,0,2,0,0
Y251122521824,13,7,5,4,7,6,0,0,0
Y251122537340,7,5,5,4,4,3,1,0,0
Y251122539810,11,9,4,2,8,3,1,0,0
Y251122556246,26,15,4,5,11,15,4,0,0
Y251122584252,9,8,2,3,5,4,3,0,0
Y251122637304,13,6,4,2,5,8,1,0,0
Y251122672114,6,7,0,0,6,0,1,0,0
Y251122707242,14,11,6,2,7,7,4,0,0
Y251122709929,21,15,7,9,15,6,0,0,0
Y251122744439,5,5,4,2,2,3,3,0,0
Y251122770714,14,12,5,5,9,5,3,0,1
Y251122864711,19,13,7,5,10,9,3,0,0
Y251122872611,10,7,4,3,6,4,1,0,0
Y251122872832,9,7,4,2,5,4,2,0,0
Y251122950768,14,10,5,6,10,4,0,0,0
Y251122970632,30,22,6,4,16,14,6,0,0
Y251123003588,28,24,3,3,23,5,1,0,0
Y251123064538,20,16,5,4,15,5,1,0,0
Y251123083485,20,27,8,6,18,2,9,0,0
Y251123226219,11,7,3,2,5,6,2,0,0
Y251123286401,24,20,10,1,16,8,4,0,0
Y251123305812,8,9,2,2,8,0,1,0,0
Y251123315762,17,13,4,5,11,6,2,0,0
Y251123351963,2,2,0,0,2,0,0,0,0
Y251123356053,13,4,6,3,4,9,0,0,0
Y251123356198,2,1,1,0,1,1,0,0,0
Y251123357231,10,14,3,1,7,3,7,0,0
Y251123388474,15,18,6,0,11,4,7,0,0
Y251123459855,40,33,4,3,33,7,0,2,2
Y251123490645,16,7,6,4,7,9,0,0,0
Y251123533245,6,8,2,0,3,3,5,0,0
Y251123566574,9,7,6,5,7,2,0,0,0
Y251123572637,25,16,5,6,15,10,1,0,0
Y251123653695,25,20,7,1,17,8,3,1,1
Y251123657865,15,12,4,5,11,4,1,0,0
Y251123704932,9,7,3,3,7,2,0,0,0
Y251123794212,24,18,9,9,18,6,0,0,0
Y251123813811,1,1,0,0,1,0,0,0,0
Y251123823614,16,9,6,0,8,8,1,0,0
Y251123827171,1,10,1,3,1,0,9,0,0
Y251123909498,10,13,5,4,8,2,5,0,0
Y251123926986,12,10,4,3,9,3,1,0,0
Y251123974931,1,20,1,3,1,0,19,0,0
Y251124057138,13,7,5,3,6,7,1,0,0
Y251124073009,9,6,4,3,6,3,0,0,0
Y251124150356,1,1,0,0,1,0,0,0,0
Y251124163868,12,14,3,2,8,4,6,1,1
Y251124190773,17,9,5,0,5,12,4,0,0
Y251124194835,12,11,4,3,9,3,2,0,0
Y251124198285,43,29,5,7,29,14,0,1,1
Y251124212975,13,9,5,5,8,5,1,0,0
Y251124230645,3,3,1,0,2,1,1,0,0
Y251124234049,21,16,7,5,11,10,5,0,0
Y251124400365,12,13,3,3,9,3,4,0,0
Y251124427930,28,25,2,2,25,3,0,1,1
Y251124433042,10,7,4,4,7,3,0,2,1
Y251124481813,25,21,2,2,21,4,0,0,0
Y251124490566,8,13,1,2,6,2,7,0,0
Y251124583657,16,18,6,2,12,4,6,0,0
Y251124642652,1,3,1,2,1,0,2,0,0
Y251124648791,11,10,2,0,6,5,4,0,0
Y251124723096,1,6,1,5,1,0,5,1,6
Y251124727537,8,4,1,1,4,4,0,0,0
Y251124782461,11,12,4,4,11,0,1,1,1
Y251124806174,10,9,6,5,8,2,1,0,0
Y251124808816,11,7,5,4,7,4,0,0,0
Y251124858366,26,25,7,3,18,8,7,0,0
Y251124907898,11,7,3,3,6,5,1,0,0
Y251124931884,9,11,3,3,7,2,4,0,0
Y251124938028,19,14,6,7,12,7,2,0,0
Y251125027644,18,18,5,5,14,4,4,0,0
Y251125036849,10,9,1,2,6,4,3,0,0
Y251125065831,11,12,4,4,7,4,5,0,0
Y251125087245,16,15,4,3,12,4,3,0,0
Y251125095741,13,11,3,4,8,5,3,0,0
Y251125097965,10,10,4,4,10,0,0,0,0
Y251125116251,12,10,3,2,8,4,2,0,0
Y251125137923,9,7,3,1,7,2,0,0,0
Y251125142499,4,6,3,4,4,0,2,0,0
Y251125161543,10,7,4,4,7,3,0,0,0
Y251125224840,1,4,1,2,1,0,3,0,0
Y251125284765,16,11,4,3,9,7,2,0,0
Y251125285936,13,8,3,3,8,5,0,0,0
Y251125295381,38,28,3,6,28,10,0,2,2
Y251125300614,13,11,6,4,9,4,2,0,0
Y251125342860,10,9,5,0,5,5,4,0,0
Y251125360987,13,11,4,5,11,2,0,0,0
Y251125390694,21,12,4,5,12,9,0,0,0
Y251125492920,12,7,2,1,6,6,1,0,1
Y251125507312,4,3,3,3,3,1,0,0,0
Y251125508152,14,8,1,4,7,7,1,0,0
Y251125529432,12,14,1,2,7,5,7,0,0
Y251125547542,20,23,8,1,13,7,10,0,0
Y251125549052,14,13,4,3,9,5,4,0,0
Y251125553546,13,10,3,0,8,5,2,0,0
Y251125610822,6,2,2,1,2,4,0,0,0
Y251125618251,15,15,5,3,11,4,4,0,0
Y251125619855,50,27,4,4,26,24,1,0,0
Y251125621482,21,13,3,5,9,12,4,0,0
Y251125727653,3,5,1,0,3,0,2,0,0
Y251125762415,13,10,7,5,9,4,1,0,0
Y251125825498,6,4,5,3,4,2,0,0,0
Y251125826573,10,11,2,2,6,4,5,0,0
Y251125841212,3,3,0,0,3,0,0,0,0
Y251125872323,18,8,2,2,8,10,0,1,1
Y251125896241,17,17,5,5,17,0,0,0,0
Y251125935816,11,9,4,5,8,3,1,0,0
Y251125969182,37,25,4,4,25,12,0,2,2
Y251126038641,13,14,2,2,13,0,1,0,0
Y251126067424,15,14,3,2,11,4,3,0,0
Y251126080760,9,11,2,2,5,4,6,0,0
Y251126097752,14,9,7,5,8,6,1,0,0
Y251126122378,8,13,5,0,6,2,7,1,1
Y251126153073,19,15,7,6,12,7,3,0,0
Y251126191042,17,18,6,5,12,5,6,0,0
Y251126237841,21,8,13,4,7,14,1,0,0
Y251126268604,2,3,0,0,2,0,1,0,0
Y251126298227,6,3,2,1,3,3,0,0,0
Y251126312051,14,12,5,5,12,2,0,0,0
Y251126349287,16,9,3,3,9,7,0,0,0
Y251126397691,21,13,6,3,10,11,3,0,0
Y251126421683,18,9,11,6,9,9,0,0,0
Y251126515985,27,11,8,4,9,18,2,1,1
Y251126530584,8,8,3,0,5,3,3,0,0
Y251126603840,1,14,1,4,1,0,13,1,14
Y251126651541,22,29,10,4,19,3,10,0,0
Y251126691109,15,18,6,5,11,4,7,0,0
Y251126693223,16,20,3,0,14,2,6,0,0
Y251126699195,41,10,7,3,7,34,3,0,0
Y251126724540,14,10,8,7,10,4,0,0,0
Y251126754860,10,5,2,2,5,5,0,0,0
Y251126780611,12,13,3,0,9,3,4,0,0
Y251126850081,0,0,0,0,0,0,0,0,0
Y251126889289,8,8,4,3,6,2,2,0,0
Y251126900240,24,16,8,4,14,10,2,0,0
Y251127008668,15,9,8,6,9,6,0,0,0
Y251127087057,11,14,6,7,10,1,4,0,0
Y251127116822,13,8,4,4,7,6,1,0,0
Y251127203652,12,11,2,0,7,5,4,1,1
Y251127326699,39,30,2,4,29,10,1,1,1
Y251127527456,18,18,6,7,14,4,4,0,0
Y251127575912,42,36,1,3,36,6,0,2,2
Y251127681910,24,12,7,6,12,12,0,0,0
Y251127796968,3,3,1,1,3,0,0,1,1
Y251127821459,1,7,1,2,1,0,6,1,7
Y251127842170,18,14,4,0,12,6,2,0,0
Y251127852057,11,9,3,4,9,2,0,0,0
Y251127858414,12,10,3,1,7,5,3,0,0
Y251127883831,15,13,4,4,11,4,2,0,0
Y251127916806,8,11,3,1,6,2,5,0,0
Y251127928754,8,9,1,1,7,1,2,0,0
Y251127964654,16,18,4,0,14,2,4,0,0
Y251127988416,12,5,3,2,5,7,0,0,0
Y251128091138,9,8,3,1,6,3,2,0,0
Y251128093000,3,4,0,0,3,0,1,0,0
Y251128175780,11,9,4,4,9,2,0,0,0
Y251128178979,15,10,5,5,10,5,0,0,0
Y251128199879,8,2,0,1,2,6,0,0,0
Y251128268506,14,12,2,2,10,4,2,0,0
Y251128279996,10,7,1,2,6,4,1,0,0
Y251128307966,21,21,0,0,20,1,1,1,1
Y251128312140,1,4,1,2,1,0,3,0,0
Y251128315686,8,5,3,1,5,3,0,0,0
Y251128345575,6,8,1,0,5,1,3,0,0
Y251128348953,1,5,1,2,1,0,4,0,0
Y251128391653,10,9,2,1,7,3,2,0,0
Y251128395791,1,3,1,2,1,0,2,0,0
Y251128515213,12,13,3,3,12,0,1,1,1
Y251128594188,15,7,4,4,6,9,1,0,0
Y251128652564,24,22,2,2,22,2,0,1,1
Y251128697421,7,6,1,2,6,1,0,0,0
Y251128712605,6,7,1,1,5,1,2,0,0
Y251128724495,37,27,0,2,27,10,0,0,0
Y251128749022,6,7,1,0,6,0,1,0,0
Y251128750070,10,7,3,2,6,4,1,0,0
Y251128774978,12,8,2,3,7,5,1,0,0
Y251128820496,11,7,2,2,7,4,0,0,0
Y251128832912,10,6,2,3,5,5,1,0,0
Y251128908463,13,13,4,3,9,4,4,0,0
Y251128915719,10,7,2,2,7,3,0,0,0
Y251128946123,11,11,3,3,8,3,3,0,0
Y251129053353,5,6,0,0,3,2,3,0,0
Y251129060738,5,4,2,2,4,1,0,0,0
Y251129072984,13,7,3,3,7,6,0,0,0
Y251129169142,1,6,1,3,1,0,5,0,0
Y251129172103,3,3,0,0,3,0,0,0,0
Y251129198406,9,5,1,2,4,5,1,0,0
Y251129206519,31,23,3,4,23,8,0,2,2
Y251129222936,3,8,2,3,3,0,5,1,3
Y251129230586,7,6,1,2,4,3,2,0,0
Y251129288033,5,6,3,3,5,0,1,1,1
Y251129310206,10,10,1,2,8,2,2,0,0
Y251129346178,7,9,2,1,7,0,2,1,2
Y251129357583,5,4,1,1,4,1,0,0,0
Y251129429514,5,5,2,2,5,0,0,0,0
Y251129451912,10,6,3,4,6,4,0,1,1
Y251129509525,10,11,1,0,8,2,3,0,0
Y251129553381,9,8,1,1,5,4,3,0,0
Y251129628727,0,1,0,0,0,0,1,0,0
Y251129686071,18,10,0,2,10,8,0,0,0
Y251129695292,6,3,2,1,3,3,0,0,0
Y251129766600,4,8,1,1,3,1,5,1,2
Y251129795998,14,8,1,1,8,6,0,0,0
Y251129800938,6,6,2,1,6,0,0,0,0
Y251129817106,1,1,1,1,1,0,0,0,0
Y251129840583,31,22,3,3,22,9,0,0,0
Y251129887855,4,5,1,0,4,0,1,1,1
Y251129918779,12,8,1,2,7,5,1,0,0
Y251129955361,1,4,1,2,1,0,3,0,0
Y251129974331,6,7,1,1,5,1,2,0,0
Y251129988845,4,5,1,0,4,0,1,0,0
Y251130008117,16,11,4,0,9,7,2,0,0
Y251130028035,9,7,1,1,7,2,0,0,0
Y251130029465,1,5,1,3,1,0,4,0,0
Y251130049185,10,9,2,2,8,2,1,0,0
Y251130051900,3,6,0,0,3,0,3,0,0
Y251130062642,3,3,1,1,3,0,0,0,0
Y251130082962,5,5,2,2,4,1,1,1,0
Y251130097135,10,12,6,2,8,2,4,1,1
Y251130105198,9,10,2,3,8,1,2,0,0
Y251130113710,7,6,3,2,6,1,0,0,0
Y251130137081,9,7,1,0,5,4,2,1,0
Y251130137094,42,33,3,2,33,9,0,2,2
Y251130163981,6,6,1,2,4,2,2,0,0
Y251130169511,11,12,2,0,9,2,3,0,0
Y251130251223,7,7,5,5,7,0,0,0,0
Y251130263901,15,13,5,4,9,6,4,0,0
Y251130281791,6,7,1,0,6,0,1,0,0
Y251130293380,13,6,1,2,5,8,1,0,0
Y251130339983,13,11,4,3,7,6,4,0,0
Y251130351881,34,28,1,2,28,6,0,3,3
Y251130377491,4,6,0,0,3,1,3,0,0
Y251130450099,8,8,2,2,7,1,1,0,0
Y251130578323,8,7,3,3,7,1,0,0,0
Y251130581312,12,6,4,3,6,6,0,0,0
Y251130635452,8,12,4,1,7,1,5,0,0
Y251130673213,17,8,2,3,6,11,2,0,0
Y251130706402,8,6,1,1,5,3,1,0,0
Y251130727407,10,6,3,3,6,4,0,0,0
Y251130734491,15,12,3,1,10,5,2,0,0
Y251130769948,16,9,0,0,7,9,2,0,0
Y251130842138,12,9,5,3,9,3,0,0,0
Y251130924190,1,9,1,5,1,0,8,0,0
Y251130945173,8,8,3,1,7,1,1,2,2
Y251130987368,17,11,3,1,11,6,0,0,0
Y251201031890,9,6,0,0,6,3,0,0,0
Y251201043673,1,12,1,2,1,0,11,0,0
Y251201071490,15,11,2,2,10,5,1,1,1
Y251201122498,0,1,0,0,0,0,1,0,0
Y251201124567,24,20,0,0,20,4,0,2,2
Y251201129463,17,7,6,4,7,10,0,0,0
Y251201140896,16,9,3,3,8,8,1,0,0
Y251201141263,7,6,2,2,4,3,2,0,0
Y251201155138,9,11,2,2,5,4,6,0,0
Y251201174360,3,4,1,1,3,0,1,0,0
Y251201220695,57,43,6,4,43,14,0,1,1
Y251201252987,17,15,2,3,14,3,1,0,0
Y251201281678,12,10,2,3,9,3,1,1,1
Y251201299444,8,6,0,0,4,4,2,0,0
Y251201330461,12,8,1,0,8,4,0,0,0
Y251201343306,27,24,0,0,24,3,0,2,2
Y251201437422,9,13,2,0,8,1,5,0,0
Y251201438424,11,10,2,1,7,4,3,0,0
Y251201440840,6,5,0,0,4,2,1,0,0
Y251201495468,13,10,2,1,9,4,1,0,0
Y251201535435,17,12,2,2,11,6,1,1,1
Y251201578080,10,12,0,0,9,1,3,0,0
Y251201635829,9,5,1,1,4,5,1,0,0
Y251201638339,5,7,2,1,5,0,2,0,0
Y251201674511,12,14,3,4,11,1,3,0,0
Y251201692199,4,4,3,3,4,0,0,1,1
Y251201712113,6,8,0,0,5,1,3,0,0
Y251201764488,9,7,1,1,7,2,0,0,0
Y251201817646,6,10,1,0,5,1,5,0,0
Y251201818724,7,10,2,2,6,1,4,0,0
Y251201852418,9,6,0,0,5,4,1,0,0
Y251201874513,10,10,4,3,8,2,2,0,0
Y251201876361,11,10,3,2,6,5,4,0,0
Y251201967530,8,7,1,0,7,1,0,0,0
Y251201979088,32,25,2,3,25,7,0,1,1
Y251202058913,15,12,5,4,9,6,3,0,0
Y251202162768,3,5,0,0,3,0,2,0,0
Y251202172241,14,9,1,3,8,6,1,0,0
Y251202226214,1,3,0,0,1,0,2,0,0
Y251202280782,14,11,2,2,9,5,2,0,0
Y251202309450,6,5,1,1,5,1,0,0,0
Y251202318000,15,18,4,4,11,4,7,0,0
Y251202391892,7,5,0,0,4,3,1,0,0
Y251202398276,15,11,0,0,10,5,1,0,0
Y251202421242,1,5,1,3,1,0,4,0,0
Y251202456685,12,13,1,1,10,2,3,0,0
Y251202458943,5,2,1,0,2,3,0,0,0
Y251202492723,11,11,3,3,6,5,5,0,0
Y251202529738,8,8,1,1,7,1,1,0,0
Y251202583015,15,12,1,2,9,6,3,0,0
Y251202612761,8,6,2,2,6,2,0,1,1
Y251202630078,26,25,2,3,24,2,1,2,3
Y251202664852,10,10,2,2,8,2,2,0,0
Y251202666745,12,19,2,0,11,1,8,0,0
Y251202682476,14,16,2,3,12,2,4,0,0
Y251202702648,15,14,2,1,11,4,3,0,0
Y251202730427,8,7,3,2,7,1,0,0,0
Y251202746909,15,19,6,0,12,3,7,0,0
Y251202755786,6,5,1,0,5,1,0,0,0
Y251202800557,13,14,3,2,9,4,5,0,0
Y251202802966,10,8,1,2,8,2,0,0,0
Y251202805861,8,10,3,1,8,0,2,0,0
Y251202887697,10,8,1,0,6,4,2,0,0
Y251202900794,2,6,2,1,2,0,4,0,0
Y251202901264,13,7,4,4,6,7,1,0,0
Y251202924537,13,12,1,1,12,1,0,0,0
Y251202925472,5,8,2,0,5,0,3,0,0
Y251203007528,14,17,3,3,14,0,3,0,0
Y251203041628,4,4,1,0,3,1,1,0,0
Y251203148202,17,13,4,3,13,4,0,1,1
Y251203207442,12,12,1,0,8,4,4,0,0
Y251203213938,13,7,1,1,6,7,1,0,0
Y251203220096,11,12,3,1,7,4,5,0,0
Y251203235209,13,10,4,3,9,4,1,0,0
Y251203247135,8,7,2,4,7,1,0,0,0
Y251203271805,10,10,1,2,7,3,3,0,0
Y251203275998,34,27,2,3,27,7,0,1,1
Y251203298789,1,5,1,2,1,0,4,0,0
Y251203348631,12,11,1,1,10,2,1,0,0
Y251203377665,11,10,1,0,8,3,2,0,0
Y251203378866,11,6,1,2,6,5,0,0,0
Y251203384361,6,5,2,2,5,1,0,0,0
Y251203421011,12,7,1,3,5,7,2,0,0
Y251203467147,10,4,4,1,3,7,1,0,0
Y251203507579,12,10,4,4,7,5,3,0,0
Y251203550664,6,4,1,0,2,4,2,0,0
Y251203604062,6,9,1,0,6,0,3,0,0
Y251203617273,2,3,0,0,1,1,2,2,3
Y251203688901,10,6,1,1,5,5,1,0,0
Y251203697856,8,14,2,0,8,0,6,0,0
Y251203716504,12,10,1,2,8,4,2,0,0
Y251203740856,5,6,0,0,4,1,2,0,0
Y251203754523,7,6,1,2,6,1,0,0,0
Y251203762480,5,5,1,2,3,2,2,0,0
Y251203763613,4,3,1,1,2,2,1,0,0
Y251203827650,6,7,1,1,4,2,3,0,0
Y251203841140,11,7,0,0,4,7,3,0,0
Y251203852499,2,2,0,0,2,0,0,0,0
Y251203858239,11,7,3,3,5,6,2,4,2
Y251203910933,8,9,2,2,8,0,1,0,0
Y251203940607,6,6,2,2,6,0,0,0,0
Y251203957300,33,30,1,2,30,3,0,4,4
Y251204043172,1,7,1,2,1,0,6,0,0
Y251204074117,6,5,1,2,4,2,1,0,0
Y251204116369,31,26,0,1,25,6,1,1,1
Y251204216033,5,6,1,1,5,0,1,0,0
Y251204271222,4,4,1,0,4,0,0,0,0
Y251204289974,27,22,0,1,22,5,0,1,1
Y251204314540,8,7,1,1,7,1,0,0,0
Y251204388439,3,3,1,2,3,0,0,0,0
Y251204390737,2,6,1,0,2,0,4,0,0
Y251204442861,5,7,2,3,5,0,2,0,0
Y251204491323,8,4,0,1,4,4,0,0,0
Y251204513321,5,5,0,0,3,2,2,0,0
Y251204515059,7,8,1,0,5,2,3,0,0
Y251204524827,31,25,1,2,25,6,0,1,1
Y251204561931,11,8,0,1,6,5,2,0,0
Y251204593702,7,5,0,1,4,3,1,0,0
Y251204613016,9,10,5,5,9,0,1,0,0
Y251204617328,7,6,3,3,6,1,0,0,0
Y251204620487,9,8,0,0,6,3,2,0,0
Y251204637731,2,2,0,0,2,0,0,0,0
Y251204777401,4,5,1,1,4,0,1,0,0
Y251204871257,12,11,2,0,9,3,2,2,3
Y251204871280,7,8,0,1,5,2,3,0,0
Y251204901433,7,6,0,0,6,1,0,0,0
Y251204917146,6,6,3,2,4,2,2,0,0
Y251204938028,14,14,3,2,11,3,3,1,1
Y251204950384,5,5,0,0,3,2,2,0,0
Y251204984845,11,10,1,1,8,3,2,0,0
Y251204985208,8,5,0,1,5,3,0,0,0
Y251205048844,15,11,3,1,8,7,3,0,0
Y251205061998,39,29,2,4,29,10,0,1,1
Y251205072090,43,36,2,4,36,7,0,1,1
Y251205074818,12,13,3,0,10,2,3,0,0
Y251205140999,8,6,2,2,6,2,0,0,0
Y251205204112,13,15,1,2,8,5,7,1,0
Y251205209529,5,4,0,1,4,1,0,0,0
Y251205225365,15,10,4,3,9,6,1,0,0
Y251205236879,10,6,1,0,4,6,2,0,0
Y251205262270,8,9,1,0,6,2,3,0,0
Y251205267057,12,12,4,3,7,5,5,0,0
Y251205267754,9,8,3,0,4,5,4,0,0
Y251205335916,7,6,3,2,5,2,1,0,0
Y251205349484,15,13,2,4,9,6,4,1,1
Y251205384275,9,9,3,3,9,0,0,1,1
Y251205417208,15,14,5,2,8,7,6,0,0
Y251205446455,0,0,0,0,0,0,0,0,0
Y251205519768,18,13,3,2,11,7,2,0,0
Y251205531743,10,8,4,3,7,3,1,0,0
Y251205543067,5,5,1,1,4,1,1,1,1
Y251205549635,7,8,0,0,6,1,2,0,0
Y251205559223,1,4,1,3,1,0,3,0,0
Y251205575147,12,9,6,6,9,3,0,0,0
Y251205602032,15,7,4,3,6,9,1,0,0
Y251205609313,7,5,0,2,3,4,2,0,1
Y251205611006,49,37,4,5,37,12,0,2,2
Y251205622276,12,10,2,3,9,3,1,1,1
Y251205681232,1,4,1,1,1,0,3,0,0
Y251205738887,14,9,6,4,9,5,0,0,0
Y251205753884,16,21,3,2,12,4,9,0,0
Y251205773857,17,9,5,4,7,10,2,0,0
Y251205802998,1,1,1,1,1,0,0,0,0
Y251205806109,7,8,1,1,6,1,2,2,2
Y251205948555,17,14,6,6,14,3,0,0,0
Y251205950133,6,4,1,0,3,3,1,0,0
Y251205971278,15,12,6,5,11,4,1,0,0
Y251205994297,29,25,0,1,25,4,0,2,2
Y251206006606,5,8,1,1,4,1,4,0,1
Y251206024632,11,10,2,0,5,6,5,0,0
Y251206029889,1,1,1,1,1,0,0,0,0
Y251206039367,1,5,1,2,1,0,4,0,0
Y251206043083,10,6,2,1,5,5,1,0,0
Y251206060980,7,4,1,2,3,4,1,0,0
Y251206104272,13,15,4,4,13,0,2,0,0
Y251206106909,17,18,3,1,12,5,6,0,0
Y251206114689,12,7,3,2,6,6,1,0,0
Y251206167866,17,13,4,1,9,8,4,0,0
Y251206179828,8,8,4,1,7,1,1,0,0
Y251206216639,11,6,0,0,6,5,0,0,0
Y251206239394,8,10,3,0,7,1,3,0,0
Y251206261230,12,8,1,2,6,6,2,1,1
Y251206301239,17,10,3,5,10,7,0,0,0
Y251206354687,6,4,1,0,4,2,0,0,0
Y251206449151,14,4,3,1,4,10,0,0,0
Y251206491047,12,12,3,2,10,2,2,0,0
Y251206492596,8,6,0,1,5,3,1,0,0
Y251206505097,36,27,2,2,27,9,0,1,1
Y251206582818,32,28,0,1,28,4,0,1,1
Y251206583957,15,11,2,2,9,6,2,0,0
Y251206594710,13,15,4,7,10,3,5,0,0
Y251206623162,15,9,1,1,8,7,1,0,0
Y251206629292,9,6,5,0,5,4,1,1,1
Y251206653118,10,10,5,3,8,2,2,1,1
Y251206696573,7,4,3,0,3,4,1,0,0
Y251206700763,11,8,3,3,7,4,1,0,0
Y251206707736,9,9,2,2,9,0,0,0,0
Y251206722746,3,4,1,1,3,0,1,0,0
Y251206728558,4,9,3,3,4,0,5,0,0
Y251206734656,34,38,3,4,31,3,7,2,2
Y251206890132,11,13,4,3,8,3,5,0,0
Y251206890663,6,6,2,2,5,1,1,0,0
Y251206895464,11,5,2,4,5,6,0,0,0
Y251206922615,10,6,3,0,4,6,2,0,0
Y251206924266,5,6,1,2,5,0,1,0,0
Y251206946976,3,3,0,0,3,0,0,1,1
Y251206953229,18,9,5,2,7,11,2,0,0
Y251207028018,1,3,1,1,1,0,2,0,0
Y251207075270,11,9,1,1,7,4,2,0,0
Y251207100549,1,1,0,0,1,0,0,0,0
Y251207188461,5,6,0,0,4,1,2,0,0
Y251207251355,8,7,1,2,5,3,2,0,0
Y251207273542,11,7,1,2,6,5,1,0,0
Y251207357776,6,6,1,0,4,2,2,0,0
Y251207366899,15,11,3,3,9,6,2,0,0
Y251207379113,9,9,4,4,9,0,0,1,1
Y251207379208,7,6,2,2,6,1,0,2,2
Y251207403793,5,6,0,0,4,1,2,0,0
Y251207440109,6,3,3,1,3,3,0,1,1
Y251207473650,11,10,0,1,9,2,1,0,0
Y251207487297,6,4,2,1,4,2,0,0,0
Y251207504173,16,13,3,0,8,8,5,0,0
Y251207522797,34,30,1,1,30,4,0,1,1
Y251207565009,8,8,2,0,6,2,2,0,0
Y251207567682,5,9,1,0,5,0,4,1,2
Y251207622117,8,5,3,2,5,3,0,0,0
Y251207629393,4,4,1,1,3,1,1,0,0
Y251207636877,1,7,1,3,1,0,6,0,0
Y251207647431,3,9,2,1,2,1,7,0,0
Y251207695833,5,5,1,0,3,2,2,0,0
Y251207729939,12,7,2,2,6,6,1,0,0
Y251207734089,11,8,1,0,3,8,5,0,0
Y251207739348,9,8,3,3,8,1,0,1,1
Y251207748088,8,11,4,4,8,0,3,0,0
Y251207817963,10,8,3,1,6,4,2,0,0
Y251207818114,13,8,2,4,6,7,2,0,1
Y251207851223,8,8,1,1,6,2,2,1,1
Y251207881414,10,10,3,4,9,1,1,0,0
Y251207947734,42,38,0,0,38,4,0,1,1
Y251207986016,11,7,0,1,7,4,0,0,0
Y251208025643,30,27,1,1,27,3,0,2,2
Y251208045738,7,4,2,0,4,3,0,0,0
Y251208168154,6,8,0,1,4,2,4,0,0
Y251208178749,1,1,0,0,1,0,0,0,0
Y251208240433,3,7,1,0,3,0,4,0,0
Y251208242540,3,3,0,0,3,0,0,0,0
Y251208304381,11,5,1,2,5,6,0,0,0
Y251208335895,6,6,2,1,6,0,0,0,0
Y251208389251,5,5,0,0,4,1,1,0,0
Y251208419072,4,2,1,0,1,3,1,0,0
Y251208449161,9,9,3,3,8,1,1,0,0
Y251208522133,7,6,1,1,6,1,0,0,0
Y251208548103,8,10,2,1,6,2,4,0,0
Y251208589537,7,6,0,0,5,2,1,0,0
Y251208613118,26,23,1,1,23,3,0,1,1
Y251208633539,7,6,1,0,6,1,0,0,0
Y251208648517,2,2,0,0,2,0,0,0,0
Y251208666582,1,4,1,2,1,0,3,0,0
Y251208928638,6,5,1,1,2,4,3,0,0
Y251208948647,7,7,1,1,7,0,0,0,0
Y251208963340,10,6,1,0,6,4,0,0,0
Y251209132281,10,11,2,2,7,3,4,0,0
Y251209268326,10,14,1,0,10,0,4,0,0
Y251209335602,10,8,1,1,8,2,0,0,0
Y251209418397,3,6,2,1,2,1,4,0,0
Y251209430700,6,5,0,0,5,1,0,1,1
Y251209496673,47,41,2,2,41,6,0,2,2
Y251209559808,8,7,1,1,5,3,2,0,0
Y251209588763,8,8,3,3,8,0,0,0,0
Y251209693790,16,10,3,4,10,6,0,0,0
Y251209788805,5,8,0,0,4,1,4,0,0
Y251209875065,12,10,1,0,9,3,1,0,0
Y251209875984,1,3,0,0,1,0,2,0,0
Y251209890429,1,6,1,2,1,0,5,0,0
Y251209891781,13,11,1,1,8,5,3,0,0
Y251209893559,11,10,0,1,9,2,1,0,0
Y251209954604,7,10,1,0,5,2,5,0,1
Y251210105843,5,6,0,0,4,1,2,0,0
Y251210207931,3,3,0,0,3,0,0,0,0
Y251210257390,4,3,0,0,2,2,1,0,0
Y251210281208,11,11,2,2,9,2,2,2,1
Y251210312473,4,3,0,0,3,1,0,0,0
Y251210355213,8,12,1,1,7,1,5,0,0
Y251210380001,1,5,1,3,1,0,4,1,5
Y251210561995,7,5,1,2,4,3,1,0,0
Y251210578102,39,36,0,0,36,3,0,1,1
Y251210618634,7,6,0,0,6,1,0,0,0
Y251210673119,5,6,0,0,4,1,2,0,0
Y251210715175,6,5,0,0,5,1,0,0,0
Y251210725168,8,7,0,1,6,2,1,1,1
Y251210818279,5,9,0,0,2,3,7,0,0
Y251210821285,9,7,2,4,7,2,0,2,2
Y251210878697,5,9,0,0,4,1,5,0,0
Y251211021481,8,6,0,0,5,3,1,0,0
Y251211046276,8,8,2,2,5,3,3,0,0
Y251211172704,1,4,1,1,1,0,3,1,4
Y251211230049,7,7,3,3,6,1,1,0,1
Y251211275834,6,5,4,3,5,1,0,0,0
Y251211294825,11,7,3,0,4,7,3,0,0
Y251211301004,11,7,1,2,5,6,2,0,0
Y251211311167,6,8,1,0,4,2,4,0,0
Y251211311495,7,7,0,0,5,2,2,0,0
Y251211356480,3,2,0,0,2,1,0,0,0
Y251211360726,12,14,1,2,8,4,6,1,1
Y251211363851,8,5,1,0,5,3,0,0,0
Y251211397514,1,1,1,1,1,0,0,1,1
Y251211459207,11,9,0,1,7,4,2,0,0
Y251211478692,9,9,1,1,9,0,0,0,0
Y251211511427,10,8,1,1,6,4,2,0,0
Y251211655554,11,12,3,3,10,1,2,0,0
Y251211676581,5,4,1,0,4,1,0,0,0
Y251211693612,9,6,1,1,4,5,2,0,0
Y251211707583,39,34,0,1,34,5,0,1,1
Y251211809739,8,9,1,2,6,2,3,0,0
Y251211883169,9,9,1,1,6,3,3,0,0
Y251211930198,14,20,3,2,13,1,7,0,0
Y251211942273,9,4,0,1,4,5,0,0,0
Y251211952822,6,7,1,0,4,2,3,0,0
Y251211964986,4,8,3,1,4,0,4,0,0
Y251211969276,8,6,1,2,5,3,1,0,0
Y251211987561,7,7,2,2,5,2,2,0,0
Y251212026850,8,5,2,0,4,4,1,0,0
Y251212032172,17,18,3,6,13,4,5,0,0
Y251212052143,9,8,2,0,4,5,4,0,0
Y251212058151,8,4,2,1,3,5,1,0,0
Y251212116536,5,4,1,0,2,3,2,0,0
Y251212141314,6,7,2,3,6,0,1,0,0
Y251212144732,4,2,2,0,2,2,0,0,0
Y251212163267,10,13,2,2,9,1,4,0,0
Y251212201826,7,5,0,0,4,3,1,0,0
Y251212213059,7,8,3,2,6,1,2,0,0
Y251212300911,1,1,1,1,1,0,0,0,0
Y251212309376,8,5,3,4,5,3,0,0,0
Y251212350283,7,4,1,2,3,4,1,0,0
Y251212372285,5,7,1,1,3,2,4,0,0
Y251212416473,11,11,4,4,8,3,3,0,1
Y251212423431,10,8,1,1,7,3,1,0,0
Y251212466827,1,2,1,1,1,0,1,0,0
Y251212495080,10,7,0,1,5,5,2,0,0
Y251212715966,24,20,1,3,20,4,0,1,1
Y251212752552,3,5,2,1,3,0,2,1,2
Y251212764180,14,9,3,3,7,7,2,0,0
Y251212826959,1,10,1,2,1,0,9,1,10
Y251212831040,11,9,4,2,8,3,1,1,2
Y251212836709,3,8,1,1,3,0,5,0,0
Y251212853153,2,2,1,0,1,1,1,0,0
Y251212894142,4,5,0,0,4,0,1,0,0
Y251212960881,9,5,0,1,5,4,0,0,0
Y251212973592,13,14,3,3,12,1,2,0,0
Y251212982817,2,3,0,0,2,0,1,0,0
Y251213091801,42,26,2,3,25,17,1,0,0
Y251213099544,20,14,3,6,14,6,0,0,0
Y251213212750,23,15,5,5,15,8,0,0,0
Y251213216988,16,14,5,6,13,3,1,0,0
Y251213299169,16,18,3,3,10,6,8,0,0
Y251213305164,1,8,1,4,1,0,7,0,0
Y251213496188,20,19,8,7,19,1,0,0,0
Y251213579253,25,20,6,6,16,9,4,0,1
Y251213613590,9,15,3,1,8,1,7,0,0
Y251213750536,17,15,3,1,10,7,5,0,0
Y251213787153,13,6,3,1,3,10,3,0,0
Y251213791307,19,12,5,5,10,9,2,0,0
Y251213854260,7,5,2,2,3,4,2,0,1
Y251213863755,17,13,3,5,10,7,3,0,0
Y251213878327,18,19,3,6,13,5,6,0,0
Y251213892116,23,14,4,6,12,11,2,0,0
Y251220751196,2,6,0,0,2,0,4,2,6
Y251225009084,15,10,1,2,9,6,1,0,0
Y251225020001,5,8,2,0,4,1,4,0,0
Y251225059995,20,17,4,5,16,4,1,0,0
Y251225212775,14,14,3,0,8,6,6,0,0
Y251225215578,9,6,1,2,4,5,2,0,1
Y251225235804,21,16,5,6,13,8,3,0,0
Y251225353031,11,9,2,4,8,3,1,0,0
Y251225470892,8,8,0,0,7,1,1,0,0
Y251225556650,5,4,0,0,4,1,0,0,0
Y251225567725,5,8,1,2,5,0,3,0,0
Y251225571098,11,9,2,1,8,3,1,1,1
Y251225603757,0,0,0,0,0,0,0,0,0
Y251225631449,11,9,3,4,9,2,0,0,0
Y251225681401,4,7,0,0,4,0,3,0,0
Y251225692061,1,3,1,0,1,0,2,0,0
Y251225749459,14,9,3,4,8,6,1,0,0
Y251225820055,5,6,2,2,5,0,1,0,0
Y251225823265,14,13,1,3,11,3,2,0,0
Y251225898203,2,4,2,3,2,0,2,0,0
Y251225965961,5,6,3,3,5,0,1,0,0
Y251225978996,7,3,1,2,3,4,0,0,0
Y251226017175,10,10,0,1,7,3,3,0,0
Y251226031353,11,12,0,0,9,2,3,0,0
Y251226087181,3,2,1,1,2,1,0,0,0
Y251226087747,8,8,1,2,6,2,2,0,0
Y251226105697,17,14,2,2,10,7,4,0,1
Y251226119377,5,10,2,2,4,1,6,0,0
Y251226203157,12,11,1,1,10,2,1,0,0
Y251226204214,5,4,1,1,3,2,1,0,0
Y251226216280,1,1,1,1,1,0,0,0,0
Y251226217354,9,7,0,1,6,3,1,0,0
Y251226222490,5,6,2,0,4,1,2,0,0
Y251226224145,5,6,0,0,5,0,1,0,0
Y251226240966,3,7,1,0,2,1,5,0,0
Y251226260732,2,2,1,1,2,0,0,0,0
Y251226264560,5,4,0,0,4,1,0,0,0
Y251226292723,8,7,1,1,5,3,2,0,0
Y251226338738,1,4,1,2,1,0,3,0,0
Y251226354148,1,1,0,0,1,0,0,0,0
Y251226377107,4,6,1,1,4,0,2,0,0
Y251226419183,8,7,1,2,7,1,0,0,0
Y251226474204,1,3,1,3,1,0,2,1,3
Y251226490902,31,21,2,3,18,13,3,0,0
Y251226532444,4,4,1,1,4,0,0,0,0
Y251226538925,2,4,1,0,2,0,2,0,0
Y251226587533,10,12,1,2,7,3,5,0,0
Y251226606954,8,12,2,1,7,1,5,0,0
Y251226618381,13,11,1,2,10,3,1,0,0
Y251226653141,6,6,1,0,5,1,1,0,0
Y251226678410,9,7,3,4,7,2,0,0,0
Y251226684367,12,10,1,3,9,3,1,1,1
Y251226718955,10,8,0,0,6,4,2,0,0
Y251226723997,11,6,1,2,6,5,0,0,0
Y251226767219,4,5,0,0,2,2,3,0,0
Y251226798677,7,7,2,0,5,2,2,0,0
Y251226808527,10,11,2,3,9,1,2,0,0
Y251226814111,5,2,0,1,2,3,0,0,0
Y251226844117,7,6,0,1,5,2,1,0,0
Y251226903332,4,7,0,1,3,1,4,0,0
Y251226912823,5,2,0,0,2,3,0,0,0
Y251226934616,15,15,2,1,11,4,4,0,0
Y251226947665,9,4,2,1,4,5,0,0,0
Y251226961372,5,5,1,1,5,0,0,0,0
Y251226981125,1,2,1,1,1,0,1,0,1
Y251227014378,10,3,2,3,3,7,0,0,0
Y251227016250,11,14,1,0,7,4,7,0,0
Y251227034725,12,9,1,0,7,5,2,0,0
Y251227073803,10,4,3,3,4,6,0,0,0
Y251227082965,16,16,1,2,14,2,2,0,0
Y251227098921,3,4,1,2,3,0,1,0,0
Y251227105874,8,5,0,2,4,4,1,0,0
Y251227108176,1,7,1,4,1,0,6,1,7
Y251227118290,7,5,0,0,5,2,0,0,0
Y251227159808,1,3,1,1,1,0,2,1,3
Y251227191148,5,6,3,1,4,1,2,0,0
Y251227208587,17,17,5,6,14,3,3,0,0
Y251227262768,5,7,1,0,2,3,5,0,0
Y251227272648,5,6,1,2,3,2,3,0,0
Y251227356624,10,10,1,2,7,3,3,1,1
Y251227394007,3,3,0,0,3,0,0,0,0
Y251227437212,16,10,3,5,10,6,0,0,0
Y251227448440,15,5,1,0,4,11,1,0,0
Y251227456496,8,6,0,0,4,4,2,0,0
Y251227496362,14,13,3,3,12,2,1,0,0
Y251227561694,16,10,2,1,9,7,1,0,0
Y251227596388,12,12,2,2,9,3,3,0,0
Y251227633633,7,6,0,0,5,2,1,0,0
Y251227633974,7,8,0,1,5,2,3,0,0
Y251227674590,2,2,0,0,2,0,0,0,0
Y251227686104,10,8,2,3,7,3,1,0,0
Y251227702077,11,8,3,1,7,4,1,2,0
Y251227729985,12,11,3,4,10,2,1,0,0
Y251227732243,10,6,2,2,5,5,1,0,0
Y251227747524,4,2,0,1,2,2,0,0,0
Y251227762493,8,7,3,3,6,2,1,1,1
Y251227771889,8,7,2,0,7,1,0,0,0
Y251227849311,12,10,1,2,7,5,3,0,0
Y251227888144,15,11,2,3,10,5,1,0,1
Y251227892458,8,8,1,0,5,3,3,0,0
Y251227912858,30,28,1,1,28,2,0,1,1
Y251227926743,6,6,2,2,4,2,2,1,1
Y251227963345,19,18,3,5,16,3,2,0,0
Y251227988469,15,10,1,1,6,9,4,0,0
Y251228005338,10,8,4,0,7,3,1,0,0
Y251228042346,3,4,1,0,3,0,1,0,0
Y251228086053,12,10,1,2,9,3,1,0,0
Y251228090759,23,8,2,5,8,15,0,1,1
Y251228091012,18,13,2,4,8,10,5,0,0
Y251228095834,16,16,2,3,12,4,4,0,0
Y251228115600,16,11,1,3,9,7,2,0,0
Y251228129205,17,9,1,3,9,8,0,0,0
Y251228151267,11,9,4,3,7,4,2,0,0
Y251228152114,13,11,4,2,8,5,3,0,0
Y251228157555,10,12,3,3,9,1,3,0,0
Y251228184910,5,4,0,0,4,1,0,0,0
Y251228207269,13,8,3,4,8,5,0,0,0
Y251228291737,41,32,1,2,32,9,0,0,0
Y251228294828,2,14,2,3,2,0,12,0,0
Y251228306407,11,9,2,3,7,4,2,1,1
Y251228318010,7,6,1,2,6,1,0,0,0
Y251228320074,7,7,0,1,6,1,1,0,0
Y251228341134,13,12,3,4,9,4,3,0,0
Y251228378064,13,5,4,4,5,8,0,0,0
Y251228388006,2,8,0,0,2,0,6,0,0
Y251228447118,9,8,0,0,4,5,4,0,0
Y251228462458,8,5,1,2,5,3,0,0,0
Y251228473595,1,3,1,1,1,0,2,0,0
Y251228490473,9,5,0,1,4,5,1,0,0
Y251228518886,1,4,1,0,1,0,3,0,0
Y251228545910,5,4,0,0,4,1,0,0,0
Y251228558445,9,6,0,0,4,5,2,0,0
Y251228624668,16,10,2,4,8,8,2,0,0
Y251228626748,2,1,0,0,1,1,0,0,0
Y251228647787,13,11,1,3,10,3,1,0,0
Y251228655032,2,4,0,0,2,0,2,0,0
Y251228662146,9,8,0,1,4,5,4,0,0
Y251228674422,9,7,1,3,6,3,1,0,0
Y251228689878,21,16,0,3,13,8,3,0,0
Y251228707554,17,12,3,4,11,6,1,0,0
Y251228707762,17,15,1,0,11,6,4,0,0
Y251228736907,2,2,1,1,2,0,0,0,0
Y251228761111,1,1,0,0,0,1,1,0,0
Y251228769010,7,6,2,2,5,2,1,2,1
Y251228769727,19,12,5,5,12,7,0,1,1
Y251228786037,10,6,1,0,4,6,2,0,0
Y251228790626,9,7,3,2,6,3,1,0,0
Y251228878677,4,7,2,0,4,0,3,0,0
Y251228924777,12,10,4,3,8,4,2,0,0
Y251228954684,0,1,0,0,0,0,1,0,0
Y251229010966,4,5,0,0,4,0,1,0,0
Y251229015156,1,3,0,0,1,0,2,0,0
Y251229033040,1,2,1,1,1,0,1,0,0
Y251229138113,9,6,1,1,5,4,1,0,0
Y251229145717,12,5,0,2,5,7,0,1,1
Y251229222633,5,7,1,1,5,0,2,0,0
Y251229266494,13,8,1,2,8,5,0,0,0
Y251229268722,10,10,1,1,9,1,1,0,0
Y251229287311,1,3,1,1,1,0,2,1,3
Y251229302796,9,7,0,1,4,5,3,0,0
Y251229384587,9,4,0,1,2,7,2,0,0
Y251229398674,8,5,0,1,4,4,1,0,0
Y251229401529,4,6,0,0,3,1,3,0,0
Y251229420413,3,3,0,0,3,0,0,0,0
Y251229427950,12,5,1,2,5,7,0,0,0
Y251229429935,3,5,0,0,2,1,3,3,5
Y251229496581,12,6,0,1,5,7,1,0,0
Y251229516047,10,7,0,1,5,5,2,0,0
Y251229585423,13,8,0,1,5,8,3,0,0
Y251229749458,9,9,2,3,6,3,3,0,0
Y251229750135,3,3,0,0,2,1,1,0,0
Y251229772996,12,10,1,1,8,4,2,0,0
Y251229775561,2,2,1,0,2,0,0,0,0
Y251229806280,13,9,1,1,8,5,1,0,0
Y251229836604,1,1,1,1,1,0,0,1,1
Y251229840604,4,4,1,0,3,1,1,0,0
Y251229853822,5,4,0,0,4,1,0,0,0
Y251229872056,4,2,0,0,2,2,0,0,0
Y251229875245,12,6,2,0,5,7,1,0,0
Y251229880099,13,10,2,1,8,5,2,0,0
Y251229915087,10,9,3,1,7,3,2,0,0
Y251230007086,4,6,1,0,3,1,3,0,0
Y251230009124,10,7,3,2,7,3,0,1,1
Y251230027995,12,9,2,1,8,4,1,1,1
Y251230029005,11,14,2,0,6,5,8,0,0
Y251230112324,22,12,2,2,10,12,2,0,0
Y251230118988,22,8,1,4,6,16,2,0,0
Y251230150185,3,2,1,1,2,1,0,0,0
Y251230173619,9,6,1,0,5,4,1,0,0
Y251230190327,15,3,2,2,3,12,0,0,0
Y251230224674,11,10,1,2,10,1,0,0,0
Y251230264071,14,11,4,1,9,5,2,0,0
Y251230277471,1,1,1,1,1,0,0,1,1
Y251230321829,3,4,0,0,3,0,1,0,0
Y251230364895,5,4,1,3,3,2,1,0,0
Y251230477862,7,8,2,2,6,1,2,1,1
Y251230513583,36,31,2,2,31,5,0,2,2
Y251230517863,6,6,1,1,4,2,2,0,0
Y251230520343,4,2,0,0,2,2,0,0,0
Y251230522174,11,12,4,2,8,3,4,0,0
Y251230524497,13,8,1,2,7,6,1,0,0
Y251230550456,16,11,3,2,9,7,2,0,0
Y251230551289,40,34,2,2,34,6,0,2,2
Y251230556187,16,11,4,4,10,6,1,1,1
Y251230577211,7,5,0,0,4,3,1,0,0
Y251230585975,13,11,2,2,10,3,1,0,0
Y251230588367,5,3,0,1,3,2,0,0,0
Y251230596602,9,5,1,2,5,4,0,0,0
Y251230602643,1,0,0,0,0,1,0,0,0
Y251230603450,14,5,0,1,5,9,0,0,0
Y251230699667,15,10,3,5,8,7,2,0,0
Y251230745999,8,6,0,0,5,3,1,0,0
Y251230753522,18,10,1,3,7,11,3,0,0
Y251230774510,1,1,1,1,1,0,0,0,0
Y251230775472,10,10,1,2,7,3,3,0,0
Y251230787013,1,5,1,2,1,0,4,1,5
Y251230793824,15,10,2,4,9,6,1,0,0
Y251230811903,10,5,5,3,4,6,1,0,0
Y251230928309,5,6,1,0,5,0,1,0,0
Y251230935418,3,2,0,0,2,1,0,0,0
Y251230952593,12,8,1,3,6,6,2,0,0
Y251230963540,12,9,2,3,7,5,2,0,0
Y251230966004,15,9,1,1,6,9,3,0,0
Y251230972914,15,15,6,7,13,2,2,0,0
Y251231576435,5,8,2,1,4,1,4,0,0
Y251231582336,14,9,2,5,8,6,1,0,0
Y260106198829,4,9,0,0,4,0,5,4,9
Y260107817102,30,18,3,4,18,12,0,0,0
Y260108012521,15,14,3,2,10,5,4,0,0
Y260108028656,19,13,6,4,13,6,0,1,1
Y260108040498,7,5,2,1,4,3,1,0,0
Y260108055326,29,13,6,5,12,17,1,0,0
Y260108066594,19,13,6,4,11,8,2,0,0
Y260108075727,17,16,4,3,9,8,7,0,0
Y260108086357,15,12,1,2,9,6,3,0,0
Y260108089013,10,9,1,0,8,2,1,0,0
Y260108109363,9,7,0,2,6,3,1,1,1
Y260108126590,6,6,1,0,4,2,2,0,0
Y260108132801,14,10,3,6,8,6,2,1,1
Y260108176363,1,2,1,2,1,0,1,1,2
Y260108179791,15,10,5,2,6,9,4,0,0
Y260108244455,14,6,2,0,4,10,2,0,0
Y260108245357,12,8,2,3,7,5,1,0,0
Y260108267691,20,14,1,3,10,10,4,0,0
Y260108283348,16,8,3,2,8,8,0,0,0
Y260108285315,6,7,1,0,4,2,3,0,0
Y260108288560,16,13,5,5,10,6,3,1,1
Y260108294338,2,4,1,0,2,0,2,0,0
Y260108321542,7,7,1,1,5,2,2,0,0
Y260108326345,14,10,6,3,8,6,2,0,0
Y260108351765,5,3,1,0,2,3,1,0,0
Y260108356842,16,10,3,5,8,8,2,1,1
Y260108363955,9,3,3,0,2,7,1,0,0
Y260108396377,34,28,1,1,28,6,0,2,2
Y260108401326,0,1,0,0,0,0,1,0,1
Y260108410146,9,17,3,0,9,0,8,0,0
Y260108457830,11,13,1,0,8,3,5,0,0
Y260108465881,20,11,2,3,7,13,4,0,0
Y260108479110,16,9,2,3,7,9,2,0,0
Y260108524109,24,8,3,4,6,18,2,0,0
Y260108527583,4,4,3,3,4,0,0,0,0
Y260108542133,18,7,5,4,6,12,1,0,0
Y260108548584,9,5,1,2,4,5,1,0,0
Y260108552680,12,11,3,3,10,2,1,0,0
Y260108556914,14,12,4,4,11,3,1,0,0
Y260108609576,14,9,5,4,7,7,2,0,0
Y260108638614,13,10,6,0,5,8,5,0,0
Y260108689245,12,10,3,2,8,4,2,0,0
Y260108699943,7,6,0,1,4,3,2,0,0
Y260108770022,36,25,0,3,25,11,0,1,1
Y260108782297,4,3,3,3,3,1,0,1,1
Y260108787273,40,33,1,3,33,7,0,3,3
Y260108790014,7,11,1,0,7,0,4,0,0
Y260108791452,15,13,3,3,12,3,1,1,1
Y260108793934,19,22,5,5,19,0,3,2,2
Y260108832521,1,5,1,1,1,0,4,1,5
Y260108836783,17,10,2,3,7,10,3,0,1
Y260108851592,11,3,1,2,3,8,0,0,0
Y260108881399,5,4,1,1,4,1,0,0,0
Y260108889398,15,11,2,3,8,7,3,0,0
Y260108894902,14,9,1,1,7,7,2,0,0
Y260108900136,15,8,1,2,6,9,2,0,1
Y260108978417,16,10,3,2,8,8,2,0,0
Y260108984662,1,3,1,1,1,0,2,1,3
Y260109035350,34,23,7,7,22,12,1,0,0
Y260109071899,15,12,4,5,11,4,1,0,0
Y260109074715,1,5,1,3,1,0,4,1,5
Y260109080416,14,17,5,6,14,0,3,0,0
Y260109083206,12,4,5,1,1,11,3,0,2
Y260109088496,17,7,5,3,7,10,0,0,0
Y260109096597,14,12,6,2,12,2,0,0,0
Y260109203582,54,46,3,3,44,10,2,3,3
Y260109237300,42,13,6,6,11,31,2,2,2
Y260109247251,13,7,1,1,6,7,1,0,0
Y260109283333,2,3,2,2,2,0,1,0,0
Y260109293216,17,9,2,1,9,8,0,0,0
Y260109335353,4,4,3,3,4,0,0,0,0
Y260109340387,8,9,3,2,5,3,4,0,0
Y260109349041,37,32,4,5,32,5,0,2,2
Y260109365408,1,2,1,2,1,0,1,1,2
Y260109365550,6,13,3,0,6,0,7,0,0
Y260109377396,10,7,1,1,6,4,1,0,0
Y260109381176,17,14,5,2,11,6,3,0,0
Y260109435495,14,11,3,3,10,4,1,0,0
Y260109437055,13,11,7,6,9,4,2,0,0
Y260109492162,8,13,4,0,7,1,6,0,0
Y260109499749,8,6,1,1,5,3,1,0,0
Y260109504253,11,8,4,0,7,4,1,0,0
Y260109582487,14,6,7,4,6,8,0,0,0
Y260109615090,15,12,5,3,9,6,3,0,0
Y260109621438,7,7,1,0,5,2,2,0,0
Y260109641576,31,7,8,2,6,25,1,0,0
Y260109652523,78,53,9,6,51,27,2,2,2
Y260109660665,14,14,5,3,10,4,4,0,0
Y260109672068,16,9,4,3,9,7,0,0,0
Y260109693344,13,10,2,4,7,6,3,0,0
Y260109695886,18,9,4,4,8,10,1,0,0
Y260109709155,5,7,3,1,5,0,2,0,0
Y260109798785,21,13,3,3,12,9,1,0,0
Y260109835919,20,17,3,6,13,7,4,0,0
Y260109840895,13,12,4,0,6,7,6,0,0
Y260109856598,12,15,4,3,10,2,5,0,0
Y260109873934,15,9,1,3,9,6,0,0,0
Y260109875584,13,10,3,4,8,5,2,0,0
Y260109881859,6,8,2,1,4,2,4,0,0
Y260109884305,11,10,5,5,10,1,0,0,0
Y260109885132,17,25,6,3,14,3,11,0,0
Y260109887077,17,7,5,0,5,12,2,0,0
Y260109892327,11,11,7,8,10,1,1,0,0
Y260109919160,18,11,8,4,11,7,0,0,0
Y260109929304,14,8,5,6,8,6,0,0,0
Y260109952309,13,11,5,6,9,4,2,0,0
Y260109955352,8,6,0,0,4,4,2,0,0
Y260109957114,9,14,2,1,9,0,5,0,0
Y260109990670,26,12,5,3,10,16,2,0,0
Y260109998666,22,15,4,3,10,12,5,1,1
Y260110038127,44,36,3,4,36,8,0,1,1
Y260110053902,17,11,3,0,10,7,1,0,0
Y260110060798,10,6,2,2,5,5,1,0,0
Y260110082844,7,9,1,0,6,1,3,0,0
Y260110092075,14,13,4,4,11,3,2,0,0
Y260110105332,14,13,4,4,12,2,1,0,0
Y260110112671,7,12,4,0,6,1,6,0,0
Y260110138463,1,4,1,1,1,0,3,1,4
Y260110139536,16,11,6,5,11,5,0,3,2
Y260110144871,17,17,3,3,17,0,0,1,1
Y260110162477,10,9,2,2,7,3,2,0,0
Y260110166355,10,6,3,3,6,4,0,0,0
Y260110184532,15,11,4,3,9,6,2,0,0
Y260110201230,5,6,1,0,4,1,2,0,0
Y260110234499,21,9,7,5,9,12,0,0,0
Y260110243155,5,5,4,4,5,0,0,0,0
Y260110266286,1,1,1,1,1,0,0,0,0
Y260110270375,21,10,2,2,7,14,3,0,0
Y260110359182,2,1,0,0,1,1,0,0,0
Y260110366751,15,8,5,0,7,8,1,0,0
Y260110394384,13,9,2,3,9,4,0,0,0
Y260110449728,15,8,2,3,8,7,0,0,0
Y260110459973,14,12,4,3,11,3,1,0,0
Y260110462812,15,9,2,3,8,7,1,0,0
Y260110467593,15,7,5,4,7,8,0,0,0
Y260110504959,17,13,2,2,12,5,1,0,0
Y260110508047,25,16,7,7,14,11,2,0,0
Y260110545635,21,10,7,6,9,12,1,0,0
Y260110631441,19,10,2,5,9,10,1,0,0
Y260110695060,18,11,1,4,11,7,0,0,0
Y260110749053,17,16,4,1,12,5,4,1,1
Y260110779554,22,9,3,5,9,13,0,0,0
Y260110782710,2,2,1,1,2,0,0,0,0
Y260110801591,16,3,5,2,3,13,0,1,1
Y260110808438,7,6,1,1,3,4,3,0,0
Y260110820784,27,21,6,6,14,13,7,0,0
Y260110836871,11,7,2,4,6,5,1,0,0
Y260110837757,2,2,0,0,2,0,0,0,0
Y260110949673,34,26,2,2,26,8,0,1,1
Y260110995238,17,13,3,3,9,8,4,0,0
Y260111014464,15,11,4,3,8,7,3,0,1
Y260111020473,17,8,3,3,7,10,1,0,0
Y260111104772,5,7,2,2,4,1,3,0,0
Y260111124529,11,7,1,1,7,4,0,0,0
Y260111140554,10,7,2,2,6,4,1,0,0
Y260111177905,1,5,1,2,1,0,4,1,5
Y260111195054,8,6,1,0,3,5,3,0,0
Y260111225203,6,6,2,3,6,0,0,0,0
Y260111245085,33,27,4,3,27,6,0,2,2
Y260111376196,2,2,2,2,2,0,0,1,1
Y260111384850,17,9,2,2,6,11,3,0,1
Y260111406318,11,7,1,2,7,4,0,0,0
Y260111436599,18,17,5,6,13,5,4,1,1
Y260111514437,2,8,2,0,2,0,6,0,0
Y260111577227,14,7,2,2,7,7,0,0,0
Y260111585652,13,11,3,3,9,4,2,0,0
Y260111599791,17,5,5,0,4,13,1,1,0
Y260111661672,42,27,3,3,27,15,0,2,2
Y260111732643,19,11,3,3,10,9,1,0,0
Y260111746868,5,2,1,1,1,4,1,0,1
Y260111811058,2,4,0,0,2,0,2,0,0
Y260111851496,11,14,4,0,9,2,5,0,0
Y260111972370,15,5,3,3,4,11,1,5,1
Y260309011945,32,12,7,5,10,22,2,0,0
Y260309070239,4,5,1,0,4,0,1,0,0
Y260309123760,9,11,4,2,8,1,3,0,0
Y260309130694,7,4,1,1,3,4,1,0,0
Y260309135983,9,7,3,3,7,2,0,1,1
Y260309161092,22,21,4,10,13,9,8,1,1
Y260309169053,34,26,6,5,26,8,0,1,1
Y260309217292,11,14,6,5,7,4,7,1,1
Y260309242458,19,12,8,6,11,8,1,0,0
Y260309249805,48,36,10,5,36,12,0,1,1
Y260309273890,36,19,6,7,19,17,0,0,0
Y260309287487,7,5,1,1,4,3,1,0,1
Y260309315531,28,23,2,3,23,5,0,1,1
Y260309324783,30,30,8,8,24,6,6,0,0
Y260309331735,11,8,2,1,8,3,0,0,0
Y260309528442,18,19,7,5,14,4,5,0,0
Y260309528662,9,5,3,0,3,6,2,0,0
Y260309596426,16,14,5,5,11,5,3,0,0
Y260309656650,23,17,6,10,14,9,3,1,1
Y260309672367,14,14,6,5,11,3,3,0,0
Y260309680767,14,15,7,4,11,3,4,0,0
Y260309691681,11,10,2,3,8,3,2,0,0
Y260309711535,16,9,6,6,9,7,0,0,0
Y260309723363,3,5,1,0,3,0,2,0,0
Y260309728343,8,5,3,3,5,3,0,0,0
Y260309754422,21,15,5,7,15,6,0,0,0
Y260309792853,21,11,5,5,9,12,2,0,0
Y260309823735,2,5,0,0,2,0,3,0,0
Y260309833576,24,18,3,3,15,9,3,2,1
Y260309837239,7,5,0,1,3,4,2,0,0
Y260309837927,6,4,1,1,2,4,2,0,0
Y260309860477,10,8,2,2,8,2,0,1,1
Y260309864587,3,3,0,0,3,0,0,0,0
Y260309872389,7,5,2,1,4,3,1,0,0
Y260309883839,22,21,6,3,16,6,5,0,0
Y260309903541,11,10,2,1,9,2,1,0,0
Y260309906603,5,5,1,1,5,0,0,0,0
Y260309939137,1,1,0,0,1,0,0,0,0
Y260309979788,2,3,0,0,2,0,1,0,0
Y260309982397,6,8,0,0,6,0,2,0,0
Y260309984253,2,4,2,3,2,0,2,0,0
Y260309992831,15,13,4,3,11,4,2,0,0
Y260310015604,9,7,1,2,6,3,1,0,0
Y260310031123,17,10,4,6,9,8,1,0,0
Y260310051934,25,12,2,4,12,13,0,0,0
Y260310071466,1,1,0,0,1,0,0,0,0
Y260310115350,4,3,2,0,2,2,1,0,0
Y260310140522,17,11,3,3,9,8,2,2,2
Y260310146851,21,10,3,3,8,13,2,0,0
Y260310147602,21,10,3,3,8,13,2,0,0
Y260310150569,15,10,3,1,7,8,3,0,0
Y260310169556,16,16,2,3,14,2,2,0,0
Y260310182408,17,13,2,3,12,5,1,0,0
Y260310193896,17,10,5,8,10,7,0,0,0
Y260310217726,8,9,3,3,7,1,2,0,0
Y260310233037,21,15,3,3,10,11,5,0,0
Y260310316145,7,7,4,4,7,0,0,1,1
Y260310330221,19,8,3,4,8,11,0,0,0
Y260310332498,5,7,3,0,3,2,4,0,0
Y260310385073,18,11,6,7,11,7,0,0,0
Y260310472885,40,28,2,4,28,12,0,2,2
Y260310484105,38,29,2,3,29,9,0,2,2
Y260310526994,15,12,3,4,11,4,1,0,0
Y260310537998,9,7,3,3,6,3,1,0,0
Y260310553152,12,6,4,3,5,7,1,1,1
Y260310558581,5,1,1,1,1,4,0,0,0
Y260310563443,11,11,2,1,9,2,2,0,0
Y260310720741,17,12,4,8,11,6,1,0,0
Y260310735172,13,8,6,5,8,5,0,0,0
Y260310777274,15,14,3,3,11,4,3,0,0
Y260310817174,14,10,3,4,9,5,1,0,0
Y260310841065,21,15,7,7,13,8,2,0,0
Y260310905780,21,7,5,3,6,15,1,0,0
Y260310950332,22,13,3,5,13,9,0,0,0
Y260310966875,4,3,0,0,3,1,0,0,0
Y260311016424,9,10,1,1,5,4,5,0,0
Y260311103752,13,7,1,2,5,8,2,0,0
Y260311116556,11,10,3,3,8,3,2,0,0
Y260311139139,8,6,0,0,5,3,1,0,0
Y260311151675,8,8,1,1,8,0,0,0,0
Y260311161673,9,9,1,1,5,4,4,0,0
Y260311175414,1,13,1,11,1,0,12,1,13
Y260311191594,8,8,0,1,7,1,1,0,0
Y260311206944,7,7,3,1,6,1,1,0,0
Y260311251459,18,14,1,2,10,8,4,0,0
Y260311256213,17,13,3,2,9,8,4,0,0
Y260311274798,3,3,0,0,3,0,0,0,0
Y260311312529,8,6,1,1,6,2,0,0,0
Y260311314849,11,9,2,4,7,4,2,0,0
Y260311366677,1,1,1,1,1,0,0,1,1
Y260311368629,10,7,2,3,6,4,1,0,0
Y260311392665,2,2,0,0,2,0,0,0,0
Y260311421277,13,11,2,3,9,4,2,1,1
Y260311434475,6,5,0,0,2,4,3,0,0
Y260311488002,26,15,5,6,15,11,0,0,0
Y260311514310,2,2,0,0,1,1,1,0,0
Y260311517088,34,28,2,3,28,6,0,2,2
Y260311524560,8,5,1,2,5,3,0,0,0
Y260311526770,11,6,3,1,6,5,0,0,0
Y260311565272,11,10,6,5,10,1,0,0,0
Y260311578259,1,1,1,1,1,0,0,0,0
Y260311595364,9,5,1,3,5,4,0,0,0
Y260311600800,5,6,1,1,4,1,2,0,0
Y260311620902,14,8,1,2,7,7,1,0,0
Y260311625244,6,7,0,0,5,1,2,0,0
Y260311659220,17,14,4,2,11,6,3,0,0
Y260311669146,9,8,2,3,7,2,1,0,0
Y260311671310,4,3,4,3,3,1,0,1,1
Y260311678949,27,21,0,1,21,6,0,2,2
Y260311691407,14,8,4,3,7,7,1,0,1
Y260311705517,10,7,2,4,6,4,1,2,1
Y260311779513,8,4,0,2,4,4,0,0,0
Y260311788620,7,10,1,2,6,1,4,0,0
Y260311798306,14,7,4,5,6,8,1,0,0
Y260311951945,9,9,2,2,8,1,1,1,1
Y260311954661,12,9,1,2,7,5,2,0,0
Y260311954984,27,23,0,1,23,4,0,2,2
Y260311958189,12,11,3,4,9,3,2,1,1
Y260311965281,6,4,0,1,3,3,1,0,0
Y260312006370,14,10,6,7,7,7,3,0,1
Y260312042494,16,18,6,6,11,5,7,0,0
Y260312073797,9,4,1,3,3,6,1,0,0
Y260312083820,17,8,4,3,8,9,0,0,0
Y260312112763,32,24,4,2,24,8,0,2,2
Y260312135060,25,16,8,9,16,9,0,0,0
Y260312163585,8,10,1,1,8,0,2,0,0
Y260312170539,15,15,2,3,10,5,5,0,1
Y260312176469,10,9,6,5,8,2,1,0,0
Y260312222295,11,8,4,0,7,4,1,0,0
Y260312223540,11,10,4,3,9,2,1,0,0
Y260312314028,31,25,1,3,25,6,0,1,1
Y260312318417,26,19,6,7,16,10,3,0,0
Y260312345964,2,3,1,2,2,0,1,0,0
Y260312395925,14,11,4,4,11,3,0,0,0
Y260312419054,16,10,4,5,9,7,1,0,0
Y260312467164,13,9,3,1,6,7,3,0,0
Y260312559927,19,12,6,8,11,8,1,0,0
Y260312562507,5,4,3,3,4,1,0,0,0
Y260312569423,3,11,1,8,3,0,8,0,0
Y260312576976,14,13,4,5,10,4,3,0,0
Y260312620489,13,9,0,1,7,6,2,0,0
Y260312641956,20,11,8,9,11,9,0,1,1
Y260312645364,1,1,1,1,1,0,0,0,0
Y260312660930,1,1,0,0,1,0,0,0,0
Y260312684592,11,8,3,4,7,4,1,0,0
Y260312738180,11,13,2,4,10,1,3,2,2
Y260312749589,5,5,1,0,4,1,1,0,0
Y260312818349,20,9,3,2,7,13,2,1,1
Y260312864738,16,8,5,2,8,8,0,0,0
Y260312891922,6,9,3,1,6,0,3,0,0
Y260312897143,1,5,1,4,1,0,4,1,5
Y260312898636,18,9,3,6,9,9,0,0,0
Y260312900714,21,8,6,1,7,14,1,0,0
Y260312949472,19,13,8,7,13,6,0,1,1
Y260312953663,3,3,2,2,3,0,0,1,1
Y260312955003,18,21,7,7,15,3,6,0,0
Y260312959181,5,6,3,3,3,2,3,0,0
Y260312963755,24,11,5,8,11,13,0,0,0
Y260312994162,8,7,2,3,6,2,1,0,0
Y260313086232,1,1,1,1,1,0,0,0,0
Y260313136110,8,7,2,2,7,1,0,0,0
Y260313147475,10,9,1,2,8,2,1,0,0
Y260313170029,12,13,2,0,10,2,3,0,0
Y260313192979,16,10,1,2,7,9,3,0,0
Y260313194120,12,11,1,1,5,7,6,0,0
Y260313209950,6,8,1,1,5,1,3,0,0
Y260313213649,13,11,2,3,8,5,3,0,0
Y260313244050,5,6,2,2,5,0,1,2,2
Y260313265268,6,5,1,1,4,2,1,0,0
Y260313280037,15,9,2,3,8,7,1,0,0
Y260313320258,33,21,4,3,21,12,0,1,1
Y260313326932,1,8,1,1,1,0,7,1,8
Y260313340207,11,6,1,1,6,5,0,0,0
Y260313348061,5,4,2,2,4,1,0,0,0
Y260313355602,9,7,1,1,6,3,1,0,0
Y260313385339,9,9,2,2,6,3,3,1,1
Y260313426628,34,5,9,1,4,30,1,0,0
Y260313430251,19,11,6,7,11,8,0,0,0
Y260313468048,38,34,3,3,34,4,0,1,1
Y260313481241,29,17,2,2,17,12,0,0,0
Y260313565821,13,15,1,2,10,3,5,0,0
Y260313567876,13,11,3,3,11,2,0,0,0
Y260313611405,1,1,1,1,1,0,0,1,1
Y260313660525,48,34,8,4,34,14,0,1,1
Y260313672648,8,9,2,4,8,0,1,0,0
Y260313684356,13,4,5,1,3,10,1,0,0
Y260313695624,10,7,1,2,5,5,2,0,0
Y260313706471,12,8,3,3,8,4,0,0,0
Y260313726601,9,4,3,1,4,5,0,0,0
Y260313736690,19,18,3,2,14,5,4,0,0
Y260313763785,14,11,3,4,11,3,0,0,0
Y260313783438,11,9,2,3,9,2,0,0,0
Y260313795512,1,1,0,0,1,0,0,0,0
Y260313802161,7,8,4,5,7,0,1,2,3
Y260313834675,13,6,5,4,6,7,0,0,0
Y260313890051,12,11,2,1,8,4,3,0,0
Y260313938569,9,7,1,2,5,4,2,0,0
Y260313971432,21,9,4,4,9,12,0,0,0
Y260313973037,15,5,2,0,3,12,2,0,0
Y260313983376,48,19,6,6,18,30,1,0,0
Y260313984315,5,5,1,2,3,2,2,0,0
Y260314014155,6,7,1,0,5,1,2,0,0
Y260314026316,17,15,4,5,12,5,3,0,0
Y260314045327,1,1,1,1,1,0,0,0,0
Y260314053324,1,11,1,9,1,0,10,0,0
Y260314086691,18,14,3,4,12,6,2,0,0
Y260314115563,9,4,2,1,3,6,1,0,0
Y260314206492,8,12,3,3,8,0,4,1,1
Y260314245568,7,5,0,0,4,3,1,0,0
Y260314260910,9,10,4,4,9,0,1,0,0
Y260314284826,17,8,4,4,8,9,0,0,0
Y260314308461,32,14,3,3,13,19,1,1,1
Y260314339444,19,10,5,5,9,10,1,0,0
Y260314360094,7,6,2,1,5,2,1,0,0
Y260314402283,2,4,0,0,1,1,3,0,0
Y260314420128,39,28,4,4,27,12,1,2,2
Y260314430789,11,6,3,3,6,5,0,0,0
Y260314468176,8,8,1,2,5,3,3,0,0
Y260314493395,14,12,2,4,11,3,1,0,0
Y260314541376,7,7,1,1,4,3,3,0,0
Y260314549223,7,8,2,1,5,2,3,0,0
Y260314569306,35,30,3,2,30,5,0,1,1
Y260314589719,9,4,1,2,3,6,1,0,0
Y260314595476,9,5,2,1,5,4,0,0,0
Y260314609559,6,7,0,0,6,0,1,0,0
Y260314653969,5,14,1,10,4,1,10,1,1
Y260314659796,1,1,0,0,1,0,0,0,0
Y260314676098,17,8,4,2,7,10,1,1,1
Y260314680046,1,1,1,1,1,0,0,1,1
Y260314693266,7,7,1,2,6,1,1,0,0
Y260314698473,8,6,1,1,5,3,1,0,0
Y260314706971,16,14,5,1,11,5,3,1,1
Y260314739828,6,6,2,2,6,0,0,1,1
Y260314745479,8,6,1,1,6,2,0,0,0
Y260314785865,11,7,2,2,7,4,0,0,0
Y260314799082,8,8,2,2,5,3,3,0,0
Y260314823655,39,21,5,3,21,18,0,1,1
Y260314830044,13,9,4,5,8,5,1,1,1
Y260314857722,15,11,5,4,9,6,2,0,0
Y260314890145,21,20,0,0,20,1,0,0,0
Y260314895586,7,10,1,1,6,1,4,0,0
Y260314930723,7,6,1,1,5,2,1,0,0
Y260314959744,9,9,2,2,9,0,0,1,1
Y260314960990,1,4,1,3,1,0,3,0,0
Y260314998116,7,21,1,9,4,3,17,1,18
Y260314998991,14,9,3,3,8,6,1,0,0
Y260315005795,18,13,8,4,11,7,2,0,0
Y260315048991,2,2,2,2,2,0,0,1,1
Y260315074003,5,7,2,1,4,1,3,0,0
Y260315110423,9,3,3,0,2,7,1,0,0
Y260315142108,5,5,1,0,4,1,1,0,0
Y260315150324,10,9,3,4,7,3,2,0,0
Y260315194306,19,12,6,7,12,7,0,1,1
Y260315196976,17,19,5,6,12,5,7,0,0
Y260315215730,17,13,6,7,13,4,0,0,0
Y260315227708,10,5,3,1,5,5,0,0,0
Y260315229013,13,8,3,3,8,5,0,0,0
Y260315236135,11,9,3,3,6,5,3,0,0
Y260315297878,6,4,2,1,4,2,0,0,0
Y260315303695,14,12,4,4,10,4,2,0,0
Y260315359433,3,3,0,0,3,0,0,0,0
Y260315380892,17,12,2,2,9,8,3,1,1
Y260315404725,9,21,2,10,8,1,13,0,0
Y260315404861,17,9,6,5,9,8,0,1,1
Y260315412980,11,7,1,1,7,4,0,0,0
Y260315420026,32,26,3,3,26,6,0,2,2
Y260315478262,40,37,6,4,34,6,3,2,2
Y260315497267,6,5,1,1,5,1,0,0,0
Y260315509454,51,15,3,7,14,37,1,0,0
Y260315524571,6,5,2,1,4,2,1,0,0
Y260315556592,22,13,7,6,12,10,1,0,0
Y260315560644,18,14,4,3,11,7,3,0,0
Y260315568781,1,1,0,0,1,0,0,0,0
Y260315579636,9,8,4,4,8,1,0,0,0
Y260315592568,2,2,0,0,2,0,0,0,0
Y260315602046,16,11,2,3,6,10,5,0,0
Y260315633537,6,5,1,0,4,2,1,1,1
Y260315697948,20,8,5,4,7,13,1,0,0
Y260315716352,1,5,1,4,1,0,4,0,0
Y260315730423,3,5,2,0,2,1,3,0,0
Y260315741164,2,2,1,1,2,0,0,0,0
Y260315798735,16,11,4,5,10,6,1,0,0
Y260315842824,31,24,4,3,24,7,0,2,2
Y260315872529,10,19,2,0,10,0,9,0,0
Y260315916401,7,7,3,3,5,2,2,0,0
Y260315933170,6,5,1,1,4,2,1,0,0
Y260315946601,12,7,2,0,5,7,2,0,0
Y260315949063,26,8,4,5,7,19,1,0,0
Y260315993330,1,2,1,2,1,0,1,0,0
Y260316049951,6,5,2,1,5,1,0,0,0
Y260316080800,12,9,2,3,8,4,1,0,0
Y260316182985,14,7,3,4,6,8,1,0,0
Y260316196512,18,10,4,4,10,8,0,0,0
Y260316225462,4,5,1,1,3,1,2,0,0
Y260316244817,14,9,3,3,9,5,0,0,0
Y260316257827,1,2,1,2,1,0,1,0,0
Y260316281570,2,3,1,0,2,0,1,0,1
Y260316303377,9,10,2,4,6,3,4,0,0
Y260316347424,1,7,1,4,1,0,6,0,0
Y260316357241,8,8,2,3,4,4,4,0,0
Y260316373816,12,9,3,2,7,5,2,1,1
Y260316379852,7,6,1,1,4,3,2,0,0
Y260316431408,7,6,1,1,6,1,0,0,0
Y260316438128,6,17,1,11,4,2,13,1,14
Y260316445827,14,7,2,2,7,7,0,0,0
Y260316448785,9,10,3,3,6,3,4,2,1
Y260316453274,8,11,4,5,8,0,3,0,0
Y260316467323,6,7,2,2,5,1,2,0,0
Y260316496547,10,6,1,2,5,5,1,0,0
Y260316498249,6,7,1,1,5,1,2,0,0
Y260316513954,9,4,2,1,4,5,0,2,2
Y260316596516,5,6,1,0,4,1,2,0,1
Y260316626792,30,27,0,1,27,3,0,0,0
Y260316629780,10,6,2,3,6,4,0,0,0
Y260316638455,7,9,1,1,7,0,2,0,0
Y260316642043,8,5,1,2,5,3,0,0,0
Y260316767211,2,1,0,0,1,1,0,0,0
Y260316781323,6,8,2,3,6,0,2,1,1
Y260316855124,6,3,1,1,3,3,0,0,0
Y260316858952,4,1,1,0,1,3,0,0,0
Y260316872410,29,23,1,2,23,6,0,2,2
Y260316899900,10,12,2,3,8,2,4,0,0
Y260316904664,13,11,1,4,10,3,1,0,0
Y260316908991,10,7,2,0,6,4,1,0,0
Y260316977011,17,13,3,2,10,7,3,0,1
Y260317041753,2,2,2,2,2,0,0,1,1
Y260317056800,7,11,4,1,6,1,5,0,0
Y260317060111,11,6,2,1,5,6,1,0,0
Y260317083253,7,6,1,2,4,3,2,0,0
Y260317115010,5,4,1,1,4,1,0,0,0
Y260317122475,12,9,4,3,7,5,2,0,0
Y260317153347,6,4,0,1,4,2,0,0,0
Y260317203217,5,8,1,1,2,3,6,0,0
Y260317221751,2,2,1,1,2,0,0,0,0
Y260317231760,15,9,3,3,8,7,1,0,0
Y260317260345,5,4,1,2,4,1,0,0,0
Y260317328307,7,4,2,0,4,3,0,0,0
Y260317336610,12,12,1,4,6,6,6,0,0
Y260317341808,15,11,2,4,9,6,2,0,0
Y260317343253,12,6,2,2,6,6,0,0,0
Y260317366570,5,5,1,1,3,2,2,0,0
Y260317416099,6,7,2,2,4,2,3,0,0
Y260317424811,7,8,1,2,7,0,1,0,0
Y260317433737,9,5,0,1,5,4,0,0,0
Y260317447890,20,7,1,4,7,13,0,0,0
Y260317452053,38,33,4,2,33,5,0,0,0
Y260317454199,1,1,1,1,1,0,0,0,0
Y260317468556,27,23,1,1,23,4,0,1,1
Y260317470057,14,12,3,2,9,5,3,0,0
Y260317505842,11,8,2,3,7,4,1,1,1
Y260317513853,11,7,2,1,6,5,1,0,0
Y260317557059,6,14,2,2,5,1,9,1,1
Y260317618320,11,8,1,2,6,5,2,0,0
Y260317622022,3,3,1,1,2,1,1,0,0
Y260317634465,13,6,0,2,6,7,0,0,0
Y260317644448,0,1,0,0,0,0,1,0,0
Y260317660455,1,1,0,0,1,0,0,0,0
Y260317680084,6,4,2,0,2,4,2,0,0
Y260317802740,9,6,1,2,6,3,0,0,0
Y260317845196,6,7,2,2,4,2,3,0,0
Y260317872868,8,6,3,4,5,3,1,0,0
Y260317894506,14,10,3,1,8,6,2,0,0
Y260317896204,12,5,3,4,5,7,0,0,0
Y260317956948,3,3,1,1,3,0,0,0,0
Y260318018510,2,2,1,1,2,0,0,0,0
Y260318052393,5,6,2,0,4,1,2,0,0
Y260318114629,12,8,5,4,8,4,0,0,0
Y260318119821,13,10,2,4,10,3,0,0,0
Y260318138537,13,10,6,7,10,3,0,0,0
Y260318147518,1,2,1,1,1,0,1,0,0
Y260318182589,7,6,1,2,4,3,2,0,0
Y260318184227,1,3,0,0,1,0,2,0,0
Y260318187306,5,5,1,3,4,1,1,0,0
Y260318225535,18,13,5,7,11,7,2,1,1
Y260318233753,0,0,0,0,0,0,0,0,0
Y260318245331,35,28,6,6,28,7,0,1,1
Y260318251084,15,10,6,4,9,6,1,0,0
Y260318260785,21,11,9,7,11,10,0,0,0
Y260318302481,12,17,2,11,7,5,10,1,1
Y260318323230,8,6,2,0,5,3,1,0,0
Y260318373226,10,4,3,1,3,7,1,0,0
Y260318377785,51,28,3,2,28,23,0,1,1
Y260318378328,3,2,0,0,2,1,0,0,0
Y260318419680,1,11,1,10,1,0,10,0,0
Y260318426978,22,11,4,6,11,11,0,0,0
Y260318520068,4,5,1,0,3,1,2,1,2
Y260318536850,8,9,1,4,5,3,4,0,0
Y260318556995,11,11,2,1,9,2,2,0,0
Y260318567804,20,14,3,2,13,7,1,0,0
Y260318647369,1,1,1,1,1,0,0,0,0
Y260318675878,15,16,4,4,15,0,1,1,1
Y260318683489,12,8,4,5,7,5,1,0,0
Y260318722901,15,7,6,2,7,8,0,0,0
Y260318747852,1,5,1,5,1,0,4,0,0
Y260318757070,11,9,3,4,6,5,3,0,0
Y260318780267,4,3,2,1,1,3,2,2,0
Y260318791225,21,20,7,8,14,7,6,0,0
Y260318811189,8,5,2,0,5,3,0,0,0
Y260318812822,26,20,0,2,20,6,0,0,0
Y260318835208,5,6,3,3,4,1,2,0,0
Y260318866120,12,14,5,4,10,2,4,0,0
Y260318873590,20,20,4,5,15,5,5,0,0
Y260318907684,1,2,1,2,1,0,1,0,0
Y260318910776,9,7,5,6,6,3,1,0,0
Y260318931460,22,13,8,6,11,11,2,0,0
Y260318991510,2,2,2,2,2,0,0,0,0
Y260318992751,11,9,4,4,9,2,0,1,1
Y260319035834,10,5,5,2,4,6,1,0,0
Y260319061140,5,6,1,0,3,2,3,0,0
Y260319081238,14,9,4,5,8,6,1,0,1
Y260319099719,7,8,1,3,6,1,2,0,0
Y260319100910,7,8,3,1,6,1,2,1,2
Y260319105311,11,9,2,3,8,3,1,0,0
Y260319127889,10,9,2,4,8,2,1,1,1
Y260319144595,30,24,1,1,24,6,0,1,1
Y260319200461,12,9,2,3,6,6,3,0,0
Y260319268937,7,5,2,0,5,2,0,0,0
Y260319300372,6,5,1,0,5,1,0,2,2
Y260319347028,5,4,1,1,4,1,0,0,0
Y260319349272,3,3,1,1,3,0,0,0,0
Y260319360252,3,7,1,5,3,0,4,0,0
Y260319412734,14,9,4,6,9,5,0,0,0
Y260319414877,11,6,3,3,6,5,0,0,0
Y260319423634,14,11,4,5,8,6,3,0,0
Y260319429424,11,13,2,1,7,4,6,1,0
Y260319433484,9,7,2,3,7,2,0,1,1
Y260319465843,33,27,1,3,27,6,0,2,2
Y260319474073,14,5,5,3,4,10,1,0,0
Y260319488336,10,11,3,1,8,2,3,0,0
Y260319533678,10,13,2,6,8,2,5,0,0
Y260319575808,11,8,3,4,7,4,1,1,1
Y260319575995,50,36,2,4,36,14,0,1,1
Y260319609017,6,6,1,1,5,1,1,0,0
Y260319613873,9,9,2,4,6,3,3,0,0
Y260319657089,5,5,1,1,4,1,1,0,0
Y260319674319,1,1,1,1,1,0,0,0,0
Y260319830119,9,4,1,1,4,5,0,0,0
Y260319885328,2,3,1,0,2,0,1,0,0
Y260319890317,25,8,6,5,8,17,0,0,0
Y260319907227,1,2,1,2,1,0,1,0,0
Y260319919513,2,1,2,1,1,1,0,0,0
Y260319992260,9,4,3,2,2,7,2,0,0
Y260319992382,1,1,0,0,0,1,1,0,0
Y260319996028,1,15,1,14,1,0,14,0,0
Y260320011876,8,13,4,4,8,0,5,0,0
Y260320122301,8,4,1,0,4,4,0,0,0
Y260320128906,8,17,2,8,7,1,10,0,0
Y260320132839,8,6,1,2,4,4,2,0,0
Y260320139319,15,4,4,2,4,11,0,0,0
Y260320176424,2,2,1,1,2,0,0,0,0
Y260320202969,14,10,2,2,8,6,2,0,0
Y260320219192,15,11,2,3,10,5,1,1,1
Y260320229613,6,13,4,4,5,1,8,0,0
Y260320281106,14,7,4,5,6,8,1,0,0
Y260320285020,4,3,0,0,3,1,0,0,0
Y260320288635,5,6,2,0,3,2,3,0,0
Y260320292669,14,7,3,3,6,8,1,0,0
Y260320362932,7,7,2,1,6,1,1,1,1
Y260320400333,11,6,3,0,2,9,4,0,0
Y260320407222,34,32,0,0,32,2,0,2,2
Y260320488701,7,6,0,1,5,2,1,0,0
Y260320492047,23,22,0,0,22,1,0,1,1
Y260320515534,0,1,0,0,0,0,1,0,0
Y260320574538,2,2,0,0,2,0,0,0,0
Y260320577336,2,2,0,0,2,0,0,0,0
Y260320612035,9,6,2,3,6,3,0,1,1
Y260320645768,12,10,2,3,7,5,3,0,0
Y260320675321,3,3,0,0,3,0,0,0,0
Y260320684279,9,6,4,3,6,3,0,0,0
Y260320697124,6,4,0,0,4,2,0,0,0
Y260320706128,8,7,2,3,6,2,1,2,1
Y260320739097,8,7,4,3,6,2,1,1,2
Y260320805554,9,7,3,3,6,3,1,1,1
Y260320863256,5,5,1,1,4,1,1,0,0
Y260320887544,12,8,3,3,7,5,1,0,0
Y260320940011,1,1,1,1,1,0,0,0,0
Y260320952113,9,6,1,2,5,4,1,0,0
Y260320953607,10,7,1,2,5,5,2,0,1
Y260320953720,10,7,0,0,6,4,1,0,1
Y260320960453,1,1,1,1,1,0,0,0,0
Y260320961530,42,35,2,3,35,7,0,2,2
Y260321021892,8,7,2,0,5,3,2,0,0
Y260321091736,1,1,1,1,1,0,0,0,0
Y260321105542,22,13,2,4,13,9,0,1,1
Y260321120455,37,32,3,3,32,5,0,2,2
Y260321125706,8,4,3,3,4,4,0,0,0
Y260321143027,27,20,1,1,20,7,0,0,0
Y260321196771,12,6,3,0,6,6,0,0,0
Y260321215812,5,8,1,2,5,0,3,0,0
Y260321219292,5,5,0,0,4,1,1,0,0
Y260321220396,7,6,2,2,6,1,0,0,0
Y260321224382,11,9,1,3,8,3,1,0,0
Y260321234670,11,7,3,2,7,4,0,0,0
Y260321248279,8,7,3,0,5,3,2,0,0
Y260321249777,10,9,1,2,6,4,3,0,0
Y260321252125,1,1,1,1,1,0,0,0,0
Y260321285935,4,3,1,0,3,1,0,0,0
Y260321288158,19,6,1,3,6,13,0,0,0
Y260321313413,0,0,0,0,0,0,0,0,0
Y260321336688,6,10,1,4,6,0,4,0,0
Y260321467250,19,11,4,5,11,8,0,0,0
Y260321495935,18,9,2,6,9,9,0,0,0
Y260321499785,34,25,2,3,25,9,0,2,2
Y260321532174,1,13,1,6,1,0,12,0,0
Y260321553261,12,10,2,2,6,6,4,0,0
Y260321567593,12,11,1,2,10,2,1,0,0
Y260321575589,7,9,1,2,7,0,2,0,0
Y260321579512,5,4,2,2,4,1,0,0,0
Y260321579757,8,8,1,2,6,2,2,0,0
Y260321614416,14,9,3,5,9,5,0,0,0
Y260321755390,16,9,3,5,8,8,1,0,0
Y260321799680,9,8,3,5,5,4,3,0,1
Y260321800844,41,26,2,3,26,15,0,0,0
Y260321802668,21,9,5,0,7,14,2,0,0
Y260321890320,17,14,3,6,12,5,2,0,0
Y260321897447,16,14,0,1,13,3,1,0,0
Y260321923787,14,14,3,2,10,4,4,0,0
Y260321944569,8,6,2,2,6,2,0,0,0
Y260321979418,10,6,2,1,5,5,1,0,0
Y260322080403,21,14,5,4,13,8,1,2,2
Y260322082573,13,14,5,5,12,1,2,0,0
Y260322088684,8,3,5,0,3,5,0,0,0
Y260322104504,8,6,2,3,4,4,2,0,0
Y260322108706,22,11,7,5,10,12,1,0,0
Y260322109959,6,7,0,0,4,2,3,0,0
Y260322120826,20,12,2,4,11,9,1,0,0
Y260322160927,11,7,2,3,7,4,0,0,0
Y260322189512,26,25,8,9,18,8,7,0,0
Y260322196254,4,4,2,2,3,1,1,0,0
Y260322219269,14,7,5,0,6,8,1,0,0
Y260322278488,6,6,2,2,5,1,1,0,1
Y260322278733,17,10,4,2,9,8,1,0,0
Y260322322119,7,7,4,0,4,3,3,0,0
Y260322332357,11,10,2,2,8,3,2,0,0
Y260322340981,2,2,1,0,2,0,0,0,0
Y260322353907,7,10,3,3,7,0,3,0,0
Y260322383608,8,11,1,2,8,0,3,0,1
Y260322393745,5,6,1,1,4,1,2,0,0
Y260322406662,9,5,2,3,5,4,0,0,0
Y260322446066,13,6,3,2,5,8,1,1,2
Y260322447065,22,10,2,6,9,13,1,1,1
Y260322476142,38,29,3,3,29,9,0,2,2
Y260322494366,2,2,1,1,2,0,0,1,1
Y260322530140,16,12,7,6,11,5,1,0,0
Y260322556217,38,33,2,2,33,5,0,2,2
Y260322587801,18,16,4,4,12,6,4,0,0
Y260322595464,15,14,6,5,9,6,5,0,0
Y260322637704,10,5,4,0,4,6,1,0,0
Y260322638152,7,7,0,0,7,0,0,0,0
Y260322650183,15,15,4,3,11,4,4,0,0
Y260322711637,20,10,2,4,9,11,1,2,1
Y260322803266,16,7,4,4,6,10,1,1,1
Y260322834725,9,8,3,3,6,3,2,0,0
Y260322851263,14,12,2,3,10,4,2,0,0
Y260322880008,15,10,3,4,8,7,2,1,0
Y260322881469,10,10,3,3,8,2,2,0,0
Y260322918342,18,12,1,3,11,7,1,0,0
Y260323004897,6,8,2,3,6,0,2,0,0
Y260323007386,17,10,4,4,10,7,0,2,1
Y260323042803,8,8,2,2,8,0,0,0,0
Y260323049825,20,4,7,0,4,16,0,0,0
Y260323080638,12,8,3,3,7,5,1,0,0
Y260323094071,18,10,9,3,8,10,2,0,0
Y260323104933,40,7,7,4,6,34,1,0,0
Y260323124181,12,6,4,5,6,6,0,0,0
Y260323140700,5,2,1,2,2,3,0,0,0
Y260323147639,17,10,4,4,9,8,1,0,0
Y260323154711,24,5,1,1,5,19,0,0,0
Y260323196541,11,12,3,4,8,3,4,0,0
Y260323297888,6,20,1,9,6,0,14,2,2
Y260323316043,2,4,1,2,2,0,2,1,1
Y260323363380,15,11,5,5,10,5,1,0,0
Y260323368370,6,4,1,0,3,3,1,0,0
Y260323379316,14,8,4,4,5,9,3,0,0
Y260323459178,16,9,4,4,9,7,0,1,1
Y260323506153,3,3,1,1,3,0,0,0,0
Y260323554252,8,4,1,1,4,4,0,0,0
Y260323612729,14,15,6,4,12,2,3,0,0
Y260323623935,8,10,1,1,5,3,5,0,0
Y260323715309,1,14,1,11,1,0,13,0,0
Y260323743841,15,6,3,2,6,9,0,0,0
Y260323763855,11,12,4,3,7,4,5,1,1
Y260323770272,15,7,6,3,5,10,2,0,0
Y260323770905,21,14,4,6,14,7,0,1,1
Y260323914956,17,6,8,0,4,13,2,0,0
Y260323931018,40,33,6,5,33,7,0,1,1
Y260324005836,6,6,0,0,6,0,0,0,0
Y260324086079,15,13,2,3,12,3,1,0,0
Y260324104331,39,33,2,3,33,6,0,2,2
Y260324128933,12,9,1,2,6,6,3,0,1
Y260324171490,2,2,1,1,2,0,0,1,1
Y260324210594,8,6,0,1,6,2,0,0,0
Y260324223163,2,3,0,0,2,0,1,0,0
Y260324233996,4,6,1,0,4,0,2,0,1
Y260324260479,9,7,2,2,6,3,1,0,0
Y260324275787,2,2,0,0,2,0,0,0,0
Y260324284100,15,13,7,6,8,7,5,0,0
Y260324311329,12,9,2,3,8,4,1,0,0
Y260324322640,4,5,0,0,3,1,2,0,0
Y260324359917,13,9,6,3,8,5,1,0,0
Y260324363867,12,15,7,5,8,4,7,1,1
Y260324409612,10,12,2,2,8,2,4,0,0
Y260324439358,9,8,5,5,8,1,0,0,0
Y260324456907,12,11,2,3,6,6,5,0,0
Y260324490578,11,7,0,1,6,5,1,0,0
Y260324496422,4,19,2,13,4,0,15,0,0
Y260324499174,1,0,0,0,0,1,0,0,0
Y260324512846,4,7,2,0,4,0,3,0,0
Y260324521632,9,5,2,3,4,5,1,0,0
Y260324524561,12,11,1,1,8,4,3,0,0
Y260324551612,9,5,3,0,4,5,1,0,0
Y260324718261,11,10,5,5,7,4,3,0,0
Y260324840789,7,5,2,2,4,3,1,0,0
Y260324850032,9,8,5,5,7,2,1,1,2
Y260324873120,5,5,1,1,5,0,0,0,0
Y260324927570,11,7,2,1,4,7,3,0,0
Y260324930977,15,12,3,3,12,3,0,1,1
Y260324973347,7,7,2,2,5,2,2,0,0
Y260325001569,1,1,1,1,1,0,0,1,1
Y260325004765,11,7,2,2,7,4,0,0,0
Y260325056673,14,10,4,4,9,5,1,0,0
Y260325069074,3,8,1,2,3,0,5,0,0
Y260325149400,71,18,3,4,18,53,0,0,0
Y260325180018,5,5,3,3,5,0,0,0,0
Y260325204431,2,2,1,0,2,0,0,0,0
Y260325263244,9,11,3,3,8,1,3,0,0
Y260325275275,9,10,4,0,6,3,4,0,0
Y260325379740,11,7,3,0,3,8,4,0,0
Y260325428905,13,8,3,3,6,7,2,0,0
Y260325447011,26,21,4,2,21,5,0,1,1
Y260325542641,10,13,2,3,10,0,3,0,0
Y260325548176,18,7,11,1,5,13,2,0,1
Y260325643702,6,7,3,3,5,1,2,0,0
Y260325782058,12,7,2,2,7,5,0,0,0
Y260325820351,21,8,4,3,6,15,2,0,0
Y260325839313,5,6,1,2,5,0,1,0,0
Y260325877721,16,13,5,6,9,7,4,0,0
Y260325938964,10,7,6,4,7,3,0,2,1
Y260325942066,12,8,2,3,7,5,1,0,0
Y260326037784,5,4,3,2,4,1,0,0,0
Y260326038711,2,4,1,1,2,0,2,0,1
Y260326098588,1,1,0,0,1,0,0,0,0
Y260326282738,26,24,1,2,24,2,0,3,3
Y260326287416,16,7,6,1,5,11,2,0,0
Y260326399993,4,4,2,2,4,0,0,0,0
Y260326563381,4,5,1,0,4,0,1,0,0
Y260326620715,4,4,0,0,4,0,0,0,0
Y260326640077,7,5,0,0,4,3,1,0,0
Y260326640849,16,13,5,5,11,5,2,1,1
Y260326681690,5,7,3,5,5,0,2,0,0
Y260326709083,12,12,2,3,11,1,1,0,0
Y260326763262,5,4,1,2,4,1,0,0,0
Y260326763772,8,9,2,0,6,2,3,0,0
Y260326807254,4,4,2,2,4,0,0,0,0
Y260326813199,10,12,3,3,9,1,3,0,0
Y260326881689,5,4,2,1,4,1,0,0,0
Y260326953024,8,7,2,2,7,1,0,2,1
Y260326962072,5,9,3,5,5,0,4,0,0
Y260327018072,50,30,9,4,30,20,0,1,1
Y260327034235,12,4,4,3,4,8,0,0,0
Y260327059433,11,18,2,10,8,3,10,0,0
Y260327152048,36,10,6,6,9,27,1,0,0
Y260327234453,3,4,2,3,3,0,1,1,1
Y260327283956,16,8,3,6,8,8,0,0,0
Y260327389616,5,6,1,0,5,0,1,0,0
Y260327391433,14,7,5,3,5,9,2,0,0
Y260327500599,7,7,3,4,5,2,2,0,0
Y260327564451,16,12,3,4,9,7,3,1,2
Y260327633915,2,2,0,0,2,0,0,0,0
Y260327646097,2,3,1,0,2,0,1,0,0
Y260327689214,7,5,3,3,4,3,1,0,0
Y260327741328,17,15,4,7,13,4,2,0,0
Y260327790238,16,11,7,7,11,5,0,0,0
Y260327825650,8,9,3,3,7,1,2,0,0
Y260327937316,10,13,2,3,9,1,4,1,1
Y260327993635,8,4,1,0,4,4,0,0,0
Y260328003057,4,13,1,8,3,1,10,0,0
Y260328198298,9,5,2,2,4,5,1,0,0
Y260328204831,7,5,1,0,5,2,0,2,2
Y260328270839,11,7,2,0,5,6,2,0,1
Y260328286497,7,5,2,0,4,3,1,0,0
Y260328292054,1,2,0,0,1,0,1,0,0
Y260328359462,10,11,0,0,9,1,2,0,1
Y260328370490,13,9,3,3,7,6,2,0,0
Y260328433189,20,15,1,2,14,6,1,0,0
Y260328696374,7,8,2,2,6,1,2,1,1
Y260328746133,7,7,2,3,6,1,1,0,0
Y260328802308,12,8,4,3,7,5,1,0,0
Y260328840681,8,6,0,0,4,4,2,0,0
Y260328843078,8,8,1,1,6,2,2,0,0
Y260328869235,5,4,0,0,4,1,0,0,0
Y260328875039,32,30,4,4,30,2,0,3,3
Y260328885993,8,11,2,2,8,0,3,1,1
Y260328958152,14,14,6,8,12,2,2,0,0
Y260328984484,6,6,2,2,5,1,1,0,0
Y260329090299,3,3,0,0,3,0,0,1,1
Y260329521273,24,10,7,0,9,15,1,0,0
Y260329878748,1,2,1,1,1,0,1,1,2
Y260329900008,12,10,4,4,9,3,1,0,0
Y260329988711,11,9,2,5,8,3,1,0,0
Y260330018266,17,18,8,7,13,4,5,0,0
Y260330117644,10,4,1,2,4,6,0,0,0
Y260330154840,14,10,4,0,6,8,4,1,1
Y260330186706,16,9,5,4,8,8,1,0,0
Y260330191314,59,37,10,5,37,22,0,2,2
Y260330241706,12,12,3,4,9,3,3,0,0
Y260330259991,34,14,3,6,13,21,1,0,0
Y260330271608,30,30,1,3,29,1,1,2,2
Y260330297123,9,6,3,4,6,3,0,0,0
Y260330343902,14,9,5,5,9,5,0,0,0
Y260330395356,21,11,4,4,11,10,0,0,0
Y260330405707,14,16,5,5,9,5,7,0,0
Y260330567127,17,14,6,5,12,5,2,0,0
Y260330608602,10,7,1,1,6,4,1,0,0
Y260330619215,20,17,5,4,14,6,3,0,0
Y260330623163,10,17,3,10,8,2,9,0,0
Y260330635561,6,8,2,0,4,2,4,0,0
Y260330683666,14,10,5,4,9,5,1,0,0
Y260330687499,4,3,1,1,3,1,0,0,0
Y260330856655,21,9,6,5,9,12,0,0,0
Y260330862595,9,11,3,3,6,3,5,0,0
Y260330866219,8,6,6,4,6,2,0,0,0
Y260330891599,19,5,8,3,5,14,0,0,0
Y260330899499,7,4,1,1,4,3,0,0,0
Y260330905777,16,11,4,6,10,6,1,1,1
Y260330946343,13,14,6,6,13,0,1,0,0
Y260330994817,7,7,4,0,4,3,3,0,0
Y260331042062,13,10,3,3,9,4,1,0,0
Y260331075250,6,8,1,1,6,0,2,1,1
Y260331121427,1,1,1,1,1,0,0,0,0
Y260331158045,12,11,6,6,9,3,2,0,0
Y260331210230,5,5,1,1,5,0,0,0,0
Y260331212942,6,6,2,0,4,2,2,0,0
Y260331322512,16,15,6,6,12,4,3,0,0
Y260331445596,1,18,1,15,1,0,17,0,0
Y260331463614,34,6,8,4,6,28,0,0,0
Y260331464397,16,13,4,5,13,3,0,0,0
Y260331493235,8,16,1,7,5,3,11,0,0
Y260331497447,15,8,5,5,8,7,0,1,1
Y260331497695,9,11,0,0,9,0,2,0,0
Y260331529413,7,5,1,1,4,3,1,0,0
Y260331539345,11,4,1,0,4,7,0,0,0
Y260331542682,17,19,5,6,16,1,3,0,0
Y260331607751,12,11,1,1,8,4,3,0,0
Y260331636654,11,8,2,2,6,5,2,0,0
Y260331684068,14,11,7,7,11,3,0,0,0
Y260331692830,6,6,2,1,4,2,2,1,1
Y260331693263,2,3,0,0,2,0,1,0,0
Y260331720404,17,5,3,1,4,13,1,0,0
Y260331736601,6,5,0,0,5,1,0,0,0
Y260331752061,6,5,2,1,5,1,0,1,1
Y260331782369,29,18,8,3,18,11,0,0,0
Y260331851232,15,8,3,7,7,8,1,0,0
Y260331859330,15,11,3,5,11,4,0,0,0
Y260331939342,20,16,4,3,11,9,5,2,2
Y260331955470,14,11,5,4,9,5,2,0,0
Y260401031575,26,11,8,6,11,15,0,3,1
Y260401070059,9,6,3,3,6,3,0,3,1
Y260401117335,5,6,2,2,5,0,1,1,1
Y260401194214,11,10,2,2,7,4,3,1,3
Y260401213060,47,42,8,8,41,6,1,3,3
Y260401238412,10,4,1,0,3,7,1,0,0
Y260401345495,12,8,4,3,8,4,0,1,1
Y260401382067,15,18,4,4,11,4,7,1,1
Y260401389271,13,15,6,6,10,3,5,0,0
Y260401543760,10,6,5,4,6,4,0,0,0
Y260401554081,13,11,3,2,9,4,2,1,1
Y260401566520,1,1,1,0,1,0,0,0,0
Y260401583953,1,17,1,12,1,0,16,0,0
Y260401604776,9,6,1,1,3,6,3,2,1
Y260401649703,10,10,4,4,9,1,1,1,2
Y260401678585,21,10,6,4,10,11,0,0,0
Y260401694197,15,14,4,3,11,4,3,1,1
Y260401733170,14,9,3,2,7,7,2,1,1
Y260401741524,11,9,2,2,8,3,1,0,0
Y260401745673,12,8,1,2,6,6,2,1,2
Y260401757003,18,16,5,4,15,3,1,1,1
Y260401801154,11,10,1,1,7,4,3,0,0
Y260401806402,22,12,6,1,8,14,4,0,0
Y260401830776,6,6,3,1,4,2,2,0,0
Y260401843177,1,2,1,2,1,0,1,0,0
Y260401859512,16,11,2,2,10,6,1,0,0
Y260401881999,11,19,3,6,10,1,9,0,0
Y260401894649,8,8,2,3,5,3,3,0,0
Y260401999195,2,2,0,0,2,0,0,0,0
Y260402005445,15,11,3,4,9,6,2,0,0
Y260402021001,7,8,3,3,7,0,1,1,1
Y260402080794,4,4,1,1,4,0,0,0,0
Y260402144133,6,6,1,1,6,0,0,1,1
Y260402159997,18,12,8,4,9,9,3,0,0
Y260402160101,1,0,0,0,0,1,0,0,0
Y260402222881,10,5,1,2,4,6,1,0,0
Y260402224912,13,8,2,1,7,6,1,0,0
Y260402235352,25,7,8,5,7,18,0,0,0
Y260402302167,37,31,4,3,31,6,0,1,1
Y260402302693,12,11,5,6,8,4,3,0,0
Y260402313452,5,6,2,2,5,0,1,1,1
Y260402329568,6,6,0,0,4,2,2,0,0
Y260402332873,6,5,1,2,3,3,2,0,0
Y260402340695,7,6,3,2,4,3,2,0,0
Y260402363128,4,10,3,5,4,0,6,0,0
Y260402450850,21,19,9,9,16,5,3,0,0
Y260402478772,16,10,4,4,9,7,1,0,0
Y260402543113,12,15,2,2,8,4,7,0,0
Y260402559976,10,9,3,2,7,3,2,0,0
Y260402568457,12,5,4,1,4,8,1,0,0
Y260402643859,7,8,2,3,6,1,2,0,0
Y260402676888,10,5,3,3,5,5,0,1,1
Y260402685390,4,3,1,0,3,1,0,0,0
Y260402705455,12,5,5,2,5,7,0,0,0
Y260402722466,14,11,3,3,10,4,1,1,1
Y260402766883,3,3,2,2,3,0,0,3,3
Y260402813761,13,22,3,10,8,5,14,0,0
Y260402818818,8,6,2,2,5,3,1,0,1
Y260402902798,6,4,2,2,4,2,0,0,0
Y260403094095,10,7,2,1,6,4,1,0,0
Y260403097072,6,8,1,1,5,1,3,0,0
Y260403221616,8,7,0,0,6,2,1,0,0
Y260403304289,8,7,3,0,3,5,4,0,0
Y260403305924,4,2,1,1,2,2,0,0,0
Y260403343957,19,16,7,8,13,6,3,2,2
Y260403379359,4,4,2,0,4,0,0,0,0
Y260403383141,13,13,5,6,7,6,6,0,0
Y260403439860,13,13,5,5,10,3,3,0,0
Y260403444367,19,11,5,5,9,10,2,0,0
Y260403445683,14,7,3,3,7,7,0,0,0
Y260403453782,15,12,5,3,9,6,3,1,1
Y260403495691,4,4,3,3,3,1,1,0,0
Y260403520613,13,8,5,3,7,6,1,0,0
Y260403588940,32,13,11,8,13,19,0,0,0
Y260403657875,8,8,1,2,4,4,4,1,1
Y260403668561,2,4,0,0,2,0,2,2,4
Y260403689830,14,11,2,4,10,4,1,0,1
Y260403770563,45,32,2,2,32,13,0,6,3
Y260403793230,6,6,1,3,4,2,2,0,0
Y260403804678,9,8,2,1,7,2,1,0,0
Y260403819270,11,11,4,3,6,5,5,0,0
Y260403845942,10,10,2,3,6,4,4,1,2
Y260403878188,2,2,2,2,2,0,0,0,0
Y260403888380,6,6,3,4,4,2,2,0,0
Y260403900729,6,6,2,2,5,1,1,1,1
Y260403949436,8,5,0,0,5,3,0,0,0
Y260403958011,7,4,1,2,4,3,0,1,1
Y260403979209,10,5,3,2,5,5,0,0,0
Y260403998477,12,12,4,5,7,5,5,2,2
Y260403999171,23,7,8,5,7,16,0,0,0
Y260404031079,20,9,5,7,8,12,1,0,0
Y260404051518,7,6,2,3,4,3,2,0,0
Y260404063438,20,12,5,7,10,10,2,0,0
Y260404071963,10,7,3,4,6,4,1,1,1
Y260404099461,48,16,8,8,15,33,1,0,0
Y260404115391,13,10,4,4,7,6,3,0,0
Y260404142667,11,10,4,8,7,4,3,0,0
Y260404149012,9,7,3,4,7,2,0,0,0
Y260404207613,3,7,2,4,3,0,4,0,0
Y260404215681,6,7,1,1,6,0,1,0,0
Y260404247471,14,6,5,1,6,8,0,0,0
Y260404261260,31,28,2,3,27,4,1,1,2
Y260404270093,43,33,4,4,33,10,0,2,2
Y260404317912,10,10,3,3,9,1,1,0,0
Y260404346115,17,15,6,6,12,5,3,0,0
Y260404367973,8,7,1,1,4,4,3,0,0
Y260404380433,17,11,5,1,10,7,1,0,0
Y260404487395,14,11,5,5,11,3,0,1,1
Y260404561854,8,7,3,4,6,2,1,0,0
Y260404564581,18,8,8,3,7,11,1,0,0
Y260404567380,8,7,2,2,5,3,2,0,0
Y260404587784,13,4,4,0,4,9,0,0,0
Y260404639599,7,5,2,3,4,3,1,0,0
Y260404730869,12,9,4,1,7,5,2,0,0
Y260404753990,14,10,3,2,8,6,2,1,1
Y260404792697,11,8,3,0,5,6,3,0,0
Y260404850326,19,18,7,6,14,5,4,1,2
Y260404863709,18,16,5,7,12,6,4,1,2
Y260404887272,11,10,4,4,9,2,1,1,1
Y260404934552,11,9,2,3,8,3,1,0,0
Y260404944742,21,17,11,9,16,5,1,0,0
Y260404954455,6,5,2,1,3,3,2,0,1
Y260404982067,13,4,4,3,4,9,0,0,0
Y260405011433,9,7,3,3,6,3,1,1,1
Y260405023493,28,9,8,5,8,20,1,0,0
Y260405054495,13,11,5,6,9,4,2,0,0
Y260405058645,12,12,3,0,10,2,2,0,0
Y260405248433,13,7,5,2,6,7,1,0,0
Y260405253148,13,10,5,5,7,6,3,1,1
Y260405270728,3,3,1,2,2,1,1,2,1
Y260405324440,5,5,1,1,5,0,0,0,0
Y260405353988,1,14,1,11,1,0,13,0,0
Y260405397929,9,6,4,5,6,3,0,1,1
Y260405398540,8,6,2,3,6,2,0,0,0
Y260405407396,8,8,3,3,7,1,1,0,0
Y260405435396,9,10,0,1,8,1,2,0,0
Y260405449848,37,24,5,2,24,13,0,2,2
Y260405509679,13,9,3,4,8,5,1,1,1
Y260405514905,5,7,1,2,3,2,4,0,0
Y260405534450,12,5,4,0,4,8,1,0,0
Y260405546381,15,12,5,5,11,4,1,0,0
Y260405560924,14,7,6,5,7,7,0,0,0
Y260405647520,12,11,6,3,9,3,2,0,0
Y260405675468,11,6,3,2,6,5,0,0,0
Y260405683785,1,1,0,0,1,0,0,0,0
Y260405750558,5,7,1,0,5,0,2,0,0
Y260405761961,3,3,0,0,3,0,0,0,0
Y260405791897,39,31,1,2,31,8,0,2,2
Y260405794171,12,8,5,3,6,6,2,0,0
Y260405817893,25,10,1,4,10,15,0,0,0
Y260405854766,20,18,6,5,13,7,5,0,0
Y260405874908,11,6,4,2,6,5,0,0,0
Y260405943163,8,5,0,1,4,4,1,0,0
Y260406053355,1,3,0,0,1,0,2,0,1
Y260406061384,42,10,6,5,10,32,0,1,1
Y260406129829,29,25,5,5,24,5,1,2,2
Y260406132398,3,1,2,1,1,2,0,0,0
Y260406165870,3,2,0,0,2,1,0,0,0
Y260406170835,13,10,3,1,8,5,2,0,0
Y260406197635,16,15,4,5,10,6,5,0,0
Y260406252894,22,21,2,4,21,1,0,2,2
Y260406272184,13,9,3,3,7,6,2,0,0
Y260406291886,3,3,2,2,3,0,0,0,0
Y260406292436,9,5,5,0,5,4,0,0,0
Y260406302133,18,7,8,4,7,11,0,1,1
Y260406308938,15,8,3,4,6,9,2,0,0
Y260406314092,11,12,3,4,8,3,4,0,0
Y260406352348,12,8,3,2,8,4,0,0,0
Y260406443501,10,8,3,5,6,4,2,0,0
Y260406452306,47,15,5,4,14,33,1,0,0
Y260406467695,10,11,2,1,8,2,3,0,1
Y260406476694,12,11,5,5,8,4,3,2,2
Y260406519204,22,9,6,4,9,13,0,0,0
Y260406530840,16,21,4,10,6,10,15,1,15
Y260406654857,6,7,3,4,6,0,1,0,0
Y260406672717,12,12,6,6,11,1,1,3,2
Y260406673090,16,16,4,4,9,7,7,0,0
Y260406808850,17,12,5,4,10,7,2,0,0
Y260406833880,13,15,3,3,10,3,5,0,0
Y260406845764,9,6,3,1,4,5,2,0,0
Y260406870237,12,7,2,4,5,7,2,0,0
Y260406889736,17,13,6,6,11,6,2,2,1
Y260406909548,18,4,4,3,4,14,0,0,0
Y260406912162,14,11,0,1,9,5,2,0,0
Y260406939952,14,14,4,3,11,3,3,0,0
Y260406943632,2,2,1,1,2,0,0,0,0
Y260406970647,1,15,1,14,1,0,14,0,0
Y260407036367,8,7,4,4,7,1,0,0,0
Y260407042544,5,4,2,3,4,1,0,0,0
Y260407057089,12,7,1,2,7,5,0,0,0
Y260407100219,0,0,0,0,0,0,0,0,0
Y260407243745,7,9,1,1,6,1,3,0,0
Y260407260025,3,3,0,0,3,0,0,0,0
Y260407322274,10,6,2,2,6,4,0,0,0
Y260407379325,6,5,1,0,5,1,0,0,0
Y260407404107,6,6,1,1,5,1,1,0,0
Y260407447033,12,5,2,2,5,7,0,0,0
Y260407452210,12,8,2,3,7,5,1,0,0
Y260407460796,8,7,1,4,6,2,1,0,0
Y260407493335,4,6,1,1,4,0,2,0,0
Y260407509168,12,8,4,3,8,4,0,0,0
Y260407541061,8,6,2,3,5,3,1,0,0
Y260407581683,9,10,3,3,8,1,2,1,1
Y260407585999,13,4,2,4,4,9,0,0,0
Y260407608339,6,5,1,1,4,2,1,0,0
Y260407613734,7,6,2,1,3,4,3,0,1
Y260407686139,39,35,2,3,34,5,1,2,2
Y260407693760,7,12,3,5,6,1,6,0,0
Y260407723630,6,4,3,1,4,2,0,0,0
Y260407749283,10,9,4,3,8,2,1,0,0
Y260407798833,6,5,1,1,5,1,0,0,0
Y260407820450,8,7,1,1,6,2,1,0,0
Y260407998842,3,4,0,0,3,0,1,0,0
Y260408010919,16,8,5,4,7,9,1,0,0
Y260408059445,15,10,4,3,9,6,1,0,0
Y260408122602,5,7,2,2,5,0,2,0,0
Y260408145229,7,2,0,1,2,5,0,0,0
Y260408167718,28,17,7,5,15,13,2,1,1
Y260408208460,7,8,1,1,6,1,2,0,0
Y260408213623,6,4,1,1,3,3,1,0,0
Y260408245140,10,7,1,0,7,3,0,0,0
Y260408271629,8,5,3,0,3,5,2,0,0
Y260408273103,6,6,2,2,6,0,0,0,0
Y260408278332,15,18,5,6,11,4,7,0,0
Y260408300077,8,8,4,4,8,0,0,0,0
Y260408350173,12,8,5,5,6,6,2,0,0
Y260408366738,18,14,6,6,13,5,1,0,0
Y260408408628,8,10,5,7,7,1,3,0,0
Y260408458712,13,11,4,4,11,2,0,0,0
Y260408498895,22,10,4,4,8,14,2,0,0
Y260408529847,41,35,1,2,35,6,0,1,1
Y260408541671,6,4,1,0,4,2,0,0,0
Y260408558020,13,9,4,4,9,4,0,0,0
Y260408696585,9,8,2,2,6,3,2,0,0
Y260408707471,12,9,4,3,5,7,4,0,0
Y260408712549,17,10,6,7,9,8,1,0,0
Y260408714870,9,5,2,1,5,4,0,0,0
Y260408747748,18,10,3,5,8,10,2,1,1
Y260408752648,10,6,2,0,5,5,1,0,0
Y260408757765,1,14,1,11,1,0,13,0,0
Y260408785400,19,8,3,3,7,12,1,1,2
Y260408803385,9,6,0,1,3,6,3,0,0
Y260408896675,4,5,1,0,3,1,2,0,0
Y260408920921,32,29,3,2,29,3,0,2,2
Y260408929383,7,11,3,5,7,0,4,0,0
Y260408987781,6,5,2,1,4,2,1,0,0
Y260409033509,16,9,5,4,9,7,0,0,0
Y260409046373,1,1,1,0,1,0,0,0,0
Y260409067567,35,26,3,3,26,9,0,1,1
Y260409104771,15,11,3,5,7,8,4,0,0
Y260409111118,8,8,5,5,7,1,1,0,0
Y260409183605,4,3,2,2,3,1,0,0,0
Y260409199662,9,7,2,2,6,3,1,0,0
Y260409261990,4,5,2,0,3,1,2,0,0
Y260409414716,17,11,5,5,9,8,2,0,0
Y260409628984,4,4,1,1,3,1,1,0,0
Y260409641095,6,7,2,2,6,0,1,0,0
Y260409642870,3,4,1,1,3,0,1,0,0
Y260409655517,5,5,1,0,3,2,2,0,0
Y260409682560,10,4,3,1,3,7,1,0,0
Y260409695673,9,8,3,4,6,3,2,0,0
Y260409715183,12,6,4,2,5,7,1,0,0
Y260409720502,7,6,1,1,4,3,2,0,0
Y260409786273,11,10,4,4,9,2,1,0,0
Y260409795288,4,5,2,3,4,0,1,1,2
Y260409842422,23,12,10,10,11,12,1,0,1
Y260409843633,15,16,5,7,10,5,6,1,1
Y260409850075,10,7,1,0,6,4,1,0,0
Y260409932107,15,11,6,5,11,4,0,2,1
Y260409949010,11,9,3,4,7,4,2,0,0
Y260409957503,4,3,1,1,2,2,1,0,0
Y260409965957,7,7,1,0,6,1,1,0,0
Y260409966681,9,8,4,4,8,1,0,0,0
Y260409970107,7,8,1,1,5,2,3,0,0
Y260409978770,11,8,4,4,8,3,0,0,0
Y260410031682,14,9,3,0,7,7,2,0,0
Y260410074265,12,36,6,25,9,3,27,0,0
Y260410166759,13,8,4,6,8,5,0,0,0
Y260410261304,13,11,6,4,8,5,3,0,0
Y260410279608,10,8,7,5,7,3,1,0,0
Y260410285242,11,13,4,9,6,5,7,0,0
Y260410304750,15,14,5,5,10,5,4,0,0
Y260410322218,35,29,2,2,29,6,0,1,1
Y260410350242,7,4,1,1,4,3,0,0,0
Y260410362125,10,6,3,1,5,5,1,0,0
Y260410376676,34,25,6,5,25,9,0,0,0
Y260410378510,11,6,4,0,5,6,1,0,0
Y260410378797,11,8,3,3,8,3,0,0,0
Y260410437608,17,11,6,6,10,7,1,1,1
Y260410448635,7,6,5,0,4,3,2,0,0
Y260410490573,14,9,6,5,9,5,0,0,0
Y260410503939,11,10,3,4,7,4,3,0,1
Y260410526238,14,5,2,3,4,10,1,0,0
Y260410598798,4,14,2,8,4,0,10,1,1
Y260410614087,15,11,4,5,8,7,3,0,0
Y260410646887,8,5,2,2,5,3,0,0,0
Y260410655879,7,6,3,3,6,1,0,0,0
Y260410672419,17,11,4,4,9,8,2,0,0
Y260410681481,10,5,4,0,3,7,2,0,0
Y260410695599,13,14,3,3,9,4,5,0,0
Y260410734357,5,5,3,2,4,1,1,0,0
Y260410750875,8,11,3,3,7,1,4,0,0
Y260410831873,14,13,4,4,12,2,1,0,0
Y260410841482,17,18,6,7,13,4,5,0,0
Y260410902306,4,4,1,1,4,0,0,0,0
Y260410902399,16,12,7,6,9,7,3,1,1
Y260410902608,14,18,4,11,9,5,9,0,0
Y260410912751,19,11,7,3,9,10,2,0,0
Y260410919687,17,17,4,4,12,5,5,2,1
Y260410967576,19,11,5,4,10,9,1,1,1
Y260410971238,42,34,5,2,34,8,0,1,1
Y260410980742,21,7,6,4,6,15,1,0,0
Y260411065640,72,57,6,7,56,16,1,2,2
Y260411086738,8,5,2,0,4,4,1,0,0
Y260411145050,15,8,2,3,6,9,2,0,0
Y260411153216,3,3,0,0,3,0,0,1,1
Y260411256509,18,9,2,4,9,9,0,0,0
Y260411307151,11,8,3,2,6,5,2,0,0
Y260411394121,13,14,3,6,10,3,4,0,0
Y260411421631,13,10,3,1,7,6,3,0,0
Y260411463763,10,9,5,5,6,4,3,0,0
Y260411468171,10,9,3,4,8,2,1,0,0
Y260411481478,5,6,2,3,5,0,1,0,0
Y260411505469,14,12,3,2,12,2,0,0,0
Y260411616557,8,8,4,4,7,1,1,1,1
Y260411620203,7,6,3,0,3,4,3,0,0
Y260411687644,10,8,2,2,7,3,1,0,0
Y260411697082,6,7,3,3,5,1,2,0,0
Y260411707898,2,4,1,1,2,0,2,0,0
Y260411726402,6,5,3,0,5,1,0,0,0
Y260411779023,12,6,6,4,6,6,0,0,0
Y260411821932,12,10,2,3,9,3,1,0,0
Y260411829115,8,5,2,3,4,4,1,1,1
Y260411839688,11,14,3,4,10,1,4,0,0
Y260411922123,11,18,4,7,8,3,10,0,0
Y260411946860,14,6,6,4,5,9,1,0,0
Y260411961442,15,12,3,5,9,6,3,0,0
Y260411985658,9,13,3,5,7,2,6,0,0
Y260412018342,7,4,3,0,3,4,1,0,0
Y260412031251,20,8,7,4,6,14,2,0,0
Y260412111683,1,1,0,0,1,0,0,0,0
Y260412112346,43,30,5,8,29,14,1,2,2
Y260412115157,13,5,3,2,5,8,0,0,0
Y260412125790,6,5,4,0,4,2,1,0,0
Y260412146553,10,10,3,7,6,4,4,0,0
Y260412151322,14,16,3,5,9,5,7,1,1
Y260412208687,3,4,0,0,3,0,1,0,0
Y260412211285,10,11,3,4,8,2,3,1,2
Y260412247661,2,1,0,1,1,1,0,0,0
Y260412345640,17,9,7,7,9,8,0,1,1
Y260412365372,9,13,4,5,7,2,6,1,3
Y260412405334,13,9,5,6,9,4,0,0,0
Y260412417958,12,19,5,7,11,1,8,0,0
Y260412500239,7,8,5,5,7,0,1,0,0
Y260412515012,8,9,3,1,6,2,3,0,0
Y260412518092,1,1,1,1,1,0,0,0,0
Y260412527075,11,8,4,3,7,4,1,0,0
Y260412527348,5,5,2,0,3,2,2,0,0
Y260412528077,13,9,3,3,8,5,1,0,0
Y260412550574,1,3,1,2,1,0,2,0,0
Y260412661347,17,16,5,9,10,7,6,0,1
Y260412662504,8,7,3,1,6,2,1,0,0
Y260412691448,8,7,4,3,6,2,1,3,2
Y260412701881,6,8,3,4,5,1,3,1,2
Y260412734323,17,6,4,3,6,11,0,0,0
Y260412741957,15,9,5,6,9,6,0,0,0
Y260412776863,24,7,0,3,6,18,1,0,0
Y260412791388,9,7,5,0,5,4,2,0,0
Y260412846449,15,13,4,6,8,7,5,0,1
Y260412886552,10,8,2,4,5,5,3,0,0
Y260413004195,10,10,6,6,7,3,3,0,1
Y260413006788,12,13,6,5,10,2,3,1,1
Y260413024200,13,9,2,3,9,4,0,0,0
Y260413072991,11,8,2,2,7,4,1,0,1
Y260413136821,2,4,1,1,2,0,2,0,0
Y260413143216,14,7,2,2,7,7,0,0,0
Y260413146926,10,9,1,1,8,2,1,0,0
Y260413179275,10,8,2,3,6,4,2,0,0
Y260413184986,1,2,0,0,1,0,1,0,0
Y260413207654,1,1,1,1,1,0,0,0,0
Y260413250260,9,7,2,1,6,3,1,0,0
Y260413269286,10,15,5,2,10,0,5,0,0
Y260413442980,13,4,1,2,4,9,0,0,0
Y260413450268,9,5,1,2,5,4,0,0,0
Y260413463630,9,11,5,5,9,0,2,3,3
Y260413489573,10,10,2,4,6,4,4,0,0
Y260413492409,14,10,4,6,6,8,4,0,0
Y260413516379,16,11,4,4,8,8,3,0,0
Y260413533384,7,10,2,3,6,1,4,0,0
Y260413543627,19,11,8,8,10,9,1,0,0
Y260413568954,13,9,3,3,8,5,1,1,1
Y260413596071,1,2,1,1,1,0,1,0,0
Y260413651714,10,8,1,0,6,4,2,0,0
Y260413693048,38,35,2,3,35,3,0,2,2
Y260413771660,34,28,1,1,28,6,0,1,1
Y260413787613,10,10,4,4,8,2,2,0,0
Y260413798072,10,6,3,3,5,5,1,0,0
Y260413807549,11,10,4,4,9,2,1,0,0
Y260413838711,1,1,1,1,1,0,0,0,0
Y260413907426,13,6,4,3,5,8,1,2,1
Y260413980086,3,3,2,2,3,0,0,0,0
Y260413987275,10,5,1,0,3,7,2,0,0
Y260413992458,2,2,1,0,1,1,1,0,0
Y260413993300,9,8,1,1,7,2,1,0,0
Y260414007750,9,8,2,2,6,3,2,0,0
Y260414017043,11,12,5,4,6,5,6,0,0
Y260414019793,10,8,2,3,7,3,1,0,0
Y260414113820,11,9,2,1,7,4,2,0,0
Y260414130745,7,7,3,2,5,2,2,0,0
Y260414161172,12,6,4,3,6,6,0,0,0
Y260414178809,4,3,3,1,2,2,1,0,0
Y260414185679,1,1,1,1,1,0,0,0,0
Y260414196873,11,23,7,13,10,1,13,0,0
Y260414206113,11,10,3,3,9,2,1,0,0
Y260414245177,1,2,1,1,1,0,1,0,0
Y260414248916,9,4,2,3,4,5,0,0,0
Y260414290313,5,6,2,2,5,0,1,0,0
Y260414302428,1,1,0,0,1,0,0,0,0
Y260414304955,11,11,3,3,9,2,2,0,0
Y260414306455,9,4,3,1,3,6,1,0,1
Y260414307103,5,4,3,3,4,1,0,0,0
Y260414341443,12,8,4,4,6,6,2,0,0
Y260414365137,7,4,1,1,3,4,1,0,0
Y260414383252,5,3,1,1,3,2,0,0,0
Y260414404209,14,12,5,6,9,5,3,0,0
Y260414444055,1,1,0,0,1,0,0,0,0
Y260414471847,8,7,2,2,6,2,1,0,0
Y260414495793,6,6,2,0,4,2,2,0,0
Y260414524125,6,5,1,1,4,2,1,0,0
Y260414529726,8,8,2,2,6,2,2,0,0
Y260414544690,44,12,5,6,12,32,0,0,0
Y260414579331,6,6,1,0,5,1,1,0,0
Y260414585473,6,6,3,0,4,2,2,0,0
Y260414631865,10,11,5,1,7,3,4,0,0
Y260414693517,22,4,4,1,4,18,0,0,0
Y260414694570,1,9,1,7,1,0,8,0,0
Y260414694714,9,9,2,2,4,5,5,1,2
Y260414709632,11,10,2,4,7,4,3,1,1
Y260414717110,9,5,2,1,4,5,1,0,0
Y260414734430,9,9,4,4,8,1,1,0,0
Y260414752433,49,35,4,5,35,14,0,2,2
Y260414781269,44,25,6,3,25,19,0,2,2
Y260414811161,21,8,3,3,5,16,3,0,0
Y260414820079,2,1,1,1,1,1,0,0,0
Y260414854327,1,1,1,1,1,0,0,0,0
Y260414855968,13,6,4,4,6,7,0,0,0
Y260414856810,17,3,6,2,2,15,1,0,0
Y260414882395,4,4,2,2,3,1,1,0,0
Y260414895310,1,1,0,0,1,0,0,0,0
Y260414897800,1,1,0,0,1,0,0,0,0
Y260414938501,7,10,3,3,6,1,4,0,0
Y260415047853,9,4,2,0,4,5,0,0,0
Y260415125881,8,9,1,2,7,1,2,0,0
Y260415246778,3,3,0,0,3,0,0,0,0
Y260415284325,19,9,2,3,9,10,0,0,0
Y260415287713,13,11,2,2,10,3,1,1,1
Y260415303414,1,1,1,1,1,0,0,0,0
Y260415327573,16,8,3,2,6,10,2,0,1
Y260415349013,13,8,4,2,7,6,1,0,0
Y260415369781,6,4,1,1,4,2,0,0,0
Y260415406063,9,6,2,1,4,5,2,0,0
Y260415411467,1,1,1,1,1,0,0,0,0
Y260415447894,8,8,2,1,6,2,2,0,0
Y260415493486,16,12,6,8,11,5,1,0,0
Y260415500218,8,6,2,2,5,3,1,0,0
Y260415515513,6,6,2,4,4,2,2,0,0
Y260415532309,8,8,1,1,8,0,0,0,0
Y260415537516,4,4,1,1,4,0,0,0,0
Y260415557278,4,4,1,1,4,0,0,0,0
Y260415559120,3,2,1,0,2,1,0,0,0
Y260415633497,7,1,1,1,1,6,0,0,0
Y260415664982,8,6,2,2,5,3,1,0,0
Y260415685558,8,5,2,3,5,3,0,0,0
Y260415686452,6,8,2,3,6,0,2,0,0
Y260415705202,8,9,0,0,6,2,3,0,0
Y260415721282,7,5,1,1,5,2,0,0,0
Y260415725135,14,11,0,1,10,4,1,0,0
Y260415736196,9,7,4,3,5,4,2,0,1
Y260415796903,5,6,3,3,3,2,3,0,0
Y260415801199,31,30,2,2,30,1,0,2,2
Y260415834356,6,6,1,1,5,1,1,0,0
Y260415859511,10,7,1,1,7,3,0,0,0
Y260415899384,12,6,2,0,5,7,1,0,0
Y260415915443,11,9,2,2,9,2,0,0,0
Y260415916943,12,5,3,2,5,7,0,0,0
Y260415947818,7,6,0,0,5,2,1,0,0
Y260415957547,10,9,1,1,8,2,1,0,0
Y260415970730,2,2,2,2,2,0,0,0,0
Y260416024390,4,4,3,4,3,1,1,0,0
Y260416028501,16,18,6,8,11,5,7,0,0
Y260416059620,20,21,5,6,16,4,5,0,0
Y260416102726,4,2,1,1,2,2,0,0,0
Y260416116383,0,1,0,0,0,0,1,0,0
Y260416123184,59,37,5,8,36,23,1,2,2
Y260416181004,42,35,4,4,34,8,1,2,2
Y260416197046,1,1,1,1,1,0,0,0,0
Y260416211171,11,12,2,3,7,4,5,0,0
Y260416225069,17,12,5,6,10,7,2,0,0
Y260416227770,10,10,4,2,9,1,1,0,0
Y260416229443,14,11,5,4,9,5,2,0,0
Y260416313332,33,11,7,5,10,23,1,0,0
Y260416316872,14,11,3,3,11,3,0,0,0
Y260416382612,1,10,1,8,1,0,9,0,0
Y260416393761,13,13,4,3,9,4,4,0,0
Y260416407934,9,5,2,3,4,5,1,0,0
Y260416409202,23,14,5,3,12,11,2,0,0
Y260416510368,1,1,1,1,1,0,0,0,0
Y260416525903,6,7,2,2,4,2,3,0,0
Y260416603314,16,10,4,5,10,6,0,0,0
Y260416636562,16,20,5,8,11,5,9,0,0
Y260416685690,12,6,1,0,4,8,2,0,0
Y260416697858,13,11,2,3,10,3,1,1,1
Y260416710970,2,4,0,0,2,0,2,0,0
Y260416720585,15,10,6,7,8,7,2,0,0
Y260416725891,14,10,4,0,7,7,3,0,0
Y260416741278,11,9,3,3,7,4,2,0,0
Y260416818425,26,7,7,4,6,20,1,0,0
Y260416902662,11,11,4,6,9,2,2,0,0
Y260416934256,1,1,1,1,1,0,0,0,0
Y260416938615,1,2,0,0,1,0,1,0,0
Y260416945736,8,11,1,0,8,0,3,0,0
Y260416948132,8,8,1,1,6,2,2,0,0
Y260416950196,9,7,4,5,7,2,0,1,1
Y260416970597,12,7,2,3,7,5,0,1,0
Y260416976874,12,7,3,5,6,6,1,0,0
Y260416983460,15,14,4,3,8,7,6,0,0
Y260416983958,7,6,3,3,6,1,0,0,0
Y260417005952,17,12,4,5,10,7,2,0,0
Y260417026635,11,13,5,5,11,0,2,0,1
Y260417100334,11,8,5,4,7,4,1,0,0
Y260417130754,20,17,4,6,14,6,3,0,0
Y260417147314,0,0,0,0,0,0,0,0,0
Y260417211572,12,12,3,3,11,1,1,3,3
Y260417222525,6,5,3,0,4,2,1,0,0
Y260417288157,1,12,1,12,1,0,11,0,0
Y260417295785,14,8,4,4,7,7,1,0,0
Y260417331287,16,20,5,9,11,5,9,0,0
Y260417384277,8,6,3,3,6,2,0,0,0
Y260417392165,14,8,5,4,7,7,1,0,0
Y260417395095,1,2,1,2,1,0,1,0,0
Y260417398834,13,7,3,1,5,8,2,0,0
Y260417537670,6,5,3,2,5,1,0,1,1
Y260417564388,2,3,2,3,2,0,1,0,0
Y260417592786,7,3,2,3,3,4,0,0,0
Y260417593184,12,10,5,5,10,2,0,0,0
Y260417619730,13,4,4,4,3,10,1,0,0
Y260417640180,17,5,8,2,5,12,0,3,1
Y260417649532,8,9,5,5,7,1,2,0,0
Y260417683627,14,11,5,3,11,3,0,0,0
Y260417693608,18,9,8,4,7,11,2,0,1
Y260417741862,13,5,6,1,3,10,2,0,0
Y260417744672,1,1,1,1,1,0,0,0,0
Y260417790024,16,8,5,4,6,10,2,0,0
Y260417805906,16,10,4,1,8,8,2,0,0
Y260417864089,47,8,8,4,8,39,0,0,0
Y260417874055,13,20,5,6,11,2,9,0,0
Y260417903376,12,10,4,4,8,4,2,0,0
Y260417917738,11,8,3,3,8,3,0,1,1
Y260417925057,4,3,0,0,3,1,0,0,0
Y260417944653,23,15,6,7,13,10,2,0,0
Y260417954520,17,23,6,16,9,8,14,0,0
Y260417967837,52,40,4,5,40,12,0,2,2
Y260418070682,16,14,4,5,13,3,1,0,1
Y260418095608,16,13,4,4,11,5,2,0,0
Y260418126860,21,16,6,9,13,8,3,0,0
Y260418130898,14,6,7,2,5,9,1,1,0
Y260418134244,17,14,4,5,10,7,4,0,0
Y260418214004,21,20,10,4,14,7,6,1,1
Y260418214744,9,8,1,0,6,3,2,0,0
Y260418256973,5,6,3,2,4,1,2,1,1
Y260418257214,13,10,5,6,9,4,1,0,0
Y260418264335,11,14,4,6,8,3,6,0,0
Y260418268413,19,10,7,6,7,12,3,0,0
Y260418291031,16,12,3,3,10,6,2,0,0
Y260418298630,13,9,4,4,8,5,1,0,0
Y260418326144,23,20,7,6,16,7,4,0,0
Y260418347680,39,35,4,4,35,4,0,2,2
Y260418377641,19,13,5,6,13,6,0,1,1
Y260418387581,8,7,3,2,6,2,1,0,0
Y260418425829,20,12,9,9,12,8,0,0,0
Y260418428396,17,7,3,5,7,10,0,0,0
Y260418434649,2,3,2,3,2,0,1,0,0
Y260418457038,14,9,3,3,7,7,2,0,0
Y260418476093,19,13,4,6,11,8,2,0,0
Y260418480717,16,14,6,4,13,3,1,0,0
Y260418498834,2,1,1,1,1,1,0,0,0
Y260418504194,8,6,5,0,3,5,3,0,0
Y260418519475,7,5,2,2,4,3,1,0,0
Y260418549512,14,8,6,0,5,9,3,0,0
Y260418621614,39,12,9,5,9,30,3,1,2
Y260418650812,1,9,1,7,1,0,8,0,0
Y260418721071,17,13,3,4,12,5,1,0,0
Y260418788661,1,2,1,2,1,0,1,0,0
Y260418837294,15,10,6,6,8,7,2,0,0
Y260418876707,23,23,8,5,18,5,5,1,1
Y260418948865,9,6,4,4,6,3,0,0,0
Y260418952164,25,32,8,7,21,4,11,0,0
Y260418961423,11,11,7,6,10,1,1,0,0
Y260419028833,9,7,3,3,6,3,1,0,0
Y260419032303,1,1,1,1,1,0,0,0,0
Y260419055220,2,2,0,0,2,0,0,0,0
Y260419095940,9,5,1,1,4,5,1,0,0
Y260419102363,4,4,1,1,4,0,0,0,0
Y260419216414,18,15,4,4,11,7,4,0,0
Y260419237237,17,16,2,3,13,4,3,0,0
Y260419327445,6,6,2,1,5,1,1,0,0
Y260419370951,15,11,2,4,8,7,3,0,0
Y260419516326,11,7,5,3,7,4,0,0,0
Y260419519743,3,5,2,3,3,0,2,0,0
Y260419537520,23,8,2,0,5,18,3,0,0
Y260419538667,10,14,3,7,6,4,8,0,0
Y260419569283,19,11,4,3,11,8,0,2,1
Y260419587075,11,10,2,3,9,2,1,0,0
Y260419641486,53,40,2,3,40,13,0,1,1
Y260419698166,6,4,1,0,3,3,1,0,0
Y260419723384,13,13,6,5,8,5,5,0,0
Y260419728295,6,4,1,0,2,4,2,0,0
Y260419732166,11,10,4,3,8,3,2,0,0
Y260419734816,13,9,2,2,9,4,0,0,0
Y260419755021,7,9,2,4,6,1,3,0,0
Y260419804972,13,7,4,3,7,6,0,0,0
Y260419855096,8,9,1,1,7,1,2,0,0
Y260419879740,11,7,4,3,6,5,1,0,0
Y260419898944,9,7,5,4,6,3,1,0,0
Y260419908347,6,10,2,3,6,0,4,0,0
Y260419931746,10,8,3,3,5,5,3,0,0
Y260419952016,17,10,8,5,9,8,1,0,0
Y260419963408,8,6,2,3,5,3,1,0,0
Y260419965404,19,18,2,2,16,3,2,0,0
Y260419980544,8,9,4,3,7,1,2,0,0
Y260419984057,10,9,5,4,7,3,2,0,0
Y260420006836,9,7,3,3,5,4,2,0,0
Y260420010501,12,8,5,0,5,7,3,0,0
Y260420012338,24,12,3,4,11,13,1,0,1
Y260420096795,8,12,4,2,8,0,4,0,0
Y260420148957,9,8,1,2,5,4,3,0,0
Y260420165151,2,2,0,0,2,0,0,0,0
Y260420197743,16,15,5,10,7,9,8,0,0
Y260420298259,10,8,2,2,8,2,0,0,0
Y260420316054,55,43,5,7,43,12,0,2,2
Y260420326361,1,1,1,1,1,0,0,0,0
Y260420331412,56,17,2,5,17,39,0,0,0
Y260420375621,5,6,1,0,5,0,1,0,0
Y260420375777,5,6,1,0,4,1,2,0,0
Y260420475986,13,19,4,6,9,4,10,0,1
Y260420505483,16,10,4,3,9,7,1,1,1
Y260420515890,18,12,3,6,10,8,2,1,1
Y260420525926,12,9,4,2,5,7,4,0,0
Y260420540936,15,9,2,4,8,7,1,0,0
Y260420592109,1,1,1,1,1,0,0,1,1
Y260420618569,17,16,5,5,10,7,6,1,1
Y260420694032,8,10,2,2,7,1,3,1,1
Y260420799566,1,1,0,0,1,0,0,0,0
Y260420799772,10,12,2,1,8,2,4,0,0
Y260420812530,12,13,5,7,8,4,5,0,0
Y260420828575,7,5,3,3,5,2,0,0,0
Y260420840320,12,12,3,3,10,2,2,0,0
Y260420868765,12,7,2,3,7,5,0,0,0
Y260420935359,6,5,2,2,4,2,1,0,0
Y260420944790,1,1,1,1,1,0,0,0,0
Y260420970418,15,9,5,6,8,7,1,0,0
Y260421005638,3,5,2,1,3,0,2,0,0
Y260421088100,15,8,3,2,7,8,1,1,1
Y260421119208,13,13,3,3,9,4,4,1,0
Y260421210288,11,7,3,5,5,6,2,0,0
Y260421226437,9,11,2,2,7,2,4,0,0
Y260421228484,12,10,3,3,10,2,0,0,0
Y260421296163,7,8,1,1,7,0,1,0,0
Y260421319927,11,13,4,0,9,2,4,0,0
Y260421320667,12,11,2,1,8,4,3,0,0
Y260421323520,1,1,1,1,1,0,0,0,0
Y260421324771,19,11,8,7,11,8,0,0,0
Y260421363145,11,9,3,6,5,6,4,0,0
Y260421382573,15,9,3,3,8,7,1,0,0
Y260421391216,6,6,1,1,5,1,1,0,0
Y260421445584,10,7,4,5,6,4,1,0,0
Y260421450645,11,10,4,4,8,3,2,0,0
Y260421505719,12,3,1,2,3,9,0,0,0
Y260421507426,1,4,1,4,1,0,3,0,0
Y260421544626,18,19,8,10,12,6,7,2,3
Y260421574250,13,9,7,6,9,4,0,0,0
Y260421584721,8,8,3,3,7,1,1,0,0
Y260421638617,6,8,3,0,4,2,4,0,0
Y260421648657,8,7,1,1,7,1,0,0,0
Y260421653019,12,9,4,2,8,4,1,1,1
Y260421702756,2,1,1,0,1,1,0,0,0
Y260421731147,1,2,1,2,1,0,1,1,2
Y260421832031,35,33,3,3,33,2,0,2,2
Y260421873265,12,8,3,3,7,5,1,0,0
Y260421880040,8,5,1,0,5,3,0,1,1
Y260421930887,10,10,3,3,10,0,0,0,0
Y260422001228,17,14,6,4,12,5,2,0,0
Y260422008549,5,6,2,2,5,0,1,0,0
Y260422018764,23,4,8,4,4,19,0,0,0
Y260422028984,16,10,6,0,7,9,3,0,0
Y260422038084,16,20,4,11,10,6,10,0,0
Y260422108027,11,10,4,6,8,3,2,0,0
Y260422169923,17,16,8,10,12,5,4,0,1
Y260422238634,49,18,8,8,14,35,4,0,1
Y260422297160,12,14,4,9,8,4,6,0,0
Y260422320791,10,9,3,4,8,2,1,0,0
Y260422340559,1,1,1,1,1,0,0,0,0
Y260422350843,9,8,3,3,8,1,0,0,0
Y260422367855,1,1,0,0,1,0,0,0,0
Y260422412758,2,3,1,2,2,0,1,0,0
Y260422416273,14,9,8,1,8,6,1,0,0
Y260422422956,3,3,2,3,2,1,1,0,0
Y260422462378,6,6,2,2,5,1,1,0,0
Y260422473180,15,16,6,8,12,3,4,0,0
Y260422567248,23,22,5,18,9,14,13,0,0
Y260422668764,79,35,11,6,34,45,1,2,2
Y260422678818,15,14,5,6,12,3,2,0,0
Y260422683237,8,10,5,5,8,0,2,0,0
Y260422729635,14,7,4,1,4,10,3,0,0
Y260422732598,11,9,2,2,7,4,2,0,0
Y260422780802,10,10,5,5,9,1,1,0,0
Y260422781439,15,13,5,5,11,4,2,0,0
Y260422824656,8,9,4,2,7,1,2,0,0
Y260422935931,72,34,9,8,31,41,3,1,1
Y260422943988,1,11,1,8,1,0,10,0,0
Y260422970046,2,3,1,2,2,0,1,0,0
Y260423760333,16,18,4,5,12,4,6,1,1
Y260423768815,12,7,5,5,6,6,1,0,0
Y260424010491,10,4,1,1,4,6,0,0,0
Y260424014790,32,28,0,0,28,4,0,2,2
Y260424078014,11,9,4,3,7,4,2,0,0
Y260424093995,9,8,1,1,7,2,1,0,0
Y260424115689,12,10,1,0,9,3,1,0,0
Y260424119726,15,7,3,3,7,8,0,0,0
Y260424143556,14,6,2,2,5,9,1,0,0
Y260424148263,16,13,5,6,10,6,3,1,1
Y260424155597,4,3,0,0,3,1,0,0,0
Y260424159137,9,4,1,1,4,5,0,0,0
Y260424180763,11,11,5,4,8,3,3,0,0
Y260424224398,12,9,0,0,7,5,2,0,0
Y260424250242,15,8,5,4,7,8,1,0,0
Y260424267987,6,9,2,4,4,2,5,0,0
Y260424283781,2,2,0,0,2,0,0,0,0
Y260424304160,8,8,3,2,7,1,1,0,0
Y260424317059,14,12,5,4,9,5,3,0,0
Y260424370119,12,4,1,1,4,8,0,0,0
Y260424386478,12,8,1,2,5,7,3,0,0
Y260424404955,9,6,3,3,6,3,0,0,0
Y260424417649,9,7,0,1,4,5,3,0,0
Y260424428706,10,6,1,2,5,5,1,0,0
Y260424439175,11,7,0,0,4,7,3,0,1
Y260424487175,6,7,1,1,4,2,3,0,0
Y260424523126,11,6,1,1,5,6,1,0,0
Y260424587052,29,25,1,2,25,4,0,0,0
Y260424588974,13,8,3,4,8,5,0,0,0
Y260424591626,12,4,2,2,3,9,1,0,0
Y260424632607,22,11,2,3,11,11,0,0,0
Y260424641631,5,6,2,3,4,1,2,2,3
Y260424665763,8,6,3,3,5,3,1,1,1
Y260424790218,13,6,5,3,5,8,1,0,0
Y260424854286,7,8,1,1,5,2,3,0,0
Y260424873612,4,3,2,2,3,1,0,0,0
Y260424880232,11,7,2,0,5,6,2,0,0
Y260424921459,1,2,0,0,1,0,1,0,0
Y260424955702,11,6,1,1,5,6,1,0,0
Y260424960930,11,4,2,0,4,7,0,0,0
Y260424967973,7,3,0,1,2,5,1,0,0
Y260424972258,4,3,0,0,2,2,1,0,0
Y260425003662,20,15,6,3,11,9,4,0,0
Y260425038973,1,1,0,0,1,0,0,0,0
Y260425064296,14,11,5,5,10,4,1,0,0
Y260425127200,3,5,1,3,3,0,2,0,0
Y260425159011,40,11,5,2,11,29,0,0,0
Y260425182234,1,1,1,1,1,0,0,0,0
Y260425192747,15,13,6,4,10,5,3,0,0
Y260425203748,18,12,3,3,9,9,3,0,0
Y260425205303,7,7,0,0,6,1,1,1,1
Y260425206184,9,7,2,2,7,2,0,0,0
Y260425217577,9,3,1,0,2,7,1,0,0
Y260425219164,3,4,0,0,3,0,1,1,1
Y260425231168,9,6,3,5,6,3,0,0,0
Y260425245345,10,8,1,1,7,3,1,0,0
Y260425291185,18,15,4,4,13,5,2,0,0
Y260425308375,22,7,1,4,5,17,2,0,0
Y260425355443,17,8,2,2,8,9,0,0,0
Y260425368708,8,6,1,1,6,2,0,0,0
Y260425449920,9,4,1,2,3,6,1,0,0
Y260425487816,6,4,0,1,4,2,0,1,1
Y260425514840,2,2,0,0,2,0,0,0,0
Y260425574935,53,36,7,5,36,17,0,2,2
Y260425610209,15,9,4,5,6,9,3,0,0
Y260425617816,9,8,1,2,5,4,3,0,0
Y260425621216,28,13,4,3,13,15,0,0,0
Y260425642062,19,11,4,3,9,10,2,0,0
Y260425651759,21,14,2,5,11,10,3,0,0
Y260425668077,6,6,1,0,5,1,1,0,0
Y260425679959,6,6,0,0,5,1,1,0,0
Y260425748086,18,12,0,4,9,9,3,0,0
Y260425756823,6,5,1,0,3,3,2,0,0
Y260425775190,7,5,0,1,5,2,0,0,0
Y260425786601,16,14,3,2,10,6,4,0,0
Y260425787568,20,17,2,2,13,7,4,0,0
Y260425787876,26,26,1,1,24,2,2,1,1
Y260425794818,16,19,4,3,11,5,8,0,0
Y260425804357,10,8,2,0,6,4,2,0,0
Y260425808885,1,4,1,3,1,0,3,0,0
Y260425835730,1,1,1,1,1,0,0,1,1
Y260425869380,7,6,1,1,6,1,0,0,0
Y260425891584,13,8,2,1,6,7,2,0,0
Y260425910638,14,9,1,1,9,5,0,0,0
Y260425986793,18,17,2,3,13,5,4,0,0
Y260425990307,1,1,1,1,1,0,0,0,0
Y260425996833,16,8,3,4,8,8,0,0,0
Y260426005367,15,9,4,5,8,7,1,0,0
Y260426009165,5,4,0,0,4,1,0,0,0
Y260426023754,1,1,1,1,1,0,0,0,0
Y260426035559,14,7,4,2,6,8,1,0,0
Y260426145548,9,8,3,3,8,1,0,0,0
Y260426164249,8,7,2,2,5,3,2,0,0
Y260426182740,5,6,1,1,4,1,2,0,0
Y260426192236,14,12,1,5,10,4,2,0,0
Y260426211417,9,10,4,4,7,2,3,0,1
Y260426211748,11,4,4,4,4,7,0,0,0
Y260426213352,13,4,3,3,4,9,0,0,0
Y260426215687,24,23,0,0,22,2,1,2,2
Y260426217458,10,5,2,2,5,5,0,0,0
Y260426251279,7,4,1,1,4,3,0,0,0
Y260426277369,1,1,0,0,1,0,0,0,0
Y260426303268,6,5,0,1,5,1,0,0,0
Y260426378896,1,1,1,1,1,0,0,0,0
Y260426396981,2,2,2,2,2,0,0,0,0
Y260426405375,9,8,1,1,5,4,3,0,0
Y260426429567,54,18,3,5,17,37,1,0,0
Y260426430772,11,7,1,3,6,5,1,0,0
Y260426476231,15,7,2,2,7,8,0,1,1
Y260426535554,7,6,1,1,4,3,2,0,0
Y260426586141,7,5,1,1,4,3,1,0,0
Y260426608572,13,6,5,4,6,7,0,0,0
Y260426608790,3,3,0,0,3,0,0,0,0
Y260426618263,3,1,2,1,1,2,0,0,0
Y260426627040,11,5,1,2,5,6,0,0,0
Y260426644141,1,4,1,2,1,0,3,0,0
Y260426660594,8,6,2,3,4,4,2,0,0
Y260426701577,3,2,2,2,2,1,0,3,2
Y260426733835,8,4,0,1,4,4,0,0,0
Y260426742578,8,7,2,1,6,2,1,0,0
Y260426746908,17,12,6,4,11,6,1,0,0
Y260426752970,9,4,2,2,4,5,0,0,0
Y260426789801,13,9,2,3,7,6,2,0,0
Y260426803915,7,6,1,1,6,1,0,0,0
Y260426813343,13,10,6,4,9,4,1,1,1
Y260426839569,11,9,3,2,8,3,1,0,0
Y260426843071,27,22,1,1,21,6,1,1,1
Y260426849268,8,5,5,3,5,3,0,0,0
Y260426882356,8,10,0,0,7,1,3,0,0
Y260426885737,9,7,4,4,6,3,1,0,0
Y260426906572,7,3,0,1,3,4,0,0,0
Y260426911721,11,10,3,5,9,2,1,0,0
Y260426961793,31,30,2,1,29,2,1,2,2
Y260426998953,11,11,1,2,10,1,1,0,0
Y260427011256,9,9,2,2,7,2,2,0,0
Y260427041348,35,34,1,1,34,1,0,1,1
Y260427049761,8,7,2,3,7,1,0,0,0
Y260427053833,9,3,1,3,3,6,0,0,0
Y260427072867,11,6,2,3,5,6,1,0,0
Y260427107127,13,8,2,3,6,7,2,0,0
Y260427152520,42,24,9,7,23,19,1,0,0
Y260427174490,9,10,1,0,6,3,4,0,0
Y260427175491,10,8,2,2,7,3,1,0,0
Y260427196508,6,6,1,1,6,0,0,1,1
Y260427214910,6,5,1,1,5,1,0,0,0
Y260427237428,7,6,2,2,6,1,0,0,0
Y260427272268,13,9,2,2,9,4,0,0,0
Y260427339291,9,2,1,1,2,7,0,0,0
Y260427367053,10,10,1,1,7,3,3,0,0
Y260427426750,13,9,3,4,8,5,1,0,0
Y260427543868,10,7,1,2,5,5,2,0,0
Y260427570245,9,6,2,3,5,4,1,0,0
Y260427592661,7,8,1,1,7,0,1,0,1
Y260427597543,7,4,0,0,4,3,0,0,0
Y260427614965,12,10,5,5,6,6,4,0,0
Y260427625264,5,3,2,2,2,3,1,0,0
Y260427639180,7,7,3,3,7,0,0,0,0
Y260427647752,12,6,1,2,5,7,1,1,1
Y260427656941,21,20,1,1,20,1,0,2,2
Y260427699765,12,10,3,3,8,4,2,0,0
Y260427730612,9,7,0,1,6,3,1,0,0
Y260427733172,12,6,2,1,4,8,2,0,0
Y260427739146,5,7,0,0,5,0,2,0,1
Y260427746797,2,2,0,0,2,0,0,0,0
Y260427772412,14,13,3,3,10,4,3,2,3
Y260427780144,46,28,2,5,28,18,0,1,1
Y260427846911,4,4,1,2,3,1,1,1,1
Y260427959588,9,6,3,4,6,3,0,0,0
Y260427980919,7,8,2,2,6,1,2,0,0
Y260428018968,9,11,3,5,8,1,3,0,0
Y260428033319,5,5,0,1,3,2,2,0,0
Y260428063575,5,2,1,1,2,3,0,0,0
Y260428077127,13,14,4,2,10,3,4,0,0
Y260428109897,6,5,0,1,3,3,2,0,0
Y260428171718,33,26,0,0,26,7,0,2,2
Y260428172526,4,3,1,2,3,1,0,0,0
Y260428176920,10,9,2,1,8,2,1,0,0
Y260428215882,9,5,0,0,4,5,1,0,0
Y260428259060,9,7,0,1,6,3,1,0,0
Y260428263156,11,9,0,1,7,4,2,0,0
Y260428306707,9,11,6,6,9,0,2,0,0
Y260428313703,10,9,1,2,8,2,1,1,1
Y260428322001,4,4,2,2,3,1,1,0,0
Y260428346081,2,2,0,0,1,1,1,0,0
Y260428350988,58,22,3,7,21,37,1,0,0
Y260428389458,83,44,3,6,44,39,0,2,2
Y260428391445,6,2,0,0,2,4,0,0,0
Y260428405123,10,8,4,4,7,3,1,0,0
Y260428444927,7,2,1,2,2,5,0,0,0
Y260428545474,6,5,1,1,5,1,0,0,0
Y260428558080,32,25,3,2,25,7,0,1,1
Y260428565167,12,6,2,3,5,7,1,0,0
Y260428600360,8,6,1,2,5,3,1,0,0
Y260428604992,11,9,1,1,9,2,0,0,0
Y260428625852,7,7,2,2,5,2,2,0,0
Y260428627238,9,6,4,4,6,3,0,0,0
Y260428633940,17,6,0,2,5,12,1,0,0
Y260428669286,5,8,2,4,5,0,3,0,0
Y260428705796,9,6,2,2,5,4,1,0,0
Y260428716732,16,15,4,4,9,7,6,1,2
Y260428769548,15,10,4,6,10,5,0,0,0
Y260428779857,1,2,1,2,1,0,1,1,2
Y260428780971,7,4,2,1,4,3,0,0,0
Y260428825153,6,5,3,1,4,2,1,0,0
Y260428843576,8,6,3,3,5,3,1,0,0
Y260428867566,8,6,0,0,5,3,1,0,0
Y260428893384,4,4,1,2,4,0,0,0,0
Y260428949935,9,8,0,0,7,2,1,1,2
Y260428972179,4,4,1,1,3,1,1,0,0
Y260428978478,7,6,2,3,5,2,1,0,0
Y260429041647,1,1,0,0,1,0,0,0,0
Y260429905922,8,5,0,2,3,5,2,0,0
Y260430013658,10,5,0,1,5,5,0,0,0
Y260430020531,42,39,0,0,39,3,0,2,2
Y260430051319,12,5,1,2,5,7,0,0,0
Y260430063433,6,6,1,1,6,0,0,0,0
Y260430115027,11,9,2,2,8,3,1,0,0
Y260430116929,12,7,2,3,7,5,0,0,0
Y260430147984,8,5,1,1,5,3,0,0,0
Y260430149477,8,4,0,1,4,4,0,0,0
Y260430157839,13,6,1,2,6,7,0,1,1
Y260430192167,10,9,4,4,6,4,3,0,0
Y260430250999,5,3,2,1,3,2,0,0,0
Y260430252393,13,5,2,0,5,8,0,0,0
Y260430262433,1,1,1,1,1,0,0,0,0
Y260430273062,14,9,1,0,7,7,2,0,0
Y260430285781,5,4,2,2,4,1,0,0,0
Y260430288741,6,8,0,0,6,0,2,0,0
Y260430291256,25,6,6,2,5,20,1,1,1
Y260430308122,7,8,1,1,7,0,1,0,0
Y260430376746,1,1,1,1,1,0,0,0,0
Y260430490720,11,6,0,1,5,6,1,1,1
Y260430556534,35,33,0,0,33,2,0,2,2
Y260430560093,19,15,4,3,12,7,3,0,0
Y260430577766,11,6,2,2,6,5,0,0,0
Y260430615607,9,5,0,2,5,4,0,0,0
Y260430633376,4,5,1,1,3,1,2,0,0
Y260430647153,8,9,0,0,6,2,3,0,0
Y260430679448,6,6,2,2,6,0,0,0,0
Y260430702921,6,3,1,1,2,4,1,0,0
Y260430704288,7,3,0,0,3,4,0,0,0
Y260430715023,7,4,0,1,3,4,1,0,0
Y260430731058,7,6,0,1,5,2,1,0,0
Y260430732735,11,8,1,0,6,5,2,0,0
Y260430735021,6,3,1,1,3,3,0,0,0
Y260430735067,32,25,1,2,25,7,0,1,1
Y260430765922,9,8,3,2,7,2,1,1,1
Y260430803851,1,1,0,0,1,0,0,0,0
Y260430811228,10,6,0,0,5,5,1,0,0
Y260430850177,3,3,0,0,2,1,1,1,1
Y260430886842,10,10,2,4,5,5,5,0,0
Y260430907633,5,5,1,2,4,1,1,0,0
Y260430943380,8,7,1,1,4,4,3,0,0
Y260501001076,13,10,4,4,10,3,0,0,0
Y260501020637,10,5,3,2,5,5,0,0,0
Y260501035533,33,22,2,2,21,12,1,2,2
Y260501134615,7,8,4,4,7,0,1,0,0
Y260501279903,13,9,4,4,9,4,0,0,0
Y260501343848,10,13,4,4,9,1,4,0,0
Y260501356948,8,5,2,2,5,3,0,0,0
Y260501361401,11,10,1,3,10,1,0,0,0
Y260501409740,12,11,3,2,8,4,3,0,0
Y260501416747,16,8,1,2,7,9,1,0,0
Y260501432107,14,8,5,4,8,6,0,0,0
Y260501445461,14,8,2,3,6,8,2,0,0
Y260501488883,14,4,1,3,4,10,0,0,0
Y260501529535,15,14,3,4,10,5,4,0,0
Y260501546454,13,10,2,2,8,5,2,0,0
Y260501601301,4,3,0,0,3,1,0,0,0
Y260501659801,6,5,2,1,4,2,1,0,0
Y260501664293,13,5,2,1,3,10,2,0,0
Y260501713149,16,16,4,2,10,6,6,0,0
Y260501727129,6,2,0,0,2,4,0,0,0
Y260501743877,2,2,0,0,2,0,0,0,0
Y260501745563,6,7,0,0,5,1,2,0,0
Y260501779100,5,5,2,2,5,0,0,0,0
Y260501805203,10,10,4,2,7,3,3,0,0
Y260501934756,13,10,2,2,7,6,3,1,1
Y260502042565,1,2,1,1,1,0,1,0,0
Y260502049800,11,7,2,2,7,4,0,0,0
Y260502310634,13,6,1,3,5,8,1,0,0
Y260502375353,14,9,6,6,8,6,1,0,0
Y260502522879,3,4,1,1,3,0,1,0,0
Y260502635695,1,1,1,1,1,0,0,1,1
Y260502661415,8,8,4,5,5,3,3,0,0
Y260502756942,7,5,1,0,3,4,2,0,0
Y260502767741,8,10,1,1,6,2,4,0,0
Y260502784270,9,3,2,2,3,6,0,0,0
Y260502817923,7,4,0,0,4,3,0,0,0
Y260502881270,23,23,1,1,22,1,1,0,0
Y260502951829,3,2,0,0,2,1,0,0,0
Y260503017596,19,16,5,9,13,6,3,0,0
Y260503034373,12,8,1,2,7,5,1,0,0
Y260503185272,17,9,4,5,9,8,0,0,0
Y260503379858,15,15,6,4,12,3,3,0,0
Y260503441244,29,15,8,7,10,19,5,0,0
Y260503588663,18,16,8,6,12,6,4,0,0
Y260503609657,4,4,4,4,4,0,0,0,0
Y260503702483,12,10,4,5,8,4,2,0,0
Y260503738656,21,13,7,6,13,8,0,0,0
Y260503752077,12,15,6,7,11,1,4,0,0
Y260503771486,3,4,1,1,3,0,1,0,0
Y260503918850,1,1,0,0,1,0,0,0,0
Y260503922892,5,5,2,2,5,0,0,0,0
Y260504001069,18,17,8,5,14,4,3,0,0
Y260504025608,23,19,8,5,17,6,2,0,0
Y260504130061,1,1,1,1,1,0,0,0,0
Y260504300836,18,13,5,3,12,6,1,0,0
Y260504304238,43,26,3,4,26,17,0,2,2
Y260504534021,7,7,2,1,7,0,0,0,0
Y260504603445,9,6,3,3,5,4,1,0,0
Y260504715188,16,15,3,3,11,5,4,0,0
Y260511972679,2,3,0,0,2,0,1,2,3
Y260512060758,3,2,0,1,2,1,0,0,0
Y260512080992,6,7,0,0,5,1,2,0,1
Y260512436488,17,4,7,4,4,13,0,0,0
Y260512726674,9,5,1,2,4,5,1,0,0
Y260512764283,11,6,3,1,5,6,1,0,0
Y260512786819,14,19,3,4,11,3,8,0,0
Y260512921676,1,2,0,0,1,0,1,0,1
Y260513000365,12,11,2,1,10,2,1,0,0
Y260513072639,44,15,4,5,15,29,0,0,0
Y260513170572,15,11,2,1,10,5,1,0,0
Y260513247979,13,10,2,3,9,4,1,1,1
Y260513255747,4,4,0,1,3,1,1,0,0
Y260513303739,7,6,0,1,5,2,1,0,0
Y260513361138,12,9,3,0,6,6,3,0,0
Y260513388187,1,1,1,1,1,0,0,0,0
Y260513512535,2,2,0,0,2,0,0,0,0
Y260513513208,10,8,2,4,5,5,3,0,0
Y260513567002,9,11,3,7,8,1,3,0,0
Y260513662465,9,5,2,3,5,4,0,0,0
Y260513678107,10,13,4,5,7,3,6,0,0
Y260513686671,13,13,2,1,10,3,3,0,0
Y260513709705,17,8,2,2,6,11,2,0,0
Y260513893058,10,7,1,3,5,5,2,0,0
Y260513898318,8,6,1,1,6,2,0,0,0
Y260513950928,8,6,0,0,5,3,1,0,0
Y260513991220,15,11,2,3,7,8,4,0,1
Y260514010213,8,10,3,1,6,2,4,0,0
Y260514024482,4,3,0,0,3,1,0,0,0
Y260514065608,6,6,0,0,5,1,1,0,0
Y260514230189,6,5,0,0,5,1,0,0,0
Y260514287503,9,3,0,1,3,6,0,0,0
Y260514412338,11,12,1,2,9,2,3,0,0
Y260514457857,47,24,8,8,18,29,6,0,0
Y260514470232,2,2,0,0,2,0,0,0,0
Y260514472818,10,8,1,1,7,3,1,0,0
Y260514529862,6,5,0,0,5,1,0,0,0
Y260514572951,10,8,3,4,8,2,0,0,0
Y260514677719,8,12,3,3,7,1,5,0,0
Y260514729801,3,1,1,0,1,2,0,0,0
Y260514751624,12,7,3,3,6,6,1,0,0
Y260514774926,4,2,0,1,2,2,0,0,0
Y260514788925,8,3,1,0,3,5,0,0,0
Y260514805370,15,7,6,1,5,10,2,10,1
Y260514815087,61,17,8,5,15,46,2,0,1
Y260515002840,25,8,10,6,7,18,1,0,0
Y260515080791,14,7,8,4,6,8,1,4,1
Y260515153185,13,10,4,4,7,6,3,0,0
Y260515156537,10,5,0,1,5,5,0,0,0
Y260515193348,13,16,3,3,10,3,6,0,0
Y260515369343,12,15,4,4,11,1,4,1,2
Y260515428400,14,11,4,4,10,4,1,0,0
Y260515455179,1,1,1,0,1,0,0,0,0
Y260515462874,16,11,4,5,10,6,1,0,0
Y260515554754,15,10,1,2,8,7,2,0,0
Y260515609775,9,7,1,2,5,4,2,0,1
Y260515671184,34,29,1,1,29,5,0,1,1
Y260515700483,12,9,4,1,4,8,5,0,0
Y260515716158,4,5,1,1,4,0,1,0,0
Y260515733162,12,6,1,2,6,6,0,0,0
Y260515775842,8,5,0,0,5,3,0,0,0
Y260515815003,13,5,3,2,4,9,1,0,0
Y260515832475,7,4,1,1,4,3,0,0,0
Y260515855469,2,4,1,1,2,0,2,1,3
Y260515862991,10,3,0,1,3,7,0,0,0
Y260515889461,13,4,2,1,4,9,0,1,1
Y260515890411,14,8,4,4,6,8,2,0,0
Y260515934413,13,8,1,1,7,6,1,1,1
Y260516048352,15,14,5,5,11,4,3,0,0
Y260516071994,13,6,6,0,3,10,3,0,0
Y260516103053,23,14,5,7,14,9,0,0,0
Y260516339451,15,11,5,2,10,5,1,0,0
Y260516381713,9,12,4,3,8,1,4,0,0
Y260516480480,3,3,2,2,3,0,0,0,0
Y260516550237,19,17,7,7,12,7,5,0,0
Y260516560447,14,9,5,6,9,5,0,0,0
Y260516617563,16,14,4,6,12,4,2,0,0
Y260516643670,6,6,2,2,6,0,0,0,0
Y260516645138,17,7,4,4,6,11,1,1,2
Y260516705735,21,22,5,6,13,8,9,0,0
Y260516717272,8,9,3,3,6,2,3,1,1
Y260516724206,25,15,5,6,13,12,2,1,1
Y260516817883,28,8,8,5,7,21,1,0,0
Y260516961781,12,5,6,5,5,7,0,0,0
Y260516985984,9,15,3,5,7,2,8,0,0
Y260517006298,12,7,2,0,6,6,1,0,0
Y260517124488,0,0,0,0,0,0,0,0,0
Y260517173540,31,23,1,2,23,8,0,1,1
Y260517226791,12,14,7,9,9,3,5,0,0
Y260517273876,13,13,4,6,10,3,3,0,0
Y260517310413,21,15,8,8,12,9,3,0,0
Y260517315927,14,11,7,2,7,7,4,0,0
Y260517376653,9,13,2,4,7,2,6,0,0
Y260517424819,19,11,9,4,9,10,2,0,1
Y260517492928,19,16,10,10,14,5,2,0,0
Y260517712958,11,9,3,3,8,3,1,0,0
Y260517737244,106,23,5,12,22,84,1,0,0
Y260517849667,17,7,5,5,7,10,0,0,0
Y260517877565,14,8,6,5,8,6,0,0,0
Y260517909873,16,11,5,4,11,5,0,0,0
Y260517943046,9,9,2,3,7,2,2,0,0
Y260518141927,8,5,2,0,3,5,2,0,0
Y260518217914,3,5,0,0,3,0,2,3,5
Y260518293255,16,11,6,5,7,9,4,0,0
Y260518459091,18,14,5,7,11,7,3,0,0
Y260518596872,18,21,5,4,14,4,7,0,0
Y260518638205,10,9,4,4,7,3,2,0,0
Y260518686985,10,6,3,2,5,5,1,0,1
Y260518695224,11,9,3,3,8,3,1,0,0
Y260518826827,9,9,3,3,7,2,2,0,0
Y260518868273,8,6,2,4,4,4,2,0,0
Y260518964507,4,5,1,0,2,2,3,4,5
Y260518971458,8,4,1,1,4,4,0,0,0
Y260518988609,17,10,7,4,9,8,1,1,1
Y260519004676,10,10,1,1,6,4,4,0,0
Y260519059961,0,1,0,0,0,0,1,0,0
Y260519074737,7,7,1,1,5,2,2,0,0
Y260519312302,12,11,3,3,10,2,1,0,0
Y260519377998,5,5,1,1,2,3,3,0,0
Y260519395725,9,4,2,0,4,5,0,0,0
Y260519571509,15,12,1,2,11,4,1,0,0
Y260519576191,6,2,1,2,2,4,0,0,0
Y260519616335,13,13,3,4,9,4,4,0,0
Y260519723547,10,8,3,3,8,2,0,0,0
Y260519770740,2,3,1,1,2,0,1,0,0
Y260519931020,35,11,5,6,10,25,1,2,1
Y260520067866,5,8,0,0,5,0,3,0,0
Y260520069112,5,7,2,1,4,1,3,0,0
Y260520161951,14,3,1,1,3,11,0,1,0
Y260520451736,10,8,4,3,7,3,1,1,1
Y260520539949,20,17,3,9,12,8,5,0,0
Y260520574786,6,5,1,0,3,3,2,0,0
Y260520589460,9,7,3,5,5,4,2,0,0
Y260520690880,17,11,1,3,10,7,1,1,1
Y260520810725,13,8,5,1,3,10,5,0,0
Y260520892914,59,30,9,6,30,29,0,1,1
Y260521034482,20,7,2,2,5,15,2,0,0
Y260521237954,19,10,2,3,9,10,1,0,0
Y260521293710,36,20,0,3,20,16,0,0,0
Y260521313317,18,16,1,5,13,5,3,1,1
Y260521398588,14,11,2,2,8,6,3,1,1
Y260521623383,11,9,1,1,8,3,1,1,0
Y260521800977,9,4,1,2,2,7,2,0,0
Y260523142086,17,12,2,1,9,8,3,0,0
Y260523440855,6,6,2,2,5,1,1,0,0
Y260523457153,11,6,1,2,5,6,1,0,0
Y260523526597,14,8,3,1,5,9,3,0,0
Y260523812120,1,2,1,0,1,0,1,0,0
Y260523826254,14,8,2,3,7,7,1,0,0
Y260523891285,9,7,3,3,6,3,1,0,0
Y260523948201,8,7,1,2,5,3,2,0,0
Y260524068602,13,11,0,0,11,2,0,0,0
Y260524115951,13,16,4,7,10,3,6,0,0
Y260524247566,4,4,1,1,3,1,1,0,0
Y260524335824,5,4,1,1,3,2,1,0,0
Y260524387654,4,3,0,0,3,1,0,0,0
Y260524388032,4,3,0,0,3,1,0,0,0
Y260524489875,3,3,0,0,2,1,1,0,0
Y260524584982,7,8,3,3,4,3,4,0,0
Y260524614265,4,4,0,0,3,1,1,0,0
Y260524634867,7,6,0,0,6,1,0,0,0
Y260524653334,8,8,1,1,6,2,2,0,0
Y260524883301,10,6,2,0,3,7,3,0,0
Y260524917279,2,0,0,0,0,2,0,0,0
Y260524988846,5,5,0,0,4,1,1,0,0
Y260525014621,7,8,1,1,5,2,3,0,0
Y260525112102,32,33,10,8,21,11,12,0,0
Y260525173200,12,13,5,5,12,0,1,0,0
Y260525269588,6,4,1,1,4,2,0,0,0
Y260525282152,11,11,2,2,7,4,4,0,0
Y260525510892,8,5,0,0,4,4,1,0,0
Y260525827982,18,15,0,0,15,3,0,0,0
Y260525957170,7,5,1,2,5,2,0,0,0
Y260526065563,5,3,0,0,3,2,0,0,0
Y260526116035,3,3,0,0,2,1,1,0,0
Y260526175504,6,4,1,0,4,2,0,1,1
Y260526204493,4,4,1,1,4,0,0,0,0
Y260526233775,3,3,1,0,3,0,0,1,1
Y260526313490,8,6,0,0,4,4,2,0,0
Y260526319194,8,6,0,1,4,4,2,0,0
Y260526514575,0,3,0,0,0,0,3,0,0
Y260526544332,5,4,0,0,3,2,1,0,0
Y260526558924,7,5,1,1,5,2,0,0,0
Y260526753962,3,3,0,0,2,1,1,0,0
Y260526848398,8,9,1,2,6,2,3,0,0
Y260526856804,7,3,0,0,3,4,0,0,0
Y260527113411,8,9,2,2,7,1,2,0,0
Y260527137808,9,12,3,3,8,1,4,0,0
Y260527142236,6,5,0,0,4,2,1,0,0
Y260527175543,9,5,2,3,4,5,1,0,0
Y260527211408,8,5,1,1,5,3,0,0,0
Y260527245307,6,4,2,1,3,3,1,0,0
Y260527290118,10,6,1,2,6,4,0,0,0
Y260527302366,12,13,3,4,11,1,2,0,0
Y260527305322,11,9,1,1,9,2,0,0,0
Y260527500525,5,6,0,0,4,1,2,0,0
Y260527672193,8,4,1,1,4,4,0,0,0
Y260527684516,11,7,3,4,7,4,0,0,0
Y260527975502,6,5,0,0,4,2,1,0,0
Y260528135612,6,7,2,1,5,1,2,0,0
Y260528167398,11,5,1,2,5,6,0,0,0
Y260528334411,9,5,2,3,5,4,0,0,0
Y260528379216,6,4,0,1,4,2,0,0,0
Y260528419384,20,12,3,1,5,15,7,0,0
Y260528502549,23,14,5,6,11,12,3,1,1
Y260528516317,5,4,0,0,3,2,1,0,0
Y260528522401,8,4,2,1,4,4,0,0,0
Y260528649612,14,16,3,4,13,1,3,0,0
Y260528746709,19,15,4,3,13,6,2,0,0
Y260528797752,11,9,2,1,7,4,2,0,0
Y260528846285,5,2,0,0,2,3,0,0,0
Y260528880595,13,14,3,4,11,2,3,0,0
Y260528883154,4,7,1,0,4,0,3,0,0
Y260528962839,3,6,2,4,3,0,3,0,0
Y260528982116,13,9,2,2,8,5,1,0,0
Y260603573343,1,3,0,0,1,0,2,1,3
Y260603924330,2,3,0,0,1,1,2,2,3
Y260604042595,7,5,3,3,5,2,0,0,0
Y260604170543,11,8,2,4,8,3,0,0,0
Y260604220590,3,2,0,0,2,1,0,3,2
Y260604490928,16,9,5,3,7,9,2,0,0
Y260604496369,10,8,1,2,5,5,3,0,0
Y260604525447,13,9,4,2,8,5,1,0,0
Y260604789255,7,4,0,0,4,3,0,0,0
Y260604797370,7,5,0,0,5,2,0,0,0
Y260604949678,26,20,0,0,20,6,0,3,2
Y260605014968,4,4,3,1,3,1,1,0,0
Y260605093692,19,17,4,6,15,4,2,0,0
Y260605240451,16,9,2,4,6,10,3,0,0
Y260605246654,8,5,1,2,4,4,1,0,0
Y260605261163,11,10,3,3,7,4,3,0,0
Y260605265858,7,6,2,2,6,1,0,0,0
Y260605317687,17,10,3,4,10,7,0,0,0
Y260605323632,94,28,6,8,28,66,0,1,1
Y260605359600,11,6,1,1,5,6,1,0,0
Y260605427379,13,9,5,3,7,6,2,1,1
Y260605527812,73,24,3,6,23,50,1,0,0
Y260605532646,13,14,4,6,10,3,4,0,0
Y260605608808,10,13,2,0,8,2,5,0,0
Y260605626074,12,6,2,0,4,8,2,0,0
Y260605637183,28,12,4,4,11,17,1,0,1
Y260605657459,16,7,3,3,7,9,0,0,0
Y260605755353,15,2,4,2,2,13,0,0,0
Y260605758294,6,5,3,2,5,1,0,0,0
Y260605779601,0,2,0,0,0,0,2,0,0
Y260605788296,10,6,1,3,6,4,0,0,0
Y260605847038,13,6,4,2,6,7,0,0,0
Y260605851316,20,9,4,5,9,11,0,0,0
Y260605897340,19,8,3,3,7,12,1,1,1
Y260605898637,9,9,3,2,6,3,3,0,0
Y260605904671,64,13,7,7,13,51,0,0,0
Y260605908648,9,8,2,2,7,2,1,0,0
Y260605941925,13,10,4,4,8,5,2,1,1
Y260606005011,14,8,1,2,8,6,0,1,1
Y260606083111,10,7,2,3,5,5,2,0,0
Y260606093746,11,2,0,1,2,9,0,0,0
Y260606282308,0,0,0,0,0,0,0,0,0
Y260606288475,6,7,0,0,6,0,1,0,0
Y260606296356,2,1,0,0,1,1,0,0,0
Y260606333627,5,4,1,1,4,1,0,0,0
Y260606336804,16,13,1,2,12,4,1,0,0
Y260606466042,8,6,0,0,6,2,0,0,0
Y260606522126,11,9,2,3,8,3,1,0,0
Y260606560657,9,5,1,2,5,4,0,0,0
Y260606560788,20,19,0,0,19,1,0,1,1
Y260606571315,16,12,3,3,10,6,2,0,0
Y260606671780,0,0,0,0,0,0,0,0,0
Y260606675550,8,7,1,1,7,1,0,0,0
Y260606708361,6,7,0,0,5,1,2,0,0
Y260606769844,9,7,1,0,7,2,0,1,1
Y260606889209,11,10,1,1,10,1,0,0,0
Y260606913467,8,4,1,1,3,5,1,0,0
Y260606977382,9,5,0,2,4,5,1,0,0
Y260606991072,18,19,5,4,14,4,5,0,0
Y260606997659,12,11,3,2,6,6,5,0,0
Y260607029200,8,8,0,1,5,3,3,0,0
Y260607096480,7,6,0,0,5,2,1,0,0
Y260607097414,6,5,2,1,5,1,0,1,0
Y260607241931,5,6,0,1,5,0,1,0,0
Y260607262097,12,13,3,4,9,3,4,0,0
Y260607262239,2,4,1,0,2,0,2,0,0
Y260607276431,13,11,2,1,8,5,3,0,0
Y260607346097,8,4,0,1,4,4,0,0,0
Y260607455827,6,7,0,0,6,0,1,0,0
Y260607480111,7,7,1,1,6,1,1,0,0
Y260607504310,14,9,1,2,6,8,3,0,0
Y260607531541,2,2,1,0,2,0,0,0,0
Y260607538735,7,3,0,1,2,5,1,0,0
Y260607553641,3,3,1,1,3,0,0,1,1
Y260607594655,8,7,2,2,6,2,1,0,0
Y260607637424,2,3,1,1,2,0,1,0,0
Y260607669080,8,9,1,1,7,1,2,1,1
Y260607740184,12,6,2,3,5,7,1,0,0
Y260607745618,9,7,1,0,6,3,1,0,0
Y260607769232,10,8,1,1,8,2,0,0,0
Y260607790480,9,7,1,1,6,3,1,0,0
Y260607893384,7,6,1,1,4,3,2,0,0
Y260607916925,6,7,1,1,6,0,1,0,0
Y260607994798,9,5,1,0,4,5,1,0,0
Y260608075785,6,8,1,0,5,1,3,0,0
Y260608099128,15,23,3,9,13,2,10,1,1
Y260608125300,8,3,1,1,2,6,1,0,0
Y260608142091,11,6,0,1,6,5,0,0,0
Y260608164063,5,3,0,1,3,2,0,0,0
Y260608266229,7,7,0,0,6,1,1,0,0
Y260608291454,7,10,0,0,7,0,3,0,0
Y260608377658,3,4,0,0,3,0,1,0,0
Y260608403313,6,6,0,1,5,1,1,1,1
Y260608488105,1,1,1,1,1,0,0,0,0
Y260608529346,13,11,2,5,8,5,3,2,2
Y260608565668,11,9,1,2,8,3,1,0,0
Y260608616049,7,9,4,4,7,0,2,0,0
Y260608623659,8,7,1,1,7,1,0,0,0
Y260608657853,4,4,0,0,3,1,1,0,0
Y260608678266,8,9,0,0,7,1,2,2,2
Y260608682312,6,5,0,0,5,1,0,0,0
Y260608706262,10,6,1,0,3,7,3,1,1
Y260608709266,11,9,2,3,7,4,2,0,0
Y260608733530,12,6,0,1,6,6,0,0,0
Y260608761401,1,1,0,0,1,0,0,0,0
Y260608843899,9,7,1,1,6,3,1,0,0
Y260608884883,3,3,0,0,2,1,1,0,0
Y260608918180,10,4,1,1,4,6,0,0,0
Y260608945517,6,4,0,0,4,2,0,0,0
Y260609018078,5,6,1,1,5,0,1,0,0
Y260609052408,8,6,2,2,6,2,0,0,0
Y260609476885,3,3,0,0,2,1,1,0,0
Y260609623875,8,5,1,1,5,3,0,0,0
Y260609703630,23,22,2,2,22,1,0,2,2
Y260609717052,11,5,0,1,5,6,0,0,0
Y260609748371,7,4,0,1,4,3,0,0,0
Y260609813780,7,5,0,1,5,2,0,0,0
Y260609855651,13,3,0,1,2,11,1,0,0
Y260609908222,7,5,0,1,4,3,1,0,0
Y260609912251,8,6,0,1,4,4,2,0,0
Y260609966786,4,4,1,1,3,1,1,0,0
Y260717663283,4,3,0,0,3,1,0,3,2
Y260720151871,12,10,4,4,10,2,0,7,5
Y260721823486,4,3,0,0,3,1,0,3,2
Y260722070784,8,9,2,3,7,1,2,4,5
Y260722120070,6,5,2,4,4,2,1,6,5
Y260722184816,10,13,4,5,9,1,4,7,10
Y260722216807,17,19,4,8,15,2,4,0,0
Y260722223365,9,10,3,3,9,0,1,4,4
Y260722366933,10,7,1,2,6,4,1,7,4
Y260722381832,11,12,2,3,11,0,1,4,5
Y260722451508,11,10,1,4,6,5,4,6,3
Y260722511429,11,10,1,2,10,1,0,6,5
Y260722543147,6,7,1,2,6,0,1,3,4
Y260722559441,12,9,3,4,8,4,1,7,3
Y260722676598,6,7,2,1,5,1,2,2,4
Y260722695350,14,10,4,5,10,4,0,9,5
Y260722762289,15,8,5,4,8,7,0,10,3
Y260722812466,13,14,4,6,8,5,6,9,7
Y260722953167,21,13,5,6,12,9,1,7,4
Y260722981513,6,7,4,4,6,0,1,0,0
Y260723090200,11,8,7,3,7,4,1,7,4
Y260723161468,15,10,6,6,10,5,0,9,4
Y260723254745,17,13,4,5,11,6,2,9,5
Y260723428013,11,9,7,5,9,2,0,8,6
Y260723524166,14,14,6,6,12,2,2,8,8
Y260723530511,8,8,3,3,8,0,0,3,3
Y260723588346,17,10,7,5,10,7,0,9,5
Y260723747795,8,6,3,2,6,2,0,4,3
Y260723787976,7,9,1,1,6,1,3,0,0
Y260723825953,15,10,6,7,10,5,0,8,4
Y260723831516,17,15,5,6,13,4,2,9,6
Y260723844522,16,12,4,6,9,7,3,9,3
Y260723926411,13,11,4,4,10,3,1,5,5
Y260723926856,6,6,1,0,3,3,3,3,4
Y260723987911,15,11,7,7,11,4,0,7,3
Y260801139336,7,5,0,0,5,2,0,4,2
Y260801146525,6,6,0,0,6,0,0,2,2
Y260801176898,4,5,0,0,4,0,1,1,2
Y260801264318,12,13,4,4,11,1,2,5,5
Y260801304536,1,2,1,2,1,0,1,0,0
Y260801308499,6,6,1,1,5,1,1,3,3
Y260801502766,12,10,4,3,9,3,1,4,2
Y260801598755,20,16,4,7,14,6,2,8,7
Y260801782801,19,18,4,6,15,4,3,8,7
Y260801786154,9,6,4,4,6,3,0,7,4
Y260801881237,5,4,0,0,4,1,0,3,2
Y260802791836,8,10,2,3,8,0,2,4,5
Y260802864497,9,9,2,3,8,1,1,3,2
Y260806044816,2,3,0,0,2,0,1,2,2
Y260812089719,7,8,3,3,6,1,2,3,3
Y260812161840,9,3,2,2,3,6,0,8,2
Y260812218905,5,7,1,4,3,2,4,5,7
Y260812275754,7,7,0,0,7,0,0,3,3
Y260812337371,10,8,2,3,7,3,1,5,2
Y260812465919,11,11,4,4,8,3,3,5,2
Y260812478542,10,10,4,4,6,4,4,6,2
Y260812528065,22,16,3,3,11,11,5,2,4
Y260812664667,7,7,3,4,5,2,2,4,3
Y260812682420,5,6,1,0,2,3,4,4,2
Y260812689853,10,9,3,2,8,2,1,5,5
Y260812744221,8,10,2,3,5,3,5,5,3
Y260812761280,13,9,3,4,7,6,2,7,2
Y260812921170,11,7,4,3,5,6,2,7,2
Y260812977692,14,6,3,1,3,11,3,7,2
Y260813156727,5,3,1,2,3,2,0,3,2
Y260813340370,10,6,2,3,5,5,1,6,2
Y260813374255,13,5,3,3,5,8,0,6,2
Y260813383777,13,9,4,4,9,4,0,4,2
Y260813487883,6,8,2,3,5,1,3,3,3
Y260813497482,5,4,2,0,3,2,1,3,3
Y260813569466,10,9,2,3,6,4,3,6,3
Y260813593361,8,7,3,4,6,2,1,4,2
Y260813793752,9,9,3,1,6,3,3,3,4
Y260813981159,5,4,2,2,4,1,0,0,0
Y260815070330,5,5,0,0,3,2,2,3,3
Y260815135478,2,3,1,1,2,0,1,1,2
Y260815312401,4,6,1,1,3,1,3,3,3
Y260815395841,4,3,0,0,3,1,0,3,2
Y260815439610,16,9,4,2,9,7,0,3,3
Y260815456927,3,6,0,0,3,0,3,3,6
Y260815470328,4,6,0,0,3,1,3,3,4
Y260815483838,13,9,3,2,6,7,3,0,1
Y260815544750,7,8,1,1,6,1,2,1,1
Y260815585546,5,4,1,1,4,1,0,3,2
Y260815609369,8,7,4,4,7,1,0,5,4
Y260815662934,4,4,1,1,3,1,1,3,3
Y260815664137,12,11,4,4,10,2,1,7,6
Y260815741600,10,10,3,3,9,1,1,7,8
Y260815754370,3,5,0,0,3,0,2,2,3
Y260815781299,5,7,2,3,5,0,2,3,4
Y260815929079,3,4,0,0,3,0,1,3,4
Y260815961848,6,6,0,0,5,1,1,6,6
Y260815973865,13,10,3,1,10,3,0,9,6
Y260815984581,5,4,0,0,4,1,0,1,1
Y260815991417,5,8,1,1,5,0,3,3,5
Y260816009197,11,13,3,3,11,0,2,2,2
Y260816017512,11,11,4,2,10,1,1,0,0
Y260816020940,8,7,1,1,7,1,0,5,4
Y260816063045,11,8,1,0,8,3,0,7,4
Y260816065984,5,5,0,0,5,0,0,0,0
Y260816073145,7,8,1,1,5,2,3,3,3
Y260816076031,3,5,1,1,3,0,2,2,4
Y260816087346,3,3,2,1,2,1,1,1,2
Y260816109043,15,12,4,4,10,5,2,4,2
Y260816110928,26,19,8,4,15,11,4,0,0
Y260816140201,15,13,4,4,10,5,3,10,9
Y260816147055,11,11,4,5,8,3,3,5,3
Y260816161323,9,7,1,2,6,3,1,6,3
Y260816161901,25,16,10,7,13,12,3,2,4
Y260816163384,6,4,0,1,4,2,0,5,3
Y260816209360,7,8,2,2,6,1,2,5,4
Y260816213691,29,22,10,7,19,10,3,5,5
Y260816252252,3,5,0,0,3,0,2,2,4
Y260816253018,13,9,0,2,6,7,3,4,2
Y260816253267,5,3,0,0,3,2,0,4,2
Y260816281363,14,15,2,3,11,3,4,10,10
Y260816294899,5,3,0,1,2,3,1,5,3
Y260816296471,7,7,1,0,6,1,1,2,2
Y260816299648,7,5,1,2,4,3,1,6,4
Y260816319540,1,1,1,1,1,0,0,0,0
Y260816337640,3,5,1,0,3,0,2,2,4
Y260816396780,4,3,0,0,3,1,0,3,2
Y260816402775,3,6,0,0,3,0,3,2,4
Y260816409441,8,4,0,1,4,4,0,6,3
Y260816464559,6,5,1,2,4,2,1,0,1
Y260816464717,6,5,1,1,5,1,0,5,4
Y260816477530,6,6,0,0,6,0,0,5,5
Y260816503875,18,14,6,4,13,5,1,13,10
Y260816518593,21,19,5,4,13,8,6,14,9
Y260816519470,1,1,1,1,1,0,0,0,0
Y260816534877,7,7,0,1,6,1,1,5,5
Y260816535799,3,2,0,0,2,1,0,3,2
Y260816568261,16,15,5,3,12,4,3,12,10
Y260816570770,6,8,4,0,5,1,3,0,0
Y260816580756,6,4,0,0,4,2,0,1,1
Y260816582456,16,10,2,4,9,7,1,10,8
Y260816616234,5,5,1,1,4,1,1,5,5
Y260816616267,2,1,2,1,1,1,0,0,0
Y260816617133,8,8,2,2,6,2,2,6,5
Y260816634765,6,6,1,1,6,0,0,0,0
Y260816638440,12,8,3,3,8,4,0,9,5
Y260816648234,3,4,1,1,3,0,1,1,2
Y260816664329,6,7,4,4,5,1,2,5,5
Y260816685089,8,6,0,1,5,3,1,7,4
Y260816687020,5,3,0,0,3,2,0,5,3
Y260816697952,23,7,3,4,7,16,0,1,1
Y260816711191,14,17,6,2,12,2,5,4,4
Y260816712865,6,8,1,1,5,1,3,3,2
Y260816716814,8,8,1,1,7,1,1,1,1
Y260816732655,3,2,0,0,2,1,0,3,2
Y260816769543,8,12,1,0,8,0,4,2,2
Y260816793874,3,4,1,1,2,1,2,1,3
Y260816796784,5,4,1,1,4,1,0,3,2
Y260816806443,9,5,0,1,5,4,0,8,4
Y260816809666,1,1,0,0,1,0,0,1,1
Y260816811358,4,3,0,0,3,1,0,3,2
Y260816813454,16,11,4,4,10,6,1,11,7
Y260816816879,5,7,0,1,5,0,2,3,5
Y260816820934,10,6,1,1,5,5,1,0,0
Y260816836026,75,46,21,21,33,42,13,1,1
Y260816842564,7,7,1,2,6,1,1,2,3
Y260816844775,3,3,0,0,3,0,0,3,3
Y260816872342,6,6,0,0,5,1,1,4,3
Y260816876289,12,11,4,3,10,2,1,6,6
Y260816887288,2,3,1,1,2,0,1,1,2
Y260816889187,3,4,0,0,3,0,1,2,2
Y260816925002,7,8,0,0,7,0,1,3,3
Y260816950001,5,7,2,2,4,1,3,3,2
Y260816957311,8,6,0,0,6,2,0,0,0
Y260816970490,8,7,4,3,6,2,1,2,2
Y260816978825,3,3,0,0,3,0,0,3,3
Y260816983690,13,10,6,5,8,5,2,8,6
Y260816986815,10,17,5,3,10,0,7,6,9
Y260816989770,8,6,2,0,3,5,3,1,3
Y260816994701,11,14,3,2,10,1,4,8,11
Y260818021067,15,11,6,7,8,7,3,1,1
Y260818034695,11,11,4,1,8,3,3,1,1
Y260818054275,20,22,4,5,14,6,8,3,2
Y260818100529,13,14,7,6,8,5,6,9,10
Y260818119182,14,10,7,5,10,4,0,1,1
Y260818123951,18,10,8,10,9,9,1,6,2
Y260818184599,14,12,6,6,11,3,1,4,2
Y260818186023,22,19,8,6,17,5,2,0,0
Y260818196534,13,12,7,7,12,1,0,1,1
Y260818308072,11,9,4,6,8,3,1,3,3
Y260818392671,16,15,6,7,13,3,2,5,5
Y260818427765,28,16,6,7,14,14,2,4,1
Y260818435294,19,13,7,9,11,8,2,6,2
Y260818450159,16,10,5,5,8,8,2,0,1
Y260818477505,12,10,5,4,8,4,2,4,2
Y260818483106,17,11,8,7,10,7,1,1,1
Y260818521707,12,12,3,4,7,5,5,4,2
Y260818597013,18,17,7,7,15,3,2,6,6
Y260818608052,15,12,4,4,11,4,1,1,1
Y260818635233,16,13,6,6,12,4,1,5,5
Y260818636489,15,15,3,6,11,4,4,4,2
Y260818643574,9,9,6,3,8,1,1,1,1
Y260818652725,8,9,5,5,8,0,1,0,0
Y260818661203,19,16,7,7,15,4,1,4,1
Y260818742277,13,14,3,3,11,2,3,11,11
Y260818868536,19,13,5,5,12,7,1,1,1
Y260818870491,13,15,6,6,10,3,5,10,11
Y260818891275,16,11,9,7,11,5,0,8,5
Y260818901620,15,11,7,6,9,6,2,1,1
Y260818902290,19,17,8,10,16,3,1,1,1
Y260818932593,12,10,3,2,9,3,1,3,2
Y260818953386,29,18,7,8,17,12,1,8,2
